2026-07-15 23:38:51,976 INFO oss_ai_worker: Worker started. bucket=esp32-chess-assistant device_ids=chess-441BF6C3F8D0,esp32-8B2D54,esp32-C3F8D0 discover_devices=True region=cn-hangzhou
2026-07-15 23:38:52,128 ERROR oss_ai_worker: Device discovery failed
urllib3.exceptions.SSLError: EOF occurred in violation of protocol (_ssl.c:1002)

The above exception was the direct cause of the following exception:

Traceback (most recent call last):
  File "G:\1_Personal_File\chessAssistant\gitHub_Code\ChessAssistantCode\cloud\local_oss_ai_worker\.venv\Lib\site-packages\requests\adapters.py", line 696, in send
    resp = conn.urlopen(
           ^^^^^^^^^^^^^
  File "G:\1_Personal_File\chessAssistant\gitHub_Code\ChessAssistantCode\cloud\local_oss_ai_worker\.venv\Lib\site-packages\urllib3\connectionpool.py", line 842, in urlopen
    retries = retries.increment(
              ^^^^^^^^^^^^^^^^^^
  File "G:\1_Personal_File\chessAssistant\gitHub_Code\ChessAssistantCode\cloud\local_oss_ai_worker\.venv\Lib\site-packages\urllib3\util\retry.py", line 543, in increment
    raise MaxRetryError(_pool, url, reason) from reason  # type: ignore[arg-type]
    ^^^^^^^^^^^^^^^^^^^^^^^^^^^^^^^^^^^^^^^^^^^^^^^^^^^
urllib3.exceptions.MaxRetryError: HTTPSConnectionPool(host='esp32-chess-assistant.oss-cn-hangzhou.aliyuncs.com', port=443): Max retries exceeded with url: /?prefix=devices%2F&delimiter=&marker=&max-keys=100&encoding-type=url (Caused by SSLError(SSLEOFError(8, 'EOF occurred in violation of protocol (_ssl.c:1002)')))

During handling of the above exception, another exception occurred:

Traceback (most recent call last):
  File "G:\1_Personal_File\chessAssistant\gitHub_Code\ChessAssistantCode\cloud\local_oss_ai_worker\.venv\Lib\site-packages\oss2\http.py", line 47, in do_request
    return Response(self.session.request(req.method, req.url,
                    ^^^^^^^^^^^^^^^^^^^^^^^^^^^^^^^^^^^^^^^^^
  File "G:\1_Personal_File\chessAssistant\gitHub_Code\ChessAssistantCode\cloud\local_oss_ai_worker\.venv\Lib\site-packages\requests\sessions.py", line 651, in request
    resp = self.send(prep, **send_kwargs)
           ^^^^^^^^^^^^^^^^^^^^^^^^^^^^^^
  File "G:\1_Personal_File\chessAssistant\gitHub_Code\ChessAssistantCode\cloud\local_oss_ai_worker\.venv\Lib\site-packages\requests\sessions.py", line 784, in send
    r = adapter.send(request, **kwargs)
        ^^^^^^^^^^^^^^^^^^^^^^^^^^^^^^^
  File "G:\1_Personal_File\chessAssistant\gitHub_Code\ChessAssistantCode\cloud\local_oss_ai_worker\.venv\Lib\site-packages\requests\adapters.py", line 727, in send
    raise SSLError(e, request=request)
requests.exceptions.SSLError: HTTPSConnectionPool(host='esp32-chess-assistant.oss-cn-hangzhou.aliyuncs.com', port=443): Max retries exceeded with url: /?prefix=devices%2F&delimiter=&marker=&max-keys=100&encoding-type=url (Caused by SSLError(SSLEOFError(8, 'EOF occurred in violation of protocol (_ssl.c:1002)')))

During handling of the above exception, another exception occurred:

Traceback (most recent call last):
  File "G:\1_Personal_File\chessAssistant\gitHub_Code\ChessAssistantCode\cloud\local_oss_ai_worker\worker.py", line 742, in main
    discovered_device_ids = discover_device_ids(bucket)
                            ^^^^^^^^^^^^^^^^^^^^^^^^^^^
  File "G:\1_Personal_File\chessAssistant\gitHub_Code\ChessAssistantCode\cloud\local_oss_ai_worker\worker.py", line 256, in discover_device_ids
    for obj in oss2.ObjectIterator(bucket, prefix="devices/"):
  File "G:\1_Personal_File\chessAssistant\gitHub_Code\ChessAssistantCode\cloud\local_oss_ai_worker\.venv\Lib\site-packages\oss2\iterators.py", line 40, in __next__
    self.fetch_with_retry()
  File "G:\1_Personal_File\chessAssistant\gitHub_Code\ChessAssistantCode\cloud\local_oss_ai_worker\.venv\Lib\site-packages\oss2\iterators.py", line 48, in fetch_with_retry
    self.is_truncated, self.next_marker = self._fetch()
                                          ^^^^^^^^^^^^^
  File "G:\1_Personal_File\chessAssistant\gitHub_Code\ChessAssistantCode\cloud\local_oss_ai_worker\.venv\Lib\site-packages\oss2\iterators.py", line 109, in _fetch
    result = self.bucket.list_objects(prefix=self.prefix,
             ^^^^^^^^^^^^^^^^^^^^^^^^^^^^^^^^^^^^^^^^^^^^
  File "G:\1_Personal_File\chessAssistant\gitHub_Code\ChessAssistantCode\cloud\local_oss_ai_worker\.venv\Lib\site-packages\oss2\api.py", line 783, in list_objects
    resp = self.__do_bucket('GET',
           ^^^^^^^^^^^^^^^^^^^^^^^
  File "G:\1_Personal_File\chessAssistant\gitHub_Code\ChessAssistantCode\cloud\local_oss_ai_worker\.venv\Lib\site-packages\oss2\api.py", line 3395, in __do_bucket
    return self._do(method, self.bucket_name, '', **kwargs)
           ^^^^^^^^^^^^^^^^^^^^^^^^^^^^^^^^^^^^^^^^^^^^^^^^
  File "G:\1_Personal_File\chessAssistant\gitHub_Code\ChessAssistantCode\cloud\local_oss_ai_worker\.venv\Lib\site-packages\oss2\api.py", line 237, in _do
    resp = self.session.do_request(req, timeout=self.timeout)
           ^^^^^^^^^^^^^^^^^^^^^^^^^^^^^^^^^^^^^^^^^^^^^^^^^^
  File "G:\1_Personal_File\chessAssistant\gitHub_Code\ChessAssistantCode\cloud\local_oss_ai_worker\.venv\Lib\site-packages\oss2\http.py", line 55, in do_request
    raise RequestError(e)
oss2.exceptions.RequestError: {'status': -2, 'x-oss-request-id': '', 'details': "RequestError: HTTPSConnectionPool(host='esp32-chess-assistant.oss-cn-hangzhou.aliyuncs.com', port=443): Max retries exceeded with url: /?prefix=devices%2F&delimiter=&marker=&max-keys=100&encoding-type=url (Caused by SSLError(SSLEOFError(8, 'EOF occurred in violation of protocol (_ssl.c:1002)')))"}
2026-07-15 23:38:52,248 ERROR oss_ai_worker: Worker iteration failed for device_id=chess-441BF6C3F8D0
urllib3.exceptions.SSLError: EOF occurred in violation of protocol (_ssl.c:1002)

The above exception was the direct cause of the following exception:

Traceback (most recent call last):
  File "G:\1_Personal_File\chessAssistant\gitHub_Code\ChessAssistantCode\cloud\local_oss_ai_worker\.venv\Lib\site-packages\requests\adapters.py", line 696, in send
    resp = conn.urlopen(
           ^^^^^^^^^^^^^
  File "G:\1_Personal_File\chessAssistant\gitHub_Code\ChessAssistantCode\cloud\local_oss_ai_worker\.venv\Lib\site-packages\urllib3\connectionpool.py", line 842, in urlopen
    retries = retries.increment(
              ^^^^^^^^^^^^^^^^^^
  File "G:\1_Personal_File\chessAssistant\gitHub_Code\ChessAssistantCode\cloud\local_oss_ai_worker\.venv\Lib\site-packages\urllib3\util\retry.py", line 543, in increment
    raise MaxRetryError(_pool, url, reason) from reason  # type: ignore[arg-type]
    ^^^^^^^^^^^^^^^^^^^^^^^^^^^^^^^^^^^^^^^^^^^^^^^^^^^
urllib3.exceptions.MaxRetryError: HTTPSConnectionPool(host='esp32-chess-assistant.oss-cn-hangzhou.aliyuncs.com', port=443): Max retries exceeded with url: /devices%2Fchess-441BF6C3F8D0%2Frequests%2Flatest.json (Caused by SSLError(SSLEOFError(8, 'EOF occurred in violation of protocol (_ssl.c:1002)')))

During handling of the above exception, another exception occurred:

Traceback (most recent call last):
  File "G:\1_Personal_File\chessAssistant\gitHub_Code\ChessAssistantCode\cloud\local_oss_ai_worker\.venv\Lib\site-packages\oss2\http.py", line 47, in do_request
    return Response(self.session.request(req.method, req.url,
                    ^^^^^^^^^^^^^^^^^^^^^^^^^^^^^^^^^^^^^^^^^
  File "G:\1_Personal_File\chessAssistant\gitHub_Code\ChessAssistantCode\cloud\local_oss_ai_worker\.venv\Lib\site-packages\requests\sessions.py", line 651, in request
    resp = self.send(prep, **send_kwargs)
           ^^^^^^^^^^^^^^^^^^^^^^^^^^^^^^
  File "G:\1_Personal_File\chessAssistant\gitHub_Code\ChessAssistantCode\cloud\local_oss_ai_worker\.venv\Lib\site-packages\requests\sessions.py", line 784, in send
    r = adapter.send(request, **kwargs)
        ^^^^^^^^^^^^^^^^^^^^^^^^^^^^^^^
  File "G:\1_Personal_File\chessAssistant\gitHub_Code\ChessAssistantCode\cloud\local_oss_ai_worker\.venv\Lib\site-packages\requests\adapters.py", line 727, in send
    raise SSLError(e, request=request)
requests.exceptions.SSLError: HTTPSConnectionPool(host='esp32-chess-assistant.oss-cn-hangzhou.aliyuncs.com', port=443): Max retries exceeded with url: /devices%2Fchess-441BF6C3F8D0%2Frequests%2Flatest.json (Caused by SSLError(SSLEOFError(8, 'EOF occurred in violation of protocol (_ssl.c:1002)')))

During handling of the above exception, another exception occurred:

Traceback (most recent call last):
  File "G:\1_Personal_File\chessAssistant\gitHub_Code\ChessAssistantCode\cloud\local_oss_ai_worker\worker.py", line 761, in main
    processed = process_one(bucket, args, state, device_id)
                ^^^^^^^^^^^^^^^^^^^^^^^^^^^^^^^^^^^^^^^^^^^
  File "G:\1_Personal_File\chessAssistant\gitHub_Code\ChessAssistantCode\cloud\local_oss_ai_worker\worker.py", line 644, in process_one
    manifest_key, manifest = read_manifest(bucket, device_id)
                             ^^^^^^^^^^^^^^^^^^^^^^^^^^^^^^^^
  File "G:\1_Personal_File\chessAssistant\gitHub_Code\ChessAssistantCode\cloud\local_oss_ai_worker\worker.py", line 597, in read_manifest
    body = bucket.get_object(manifest_key).read()
           ^^^^^^^^^^^^^^^^^^^^^^^^^^^^^^^
  File "G:\1_Personal_File\chessAssistant\gitHub_Code\ChessAssistantCode\cloud\local_oss_ai_worker\.venv\Lib\site-packages\oss2\api.py", line 1023, in get_object
    resp = self.__do_object('GET', key, headers=headers, params=params)
           ^^^^^^^^^^^^^^^^^^^^^^^^^^^^^^^^^^^^^^^^^^^^^^^^^^^^^^^^^^^^
  File "G:\1_Personal_File\chessAssistant\gitHub_Code\ChessAssistantCode\cloud\local_oss_ai_worker\.venv\Lib\site-packages\oss2\api.py", line 3392, in __do_object
    return self._do(method, self.bucket_name, key, **kwargs)
           ^^^^^^^^^^^^^^^^^^^^^^^^^^^^^^^^^^^^^^^^^^^^^^^^^
  File "G:\1_Personal_File\chessAssistant\gitHub_Code\ChessAssistantCode\cloud\local_oss_ai_worker\.venv\Lib\site-packages\oss2\api.py", line 237, in _do
    resp = self.session.do_request(req, timeout=self.timeout)
           ^^^^^^^^^^^^^^^^^^^^^^^^^^^^^^^^^^^^^^^^^^^^^^^^^^
  File "G:\1_Personal_File\chessAssistant\gitHub_Code\ChessAssistantCode\cloud\local_oss_ai_worker\.venv\Lib\site-packages\oss2\http.py", line 55, in do_request
    raise RequestError(e)
oss2.exceptions.RequestError: {'status': -2, 'x-oss-request-id': '', 'details': "RequestError: HTTPSConnectionPool(host='esp32-chess-assistant.oss-cn-hangzhou.aliyuncs.com', port=443): Max retries exceeded with url: /devices%2Fchess-441BF6C3F8D0%2Frequests%2Flatest.json (Caused by SSLError(SSLEOFError(8, 'EOF occurred in violation of protocol (_ssl.c:1002)')))"}
2026-07-15 23:38:52,398 ERROR oss_ai_worker: Worker iteration failed for device_id=esp32-8B2D54
urllib3.exceptions.SSLError: EOF occurred in violation of protocol (_ssl.c:1002)

The above exception was the direct cause of the following exception:

Traceback (most recent call last):
  File "G:\1_Personal_File\chessAssistant\gitHub_Code\ChessAssistantCode\cloud\local_oss_ai_worker\.venv\Lib\site-packages\requests\adapters.py", line 696, in send
    resp = conn.urlopen(
           ^^^^^^^^^^^^^
  File "G:\1_Personal_File\chessAssistant\gitHub_Code\ChessAssistantCode\cloud\local_oss_ai_worker\.venv\Lib\site-packages\urllib3\connectionpool.py", line 842, in urlopen
    retries = retries.increment(
              ^^^^^^^^^^^^^^^^^^
  File "G:\1_Personal_File\chessAssistant\gitHub_Code\ChessAssistantCode\cloud\local_oss_ai_worker\.venv\Lib\site-packages\urllib3\util\retry.py", line 543, in increment
    raise MaxRetryError(_pool, url, reason) from reason  # type: ignore[arg-type]
    ^^^^^^^^^^^^^^^^^^^^^^^^^^^^^^^^^^^^^^^^^^^^^^^^^^^
urllib3.exceptions.MaxRetryError: HTTPSConnectionPool(host='esp32-chess-assistant.oss-cn-hangzhou.aliyuncs.com', port=443): Max retries exceeded with url: /devices%2Fesp32-8B2D54%2Frequests%2Flatest.json (Caused by SSLError(SSLEOFError(8, 'EOF occurred in violation of protocol (_ssl.c:1002)')))

During handling of the above exception, another exception occurred:

Traceback (most recent call last):
  File "G:\1_Personal_File\chessAssistant\gitHub_Code\ChessAssistantCode\cloud\local_oss_ai_worker\.venv\Lib\site-packages\oss2\http.py", line 47, in do_request
    return Response(self.session.request(req.method, req.url,
                    ^^^^^^^^^^^^^^^^^^^^^^^^^^^^^^^^^^^^^^^^^
  File "G:\1_Personal_File\chessAssistant\gitHub_Code\ChessAssistantCode\cloud\local_oss_ai_worker\.venv\Lib\site-packages\requests\sessions.py", line 651, in request
    resp = self.send(prep, **send_kwargs)
           ^^^^^^^^^^^^^^^^^^^^^^^^^^^^^^
  File "G:\1_Personal_File\chessAssistant\gitHub_Code\ChessAssistantCode\cloud\local_oss_ai_worker\.venv\Lib\site-packages\requests\sessions.py", line 784, in send
    r = adapter.send(request, **kwargs)
        ^^^^^^^^^^^^^^^^^^^^^^^^^^^^^^^
  File "G:\1_Personal_File\chessAssistant\gitHub_Code\ChessAssistantCode\cloud\local_oss_ai_worker\.venv\Lib\site-packages\requests\adapters.py", line 727, in send
    raise SSLError(e, request=request)
requests.exceptions.SSLError: HTTPSConnectionPool(host='esp32-chess-assistant.oss-cn-hangzhou.aliyuncs.com', port=443): Max retries exceeded with url: /devices%2Fesp32-8B2D54%2Frequests%2Flatest.json (Caused by SSLError(SSLEOFError(8, 'EOF occurred in violation of protocol (_ssl.c:1002)')))

During handling of the above exception, another exception occurred:

Traceback (most recent call last):
  File "G:\1_Personal_File\chessAssistant\gitHub_Code\ChessAssistantCode\cloud\local_oss_ai_worker\worker.py", line 761, in main
    processed = process_one(bucket, args, state, device_id)
                ^^^^^^^^^^^^^^^^^^^^^^^^^^^^^^^^^^^^^^^^^^^
  File "G:\1_Personal_File\chessAssistant\gitHub_Code\ChessAssistantCode\cloud\local_oss_ai_worker\worker.py", line 644, in process_one
    manifest_key, manifest = read_manifest(bucket, device_id)
                             ^^^^^^^^^^^^^^^^^^^^^^^^^^^^^^^^
  File "G:\1_Personal_File\chessAssistant\gitHub_Code\ChessAssistantCode\cloud\local_oss_ai_worker\worker.py", line 597, in read_manifest
    body = bucket.get_object(manifest_key).read()
           ^^^^^^^^^^^^^^^^^^^^^^^^^^^^^^^
  File "G:\1_Personal_File\chessAssistant\gitHub_Code\ChessAssistantCode\cloud\local_oss_ai_worker\.venv\Lib\site-packages\oss2\api.py", line 1023, in get_object
    resp = self.__do_object('GET', key, headers=headers, params=params)
           ^^^^^^^^^^^^^^^^^^^^^^^^^^^^^^^^^^^^^^^^^^^^^^^^^^^^^^^^^^^^
  File "G:\1_Personal_File\chessAssistant\gitHub_Code\ChessAssistantCode\cloud\local_oss_ai_worker\.venv\Lib\site-packages\oss2\api.py", line 3392, in __do_object
    return self._do(method, self.bucket_name, key, **kwargs)
           ^^^^^^^^^^^^^^^^^^^^^^^^^^^^^^^^^^^^^^^^^^^^^^^^^
  File "G:\1_Personal_File\chessAssistant\gitHub_Code\ChessAssistantCode\cloud\local_oss_ai_worker\.venv\Lib\site-packages\oss2\api.py", line 237, in _do
    resp = self.session.do_request(req, timeout=self.timeout)
           ^^^^^^^^^^^^^^^^^^^^^^^^^^^^^^^^^^^^^^^^^^^^^^^^^^
  File "G:\1_Personal_File\chessAssistant\gitHub_Code\ChessAssistantCode\cloud\local_oss_ai_worker\.venv\Lib\site-packages\oss2\http.py", line 55, in do_request
    raise RequestError(e)
oss2.exceptions.RequestError: {'status': -2, 'x-oss-request-id': '', 'details': "RequestError: HTTPSConnectionPool(host='esp32-chess-assistant.oss-cn-hangzhou.aliyuncs.com', port=443): Max retries exceeded with url: /devices%2Fesp32-8B2D54%2Frequests%2Flatest.json (Caused by SSLError(SSLEOFError(8, 'EOF occurred in violation of protocol (_ssl.c:1002)')))"}
2026-07-15 23:38:52,784 ERROR oss_ai_worker: Worker iteration failed for device_id=esp32-C3F8D0
urllib3.exceptions.SSLError: EOF occurred in violation of protocol (_ssl.c:1002)

The above exception was the direct cause of the following exception:

Traceback (most recent call last):
  File "G:\1_Personal_File\chessAssistant\gitHub_Code\ChessAssistantCode\cloud\local_oss_ai_worker\.venv\Lib\site-packages\requests\adapters.py", line 696, in send
    resp = conn.urlopen(
           ^^^^^^^^^^^^^
  File "G:\1_Personal_File\chessAssistant\gitHub_Code\ChessAssistantCode\cloud\local_oss_ai_worker\.venv\Lib\site-packages\urllib3\connectionpool.py", line 842, in urlopen
    retries = retries.increment(
              ^^^^^^^^^^^^^^^^^^
  File "G:\1_Personal_File\chessAssistant\gitHub_Code\ChessAssistantCode\cloud\local_oss_ai_worker\.venv\Lib\site-packages\urllib3\util\retry.py", line 543, in increment
    raise MaxRetryError(_pool, url, reason) from reason  # type: ignore[arg-type]
    ^^^^^^^^^^^^^^^^^^^^^^^^^^^^^^^^^^^^^^^^^^^^^^^^^^^
urllib3.exceptions.MaxRetryError: HTTPSConnectionPool(host='esp32-chess-assistant.oss-cn-hangzhou.aliyuncs.com', port=443): Max retries exceeded with url: /devices%2Fesp32-C3F8D0%2Frequests%2Flatest.json (Caused by SSLError(SSLEOFError(8, 'EOF occurred in violation of protocol (_ssl.c:1002)')))

During handling of the above exception, another exception occurred:

Traceback (most recent call last):
  File "G:\1_Personal_File\chessAssistant\gitHub_Code\ChessAssistantCode\cloud\local_oss_ai_worker\.venv\Lib\site-packages\oss2\http.py", line 47, in do_request
    return Response(self.session.request(req.method, req.url,
                    ^^^^^^^^^^^^^^^^^^^^^^^^^^^^^^^^^^^^^^^^^
  File "G:\1_Personal_File\chessAssistant\gitHub_Code\ChessAssistantCode\cloud\local_oss_ai_worker\.venv\Lib\site-packages\requests\sessions.py", line 651, in request
    resp = self.send(prep, **send_kwargs)
           ^^^^^^^^^^^^^^^^^^^^^^^^^^^^^^
  File "G:\1_Personal_File\chessAssistant\gitHub_Code\ChessAssistantCode\cloud\local_oss_ai_worker\.venv\Lib\site-packages\requests\sessions.py", line 784, in send
    r = adapter.send(request, **kwargs)
        ^^^^^^^^^^^^^^^^^^^^^^^^^^^^^^^
  File "G:\1_Personal_File\chessAssistant\gitHub_Code\ChessAssistantCode\cloud\local_oss_ai_worker\.venv\Lib\site-packages\requests\adapters.py", line 727, in send
    raise SSLError(e, request=request)
requests.exceptions.SSLError: HTTPSConnectionPool(host='esp32-chess-assistant.oss-cn-hangzhou.aliyuncs.com', port=443): Max retries exceeded with url: /devices%2Fesp32-C3F8D0%2Frequests%2Flatest.json (Caused by SSLError(SSLEOFError(8, 'EOF occurred in violation of protocol (_ssl.c:1002)')))

During handling of the above exception, another exception occurred:

Traceback (most recent call last):
  File "G:\1_Personal_File\chessAssistant\gitHub_Code\ChessAssistantCode\cloud\local_oss_ai_worker\worker.py", line 761, in main
    processed = process_one(bucket, args, state, device_id)
                ^^^^^^^^^^^^^^^^^^^^^^^^^^^^^^^^^^^^^^^^^^^
  File "G:\1_Personal_File\chessAssistant\gitHub_Code\ChessAssistantCode\cloud\local_oss_ai_worker\worker.py", line 644, in process_one
    manifest_key, manifest = read_manifest(bucket, device_id)
                             ^^^^^^^^^^^^^^^^^^^^^^^^^^^^^^^^
  File "G:\1_Personal_File\chessAssistant\gitHub_Code\ChessAssistantCode\cloud\local_oss_ai_worker\worker.py", line 597, in read_manifest
    body = bucket.get_object(manifest_key).read()
           ^^^^^^^^^^^^^^^^^^^^^^^^^^^^^^^
  File "G:\1_Personal_File\chessAssistant\gitHub_Code\ChessAssistantCode\cloud\local_oss_ai_worker\.venv\Lib\site-packages\oss2\api.py", line 1023, in get_object
    resp = self.__do_object('GET', key, headers=headers, params=params)
           ^^^^^^^^^^^^^^^^^^^^^^^^^^^^^^^^^^^^^^^^^^^^^^^^^^^^^^^^^^^^
  File "G:\1_Personal_File\chessAssistant\gitHub_Code\ChessAssistantCode\cloud\local_oss_ai_worker\.venv\Lib\site-packages\oss2\api.py", line 3392, in __do_object
    return self._do(method, self.bucket_name, key, **kwargs)
           ^^^^^^^^^^^^^^^^^^^^^^^^^^^^^^^^^^^^^^^^^^^^^^^^^
  File "G:\1_Personal_File\chessAssistant\gitHub_Code\ChessAssistantCode\cloud\local_oss_ai_worker\.venv\Lib\site-packages\oss2\api.py", line 237, in _do
    resp = self.session.do_request(req, timeout=self.timeout)
           ^^^^^^^^^^^^^^^^^^^^^^^^^^^^^^^^^^^^^^^^^^^^^^^^^^
  File "G:\1_Personal_File\chessAssistant\gitHub_Code\ChessAssistantCode\cloud\local_oss_ai_worker\.venv\Lib\site-packages\oss2\http.py", line 55, in do_request
    raise RequestError(e)
oss2.exceptions.RequestError: {'status': -2, 'x-oss-request-id': '', 'details': "RequestError: HTTPSConnectionPool(host='esp32-chess-assistant.oss-cn-hangzhou.aliyuncs.com', port=443): Max retries exceeded with url: /devices%2Fesp32-C3F8D0%2Frequests%2Flatest.json (Caused by SSLError(SSLEOFError(8, 'EOF occurred in violation of protocol (_ssl.c:1002)')))"}
2026-07-15 23:38:53,953 ERROR oss_ai_worker: Worker iteration failed for device_id=chess-441BF6C3F8D0
urllib3.exceptions.SSLError: EOF occurred in violation of protocol (_ssl.c:1002)

The above exception was the direct cause of the following exception:

Traceback (most recent call last):
  File "G:\1_Personal_File\chessAssistant\gitHub_Code\ChessAssistantCode\cloud\local_oss_ai_worker\.venv\Lib\site-packages\requests\adapters.py", line 696, in send
    resp = conn.urlopen(
           ^^^^^^^^^^^^^
  File "G:\1_Personal_File\chessAssistant\gitHub_Code\ChessAssistantCode\cloud\local_oss_ai_worker\.venv\Lib\site-packages\urllib3\connectionpool.py", line 842, in urlopen
    retries = retries.increment(
              ^^^^^^^^^^^^^^^^^^
  File "G:\1_Personal_File\chessAssistant\gitHub_Code\ChessAssistantCode\cloud\local_oss_ai_worker\.venv\Lib\site-packages\urllib3\util\retry.py", line 543, in increment
    raise MaxRetryError(_pool, url, reason) from reason  # type: ignore[arg-type]
    ^^^^^^^^^^^^^^^^^^^^^^^^^^^^^^^^^^^^^^^^^^^^^^^^^^^
urllib3.exceptions.MaxRetryError: HTTPSConnectionPool(host='esp32-chess-assistant.oss-cn-hangzhou.aliyuncs.com', port=443): Max retries exceeded with url: /devices%2Fchess-441BF6C3F8D0%2Frequests%2Flatest.json (Caused by SSLError(SSLEOFError(8, 'EOF occurred in violation of protocol (_ssl.c:1002)')))

During handling of the above exception, another exception occurred:

Traceback (most recent call last):
  File "G:\1_Personal_File\chessAssistant\gitHub_Code\ChessAssistantCode\cloud\local_oss_ai_worker\.venv\Lib\site-packages\oss2\http.py", line 47, in do_request
    return Response(self.session.request(req.method, req.url,
                    ^^^^^^^^^^^^^^^^^^^^^^^^^^^^^^^^^^^^^^^^^
  File "G:\1_Personal_File\chessAssistant\gitHub_Code\ChessAssistantCode\cloud\local_oss_ai_worker\.venv\Lib\site-packages\requests\sessions.py", line 651, in request
    resp = self.send(prep, **send_kwargs)
           ^^^^^^^^^^^^^^^^^^^^^^^^^^^^^^
  File "G:\1_Personal_File\chessAssistant\gitHub_Code\ChessAssistantCode\cloud\local_oss_ai_worker\.venv\Lib\site-packages\requests\sessions.py", line 784, in send
    r = adapter.send(request, **kwargs)
        ^^^^^^^^^^^^^^^^^^^^^^^^^^^^^^^
  File "G:\1_Personal_File\chessAssistant\gitHub_Code\ChessAssistantCode\cloud\local_oss_ai_worker\.venv\Lib\site-packages\requests\adapters.py", line 727, in send
    raise SSLError(e, request=request)
requests.exceptions.SSLError: HTTPSConnectionPool(host='esp32-chess-assistant.oss-cn-hangzhou.aliyuncs.com', port=443): Max retries exceeded with url: /devices%2Fchess-441BF6C3F8D0%2Frequests%2Flatest.json (Caused by SSLError(SSLEOFError(8, 'EOF occurred in violation of protocol (_ssl.c:1002)')))

During handling of the above exception, another exception occurred:

Traceback (most recent call last):
  File "G:\1_Personal_File\chessAssistant\gitHub_Code\ChessAssistantCode\cloud\local_oss_ai_worker\worker.py", line 761, in main
    processed = process_one(bucket, args, state, device_id)
                ^^^^^^^^^^^^^^^^^^^^^^^^^^^^^^^^^^^^^^^^^^^
  File "G:\1_Personal_File\chessAssistant\gitHub_Code\ChessAssistantCode\cloud\local_oss_ai_worker\worker.py", line 644, in process_one
    manifest_key, manifest = read_manifest(bucket, device_id)
                             ^^^^^^^^^^^^^^^^^^^^^^^^^^^^^^^^
  File "G:\1_Personal_File\chessAssistant\gitHub_Code\ChessAssistantCode\cloud\local_oss_ai_worker\worker.py", line 597, in read_manifest
    body = bucket.get_object(manifest_key).read()
           ^^^^^^^^^^^^^^^^^^^^^^^^^^^^^^^
  File "G:\1_Personal_File\chessAssistant\gitHub_Code\ChessAssistantCode\cloud\local_oss_ai_worker\.venv\Lib\site-packages\oss2\api.py", line 1023, in get_object
    resp = self.__do_object('GET', key, headers=headers, params=params)
           ^^^^^^^^^^^^^^^^^^^^^^^^^^^^^^^^^^^^^^^^^^^^^^^^^^^^^^^^^^^^
  File "G:\1_Personal_File\chessAssistant\gitHub_Code\ChessAssistantCode\cloud\local_oss_ai_worker\.venv\Lib\site-packages\oss2\api.py", line 3392, in __do_object
    return self._do(method, self.bucket_name, key, **kwargs)
           ^^^^^^^^^^^^^^^^^^^^^^^^^^^^^^^^^^^^^^^^^^^^^^^^^
  File "G:\1_Personal_File\chessAssistant\gitHub_Code\ChessAssistantCode\cloud\local_oss_ai_worker\.venv\Lib\site-packages\oss2\api.py", line 237, in _do
    resp = self.session.do_request(req, timeout=self.timeout)
           ^^^^^^^^^^^^^^^^^^^^^^^^^^^^^^^^^^^^^^^^^^^^^^^^^^
  File "G:\1_Personal_File\chessAssistant\gitHub_Code\ChessAssistantCode\cloud\local_oss_ai_worker\.venv\Lib\site-packages\oss2\http.py", line 55, in do_request
    raise RequestError(e)
oss2.exceptions.RequestError: {'status': -2, 'x-oss-request-id': '', 'details': "RequestError: HTTPSConnectionPool(host='esp32-chess-assistant.oss-cn-hangzhou.aliyuncs.com', port=443): Max retries exceeded with url: /devices%2Fchess-441BF6C3F8D0%2Frequests%2Flatest.json (Caused by SSLError(SSLEOFError(8, 'EOF occurred in violation of protocol (_ssl.c:1002)')))"}
2026-07-15 23:38:54,081 ERROR oss_ai_worker: Worker iteration failed for device_id=esp32-8B2D54
urllib3.exceptions.SSLError: EOF occurred in violation of protocol (_ssl.c:1002)

The above exception was the direct cause of the following exception:

Traceback (most recent call last):
  File "G:\1_Personal_File\chessAssistant\gitHub_Code\ChessAssistantCode\cloud\local_oss_ai_worker\.venv\Lib\site-packages\requests\adapters.py", line 696, in send
    resp = conn.urlopen(
           ^^^^^^^^^^^^^
  File "G:\1_Personal_File\chessAssistant\gitHub_Code\ChessAssistantCode\cloud\local_oss_ai_worker\.venv\Lib\site-packages\urllib3\connectionpool.py", line 842, in urlopen
    retries = retries.increment(
              ^^^^^^^^^^^^^^^^^^
  File "G:\1_Personal_File\chessAssistant\gitHub_Code\ChessAssistantCode\cloud\local_oss_ai_worker\.venv\Lib\site-packages\urllib3\util\retry.py", line 543, in increment
    raise MaxRetryError(_pool, url, reason) from reason  # type: ignore[arg-type]
    ^^^^^^^^^^^^^^^^^^^^^^^^^^^^^^^^^^^^^^^^^^^^^^^^^^^
urllib3.exceptions.MaxRetryError: HTTPSConnectionPool(host='esp32-chess-assistant.oss-cn-hangzhou.aliyuncs.com', port=443): Max retries exceeded with url: /devices%2Fesp32-8B2D54%2Frequests%2Flatest.json (Caused by SSLError(SSLEOFError(8, 'EOF occurred in violation of protocol (_ssl.c:1002)')))

During handling of the above exception, another exception occurred:

Traceback (most recent call last):
  File "G:\1_Personal_File\chessAssistant\gitHub_Code\ChessAssistantCode\cloud\local_oss_ai_worker\.venv\Lib\site-packages\oss2\http.py", line 47, in do_request
    return Response(self.session.request(req.method, req.url,
                    ^^^^^^^^^^^^^^^^^^^^^^^^^^^^^^^^^^^^^^^^^
  File "G:\1_Personal_File\chessAssistant\gitHub_Code\ChessAssistantCode\cloud\local_oss_ai_worker\.venv\Lib\site-packages\requests\sessions.py", line 651, in request
    resp = self.send(prep, **send_kwargs)
           ^^^^^^^^^^^^^^^^^^^^^^^^^^^^^^
  File "G:\1_Personal_File\chessAssistant\gitHub_Code\ChessAssistantCode\cloud\local_oss_ai_worker\.venv\Lib\site-packages\requests\sessions.py", line 784, in send
    r = adapter.send(request, **kwargs)
        ^^^^^^^^^^^^^^^^^^^^^^^^^^^^^^^
  File "G:\1_Personal_File\chessAssistant\gitHub_Code\ChessAssistantCode\cloud\local_oss_ai_worker\.venv\Lib\site-packages\requests\adapters.py", line 727, in send
    raise SSLError(e, request=request)
requests.exceptions.SSLError: HTTPSConnectionPool(host='esp32-chess-assistant.oss-cn-hangzhou.aliyuncs.com', port=443): Max retries exceeded with url: /devices%2Fesp32-8B2D54%2Frequests%2Flatest.json (Caused by SSLError(SSLEOFError(8, 'EOF occurred in violation of protocol (_ssl.c:1002)')))

During handling of the above exception, another exception occurred:

Traceback (most recent call last):
  File "G:\1_Personal_File\chessAssistant\gitHub_Code\ChessAssistantCode\cloud\local_oss_ai_worker\worker.py", line 761, in main
    processed = process_one(bucket, args, state, device_id)
                ^^^^^^^^^^^^^^^^^^^^^^^^^^^^^^^^^^^^^^^^^^^
  File "G:\1_Personal_File\chessAssistant\gitHub_Code\ChessAssistantCode\cloud\local_oss_ai_worker\worker.py", line 644, in process_one
    manifest_key, manifest = read_manifest(bucket, device_id)
                             ^^^^^^^^^^^^^^^^^^^^^^^^^^^^^^^^
  File "G:\1_Personal_File\chessAssistant\gitHub_Code\ChessAssistantCode\cloud\local_oss_ai_worker\worker.py", line 597, in read_manifest
    body = bucket.get_object(manifest_key).read()
           ^^^^^^^^^^^^^^^^^^^^^^^^^^^^^^^
  File "G:\1_Personal_File\chessAssistant\gitHub_Code\ChessAssistantCode\cloud\local_oss_ai_worker\.venv\Lib\site-packages\oss2\api.py", line 1023, in get_object
    resp = self.__do_object('GET', key, headers=headers, params=params)
           ^^^^^^^^^^^^^^^^^^^^^^^^^^^^^^^^^^^^^^^^^^^^^^^^^^^^^^^^^^^^
  File "G:\1_Personal_File\chessAssistant\gitHub_Code\ChessAssistantCode\cloud\local_oss_ai_worker\.venv\Lib\site-packages\oss2\api.py", line 3392, in __do_object
    return self._do(method, self.bucket_name, key, **kwargs)
           ^^^^^^^^^^^^^^^^^^^^^^^^^^^^^^^^^^^^^^^^^^^^^^^^^
  File "G:\1_Personal_File\chessAssistant\gitHub_Code\ChessAssistantCode\cloud\local_oss_ai_worker\.venv\Lib\site-packages\oss2\api.py", line 237, in _do
    resp = self.session.do_request(req, timeout=self.timeout)
           ^^^^^^^^^^^^^^^^^^^^^^^^^^^^^^^^^^^^^^^^^^^^^^^^^^
  File "G:\1_Personal_File\chessAssistant\gitHub_Code\ChessAssistantCode\cloud\local_oss_ai_worker\.venv\Lib\site-packages\oss2\http.py", line 55, in do_request
    raise RequestError(e)
oss2.exceptions.RequestError: {'status': -2, 'x-oss-request-id': '', 'details': "RequestError: HTTPSConnectionPool(host='esp32-chess-assistant.oss-cn-hangzhou.aliyuncs.com', port=443): Max retries exceeded with url: /devices%2Fesp32-8B2D54%2Frequests%2Flatest.json (Caused by SSLError(SSLEOFError(8, 'EOF occurred in violation of protocol (_ssl.c:1002)')))"}
2026-07-15 23:38:54,228 ERROR oss_ai_worker: Worker iteration failed for device_id=esp32-C3F8D0
urllib3.exceptions.SSLError: EOF occurred in violation of protocol (_ssl.c:1002)

The above exception was the direct cause of the following exception:

Traceback (most recent call last):
  File "G:\1_Personal_File\chessAssistant\gitHub_Code\ChessAssistantCode\cloud\local_oss_ai_worker\.venv\Lib\site-packages\requests\adapters.py", line 696, in send
    resp = conn.urlopen(
           ^^^^^^^^^^^^^
  File "G:\1_Personal_File\chessAssistant\gitHub_Code\ChessAssistantCode\cloud\local_oss_ai_worker\.venv\Lib\site-packages\urllib3\connectionpool.py", line 842, in urlopen
    retries = retries.increment(
              ^^^^^^^^^^^^^^^^^^
  File "G:\1_Personal_File\chessAssistant\gitHub_Code\ChessAssistantCode\cloud\local_oss_ai_worker\.venv\Lib\site-packages\urllib3\util\retry.py", line 543, in increment
    raise MaxRetryError(_pool, url, reason) from reason  # type: ignore[arg-type]
    ^^^^^^^^^^^^^^^^^^^^^^^^^^^^^^^^^^^^^^^^^^^^^^^^^^^
urllib3.exceptions.MaxRetryError: HTTPSConnectionPool(host='esp32-chess-assistant.oss-cn-hangzhou.aliyuncs.com', port=443): Max retries exceeded with url: /devices%2Fesp32-C3F8D0%2Frequests%2Flatest.json (Caused by SSLError(SSLEOFError(8, 'EOF occurred in violation of protocol (_ssl.c:1002)')))

During handling of the above exception, another exception occurred:

Traceback (most recent call last):
  File "G:\1_Personal_File\chessAssistant\gitHub_Code\ChessAssistantCode\cloud\local_oss_ai_worker\.venv\Lib\site-packages\oss2\http.py", line 47, in do_request
    return Response(self.session.request(req.method, req.url,
                    ^^^^^^^^^^^^^^^^^^^^^^^^^^^^^^^^^^^^^^^^^
  File "G:\1_Personal_File\chessAssistant\gitHub_Code\ChessAssistantCode\cloud\local_oss_ai_worker\.venv\Lib\site-packages\requests\sessions.py", line 651, in request
    resp = self.send(prep, **send_kwargs)
           ^^^^^^^^^^^^^^^^^^^^^^^^^^^^^^
  File "G:\1_Personal_File\chessAssistant\gitHub_Code\ChessAssistantCode\cloud\local_oss_ai_worker\.venv\Lib\site-packages\requests\sessions.py", line 784, in send
    r = adapter.send(request, **kwargs)
        ^^^^^^^^^^^^^^^^^^^^^^^^^^^^^^^
  File "G:\1_Personal_File\chessAssistant\gitHub_Code\ChessAssistantCode\cloud\local_oss_ai_worker\.venv\Lib\site-packages\requests\adapters.py", line 727, in send
    raise SSLError(e, request=request)
requests.exceptions.SSLError: HTTPSConnectionPool(host='esp32-chess-assistant.oss-cn-hangzhou.aliyuncs.com', port=443): Max retries exceeded with url: /devices%2Fesp32-C3F8D0%2Frequests%2Flatest.json (Caused by SSLError(SSLEOFError(8, 'EOF occurred in violation of protocol (_ssl.c:1002)')))

During handling of the above exception, another exception occurred:

Traceback (most recent call last):
  File "G:\1_Personal_File\chessAssistant\gitHub_Code\ChessAssistantCode\cloud\local_oss_ai_worker\worker.py", line 761, in main
    processed = process_one(bucket, args, state, device_id)
                ^^^^^^^^^^^^^^^^^^^^^^^^^^^^^^^^^^^^^^^^^^^
  File "G:\1_Personal_File\chessAssistant\gitHub_Code\ChessAssistantCode\cloud\local_oss_ai_worker\worker.py", line 644, in process_one
    manifest_key, manifest = read_manifest(bucket, device_id)
                             ^^^^^^^^^^^^^^^^^^^^^^^^^^^^^^^^
  File "G:\1_Personal_File\chessAssistant\gitHub_Code\ChessAssistantCode\cloud\local_oss_ai_worker\worker.py", line 597, in read_manifest
    body = bucket.get_object(manifest_key).read()
           ^^^^^^^^^^^^^^^^^^^^^^^^^^^^^^^
  File "G:\1_Personal_File\chessAssistant\gitHub_Code\ChessAssistantCode\cloud\local_oss_ai_worker\.venv\Lib\site-packages\oss2\api.py", line 1023, in get_object
    resp = self.__do_object('GET', key, headers=headers, params=params)
           ^^^^^^^^^^^^^^^^^^^^^^^^^^^^^^^^^^^^^^^^^^^^^^^^^^^^^^^^^^^^
  File "G:\1_Personal_File\chessAssistant\gitHub_Code\ChessAssistantCode\cloud\local_oss_ai_worker\.venv\Lib\site-packages\oss2\api.py", line 3392, in __do_object
    return self._do(method, self.bucket_name, key, **kwargs)
           ^^^^^^^^^^^^^^^^^^^^^^^^^^^^^^^^^^^^^^^^^^^^^^^^^
  File "G:\1_Personal_File\chessAssistant\gitHub_Code\ChessAssistantCode\cloud\local_oss_ai_worker\.venv\Lib\site-packages\oss2\api.py", line 237, in _do
    resp = self.session.do_request(req, timeout=self.timeout)
           ^^^^^^^^^^^^^^^^^^^^^^^^^^^^^^^^^^^^^^^^^^^^^^^^^^
  File "G:\1_Personal_File\chessAssistant\gitHub_Code\ChessAssistantCode\cloud\local_oss_ai_worker\.venv\Lib\site-packages\oss2\http.py", line 55, in do_request
    raise RequestError(e)
oss2.exceptions.RequestError: {'status': -2, 'x-oss-request-id': '', 'details': "RequestError: HTTPSConnectionPool(host='esp32-chess-assistant.oss-cn-hangzhou.aliyuncs.com', port=443): Max retries exceeded with url: /devices%2Fesp32-C3F8D0%2Frequests%2Flatest.json (Caused by SSLError(SSLEOFError(8, 'EOF occurred in violation of protocol (_ssl.c:1002)')))"}
2026-07-15 23:38:55,421 ERROR oss_ai_worker: Worker iteration failed for device_id=chess-441BF6C3F8D0
urllib3.exceptions.SSLError: EOF occurred in violation of protocol (_ssl.c:1002)

The above exception was the direct cause of the following exception:

Traceback (most recent call last):
  File "G:\1_Personal_File\chessAssistant\gitHub_Code\ChessAssistantCode\cloud\local_oss_ai_worker\.venv\Lib\site-packages\requests\adapters.py", line 696, in send
    resp = conn.urlopen(
           ^^^^^^^^^^^^^
  File "G:\1_Personal_File\chessAssistant\gitHub_Code\ChessAssistantCode\cloud\local_oss_ai_worker\.venv\Lib\site-packages\urllib3\connectionpool.py", line 842, in urlopen
    retries = retries.increment(
              ^^^^^^^^^^^^^^^^^^
  File "G:\1_Personal_File\chessAssistant\gitHub_Code\ChessAssistantCode\cloud\local_oss_ai_worker\.venv\Lib\site-packages\urllib3\util\retry.py", line 543, in increment
    raise MaxRetryError(_pool, url, reason) from reason  # type: ignore[arg-type]
    ^^^^^^^^^^^^^^^^^^^^^^^^^^^^^^^^^^^^^^^^^^^^^^^^^^^
urllib3.exceptions.MaxRetryError: HTTPSConnectionPool(host='esp32-chess-assistant.oss-cn-hangzhou.aliyuncs.com', port=443): Max retries exceeded with url: /devices%2Fchess-441BF6C3F8D0%2Frequests%2Flatest.json (Caused by SSLError(SSLEOFError(8, 'EOF occurred in violation of protocol (_ssl.c:1002)')))

During handling of the above exception, another exception occurred:

Traceback (most recent call last):
  File "G:\1_Personal_File\chessAssistant\gitHub_Code\ChessAssistantCode\cloud\local_oss_ai_worker\.venv\Lib\site-packages\oss2\http.py", line 47, in do_request
    return Response(self.session.request(req.method, req.url,
                    ^^^^^^^^^^^^^^^^^^^^^^^^^^^^^^^^^^^^^^^^^
  File "G:\1_Personal_File\chessAssistant\gitHub_Code\ChessAssistantCode\cloud\local_oss_ai_worker\.venv\Lib\site-packages\requests\sessions.py", line 651, in request
    resp = self.send(prep, **send_kwargs)
           ^^^^^^^^^^^^^^^^^^^^^^^^^^^^^^
  File "G:\1_Personal_File\chessAssistant\gitHub_Code\ChessAssistantCode\cloud\local_oss_ai_worker\.venv\Lib\site-packages\requests\sessions.py", line 784, in send
    r = adapter.send(request, **kwargs)
        ^^^^^^^^^^^^^^^^^^^^^^^^^^^^^^^
  File "G:\1_Personal_File\chessAssistant\gitHub_Code\ChessAssistantCode\cloud\local_oss_ai_worker\.venv\Lib\site-packages\requests\adapters.py", line 727, in send
    raise SSLError(e, request=request)
requests.exceptions.SSLError: HTTPSConnectionPool(host='esp32-chess-assistant.oss-cn-hangzhou.aliyuncs.com', port=443): Max retries exceeded with url: /devices%2Fchess-441BF6C3F8D0%2Frequests%2Flatest.json (Caused by SSLError(SSLEOFError(8, 'EOF occurred in violation of protocol (_ssl.c:1002)')))

During handling of the above exception, another exception occurred:

Traceback (most recent call last):
  File "G:\1_Personal_File\chessAssistant\gitHub_Code\ChessAssistantCode\cloud\local_oss_ai_worker\worker.py", line 761, in main
    processed = process_one(bucket, args, state, device_id)
                ^^^^^^^^^^^^^^^^^^^^^^^^^^^^^^^^^^^^^^^^^^^
  File "G:\1_Personal_File\chessAssistant\gitHub_Code\ChessAssistantCode\cloud\local_oss_ai_worker\worker.py", line 644, in process_one
    manifest_key, manifest = read_manifest(bucket, device_id)
                             ^^^^^^^^^^^^^^^^^^^^^^^^^^^^^^^^
  File "G:\1_Personal_File\chessAssistant\gitHub_Code\ChessAssistantCode\cloud\local_oss_ai_worker\worker.py", line 597, in read_manifest
    body = bucket.get_object(manifest_key).read()
           ^^^^^^^^^^^^^^^^^^^^^^^^^^^^^^^
  File "G:\1_Personal_File\chessAssistant\gitHub_Code\ChessAssistantCode\cloud\local_oss_ai_worker\.venv\Lib\site-packages\oss2\api.py", line 1023, in get_object
    resp = self.__do_object('GET', key, headers=headers, params=params)
           ^^^^^^^^^^^^^^^^^^^^^^^^^^^^^^^^^^^^^^^^^^^^^^^^^^^^^^^^^^^^
  File "G:\1_Personal_File\chessAssistant\gitHub_Code\ChessAssistantCode\cloud\local_oss_ai_worker\.venv\Lib\site-packages\oss2\api.py", line 3392, in __do_object
    return self._do(method, self.bucket_name, key, **kwargs)
           ^^^^^^^^^^^^^^^^^^^^^^^^^^^^^^^^^^^^^^^^^^^^^^^^^
  File "G:\1_Personal_File\chessAssistant\gitHub_Code\ChessAssistantCode\cloud\local_oss_ai_worker\.venv\Lib\site-packages\oss2\api.py", line 237, in _do
    resp = self.session.do_request(req, timeout=self.timeout)
           ^^^^^^^^^^^^^^^^^^^^^^^^^^^^^^^^^^^^^^^^^^^^^^^^^^
  File "G:\1_Personal_File\chessAssistant\gitHub_Code\ChessAssistantCode\cloud\local_oss_ai_worker\.venv\Lib\site-packages\oss2\http.py", line 55, in do_request
    raise RequestError(e)
oss2.exceptions.RequestError: {'status': -2, 'x-oss-request-id': '', 'details': "RequestError: HTTPSConnectionPool(host='esp32-chess-assistant.oss-cn-hangzhou.aliyuncs.com', port=443): Max retries exceeded with url: /devices%2Fchess-441BF6C3F8D0%2Frequests%2Flatest.json (Caused by SSLError(SSLEOFError(8, 'EOF occurred in violation of protocol (_ssl.c:1002)')))"}
2026-07-15 23:38:55,569 ERROR oss_ai_worker: Worker iteration failed for device_id=esp32-8B2D54
urllib3.exceptions.SSLError: EOF occurred in violation of protocol (_ssl.c:1002)

The above exception was the direct cause of the following exception:

Traceback (most recent call last):
  File "G:\1_Personal_File\chessAssistant\gitHub_Code\ChessAssistantCode\cloud\local_oss_ai_worker\.venv\Lib\site-packages\requests\adapters.py", line 696, in send
    resp = conn.urlopen(
           ^^^^^^^^^^^^^
  File "G:\1_Personal_File\chessAssistant\gitHub_Code\ChessAssistantCode\cloud\local_oss_ai_worker\.venv\Lib\site-packages\urllib3\connectionpool.py", line 842, in urlopen
    retries = retries.increment(
              ^^^^^^^^^^^^^^^^^^
  File "G:\1_Personal_File\chessAssistant\gitHub_Code\ChessAssistantCode\cloud\local_oss_ai_worker\.venv\Lib\site-packages\urllib3\util\retry.py", line 543, in increment
    raise MaxRetryError(_pool, url, reason) from reason  # type: ignore[arg-type]
    ^^^^^^^^^^^^^^^^^^^^^^^^^^^^^^^^^^^^^^^^^^^^^^^^^^^
urllib3.exceptions.MaxRetryError: HTTPSConnectionPool(host='esp32-chess-assistant.oss-cn-hangzhou.aliyuncs.com', port=443): Max retries exceeded with url: /devices%2Fesp32-8B2D54%2Frequests%2Flatest.json (Caused by SSLError(SSLEOFError(8, 'EOF occurred in violation of protocol (_ssl.c:1002)')))

During handling of the above exception, another exception occurred:

Traceback (most recent call last):
  File "G:\1_Personal_File\chessAssistant\gitHub_Code\ChessAssistantCode\cloud\local_oss_ai_worker\.venv\Lib\site-packages\oss2\http.py", line 47, in do_request
    return Response(self.session.request(req.method, req.url,
                    ^^^^^^^^^^^^^^^^^^^^^^^^^^^^^^^^^^^^^^^^^
  File "G:\1_Personal_File\chessAssistant\gitHub_Code\ChessAssistantCode\cloud\local_oss_ai_worker\.venv\Lib\site-packages\requests\sessions.py", line 651, in request
    resp = self.send(prep, **send_kwargs)
           ^^^^^^^^^^^^^^^^^^^^^^^^^^^^^^
  File "G:\1_Personal_File\chessAssistant\gitHub_Code\ChessAssistantCode\cloud\local_oss_ai_worker\.venv\Lib\site-packages\requests\sessions.py", line 784, in send
    r = adapter.send(request, **kwargs)
        ^^^^^^^^^^^^^^^^^^^^^^^^^^^^^^^
  File "G:\1_Personal_File\chessAssistant\gitHub_Code\ChessAssistantCode\cloud\local_oss_ai_worker\.venv\Lib\site-packages\requests\adapters.py", line 727, in send
    raise SSLError(e, request=request)
requests.exceptions.SSLError: HTTPSConnectionPool(host='esp32-chess-assistant.oss-cn-hangzhou.aliyuncs.com', port=443): Max retries exceeded with url: /devices%2Fesp32-8B2D54%2Frequests%2Flatest.json (Caused by SSLError(SSLEOFError(8, 'EOF occurred in violation of protocol (_ssl.c:1002)')))

During handling of the above exception, another exception occurred:

Traceback (most recent call last):
  File "G:\1_Personal_File\chessAssistant\gitHub_Code\ChessAssistantCode\cloud\local_oss_ai_worker\worker.py", line 761, in main
    processed = process_one(bucket, args, state, device_id)
                ^^^^^^^^^^^^^^^^^^^^^^^^^^^^^^^^^^^^^^^^^^^
  File "G:\1_Personal_File\chessAssistant\gitHub_Code\ChessAssistantCode\cloud\local_oss_ai_worker\worker.py", line 644, in process_one
    manifest_key, manifest = read_manifest(bucket, device_id)
                             ^^^^^^^^^^^^^^^^^^^^^^^^^^^^^^^^
  File "G:\1_Personal_File\chessAssistant\gitHub_Code\ChessAssistantCode\cloud\local_oss_ai_worker\worker.py", line 597, in read_manifest
    body = bucket.get_object(manifest_key).read()
           ^^^^^^^^^^^^^^^^^^^^^^^^^^^^^^^
  File "G:\1_Personal_File\chessAssistant\gitHub_Code\ChessAssistantCode\cloud\local_oss_ai_worker\.venv\Lib\site-packages\oss2\api.py", line 1023, in get_object
    resp = self.__do_object('GET', key, headers=headers, params=params)
           ^^^^^^^^^^^^^^^^^^^^^^^^^^^^^^^^^^^^^^^^^^^^^^^^^^^^^^^^^^^^
  File "G:\1_Personal_File\chessAssistant\gitHub_Code\ChessAssistantCode\cloud\local_oss_ai_worker\.venv\Lib\site-packages\oss2\api.py", line 3392, in __do_object
    return self._do(method, self.bucket_name, key, **kwargs)
           ^^^^^^^^^^^^^^^^^^^^^^^^^^^^^^^^^^^^^^^^^^^^^^^^^
  File "G:\1_Personal_File\chessAssistant\gitHub_Code\ChessAssistantCode\cloud\local_oss_ai_worker\.venv\Lib\site-packages\oss2\api.py", line 237, in _do
    resp = self.session.do_request(req, timeout=self.timeout)
           ^^^^^^^^^^^^^^^^^^^^^^^^^^^^^^^^^^^^^^^^^^^^^^^^^^
  File "G:\1_Personal_File\chessAssistant\gitHub_Code\ChessAssistantCode\cloud\local_oss_ai_worker\.venv\Lib\site-packages\oss2\http.py", line 55, in do_request
    raise RequestError(e)
oss2.exceptions.RequestError: {'status': -2, 'x-oss-request-id': '', 'details': "RequestError: HTTPSConnectionPool(host='esp32-chess-assistant.oss-cn-hangzhou.aliyuncs.com', port=443): Max retries exceeded with url: /devices%2Fesp32-8B2D54%2Frequests%2Flatest.json (Caused by SSLError(SSLEOFError(8, 'EOF occurred in violation of protocol (_ssl.c:1002)')))"}
2026-07-15 23:38:55,703 ERROR oss_ai_worker: Worker iteration failed for device_id=esp32-C3F8D0
urllib3.exceptions.SSLError: EOF occurred in violation of protocol (_ssl.c:1002)

The above exception was the direct cause of the following exception:

Traceback (most recent call last):
  File "G:\1_Personal_File\chessAssistant\gitHub_Code\ChessAssistantCode\cloud\local_oss_ai_worker\.venv\Lib\site-packages\requests\adapters.py", line 696, in send
    resp = conn.urlopen(
           ^^^^^^^^^^^^^
  File "G:\1_Personal_File\chessAssistant\gitHub_Code\ChessAssistantCode\cloud\local_oss_ai_worker\.venv\Lib\site-packages\urllib3\connectionpool.py", line 842, in urlopen
    retries = retries.increment(
              ^^^^^^^^^^^^^^^^^^
  File "G:\1_Personal_File\chessAssistant\gitHub_Code\ChessAssistantCode\cloud\local_oss_ai_worker\.venv\Lib\site-packages\urllib3\util\retry.py", line 543, in increment
    raise MaxRetryError(_pool, url, reason) from reason  # type: ignore[arg-type]
    ^^^^^^^^^^^^^^^^^^^^^^^^^^^^^^^^^^^^^^^^^^^^^^^^^^^
urllib3.exceptions.MaxRetryError: HTTPSConnectionPool(host='esp32-chess-assistant.oss-cn-hangzhou.aliyuncs.com', port=443): Max retries exceeded with url: /devices%2Fesp32-C3F8D0%2Frequests%2Flatest.json (Caused by SSLError(SSLEOFError(8, 'EOF occurred in violation of protocol (_ssl.c:1002)')))

During handling of the above exception, another exception occurred:

Traceback (most recent call last):
  File "G:\1_Personal_File\chessAssistant\gitHub_Code\ChessAssistantCode\cloud\local_oss_ai_worker\.venv\Lib\site-packages\oss2\http.py", line 47, in do_request
    return Response(self.session.request(req.method, req.url,
                    ^^^^^^^^^^^^^^^^^^^^^^^^^^^^^^^^^^^^^^^^^
  File "G:\1_Personal_File\chessAssistant\gitHub_Code\ChessAssistantCode\cloud\local_oss_ai_worker\.venv\Lib\site-packages\requests\sessions.py", line 651, in request
    resp = self.send(prep, **send_kwargs)
           ^^^^^^^^^^^^^^^^^^^^^^^^^^^^^^
  File "G:\1_Personal_File\chessAssistant\gitHub_Code\ChessAssistantCode\cloud\local_oss_ai_worker\.venv\Lib\site-packages\requests\sessions.py", line 784, in send
    r = adapter.send(request, **kwargs)
        ^^^^^^^^^^^^^^^^^^^^^^^^^^^^^^^
  File "G:\1_Personal_File\chessAssistant\gitHub_Code\ChessAssistantCode\cloud\local_oss_ai_worker\.venv\Lib\site-packages\requests\adapters.py", line 727, in send
    raise SSLError(e, request=request)
requests.exceptions.SSLError: HTTPSConnectionPool(host='esp32-chess-assistant.oss-cn-hangzhou.aliyuncs.com', port=443): Max retries exceeded with url: /devices%2Fesp32-C3F8D0%2Frequests%2Flatest.json (Caused by SSLError(SSLEOFError(8, 'EOF occurred in violation of protocol (_ssl.c:1002)')))

During handling of the above exception, another exception occurred:

Traceback (most recent call last):
  File "G:\1_Personal_File\chessAssistant\gitHub_Code\ChessAssistantCode\cloud\local_oss_ai_worker\worker.py", line 761, in main
    processed = process_one(bucket, args, state, device_id)
                ^^^^^^^^^^^^^^^^^^^^^^^^^^^^^^^^^^^^^^^^^^^
  File "G:\1_Personal_File\chessAssistant\gitHub_Code\ChessAssistantCode\cloud\local_oss_ai_worker\worker.py", line 644, in process_one
    manifest_key, manifest = read_manifest(bucket, device_id)
                             ^^^^^^^^^^^^^^^^^^^^^^^^^^^^^^^^
  File "G:\1_Personal_File\chessAssistant\gitHub_Code\ChessAssistantCode\cloud\local_oss_ai_worker\worker.py", line 597, in read_manifest
    body = bucket.get_object(manifest_key).read()
           ^^^^^^^^^^^^^^^^^^^^^^^^^^^^^^^
  File "G:\1_Personal_File\chessAssistant\gitHub_Code\ChessAssistantCode\cloud\local_oss_ai_worker\.venv\Lib\site-packages\oss2\api.py", line 1023, in get_object
    resp = self.__do_object('GET', key, headers=headers, params=params)
           ^^^^^^^^^^^^^^^^^^^^^^^^^^^^^^^^^^^^^^^^^^^^^^^^^^^^^^^^^^^^
  File "G:\1_Personal_File\chessAssistant\gitHub_Code\ChessAssistantCode\cloud\local_oss_ai_worker\.venv\Lib\site-packages\oss2\api.py", line 3392, in __do_object
    return self._do(method, self.bucket_name, key, **kwargs)
           ^^^^^^^^^^^^^^^^^^^^^^^^^^^^^^^^^^^^^^^^^^^^^^^^^
  File "G:\1_Personal_File\chessAssistant\gitHub_Code\ChessAssistantCode\cloud\local_oss_ai_worker\.venv\Lib\site-packages\oss2\api.py", line 237, in _do
    resp = self.session.do_request(req, timeout=self.timeout)
           ^^^^^^^^^^^^^^^^^^^^^^^^^^^^^^^^^^^^^^^^^^^^^^^^^^
  File "G:\1_Personal_File\chessAssistant\gitHub_Code\ChessAssistantCode\cloud\local_oss_ai_worker\.venv\Lib\site-packages\oss2\http.py", line 55, in do_request
    raise RequestError(e)
oss2.exceptions.RequestError: {'status': -2, 'x-oss-request-id': '', 'details': "RequestError: HTTPSConnectionPool(host='esp32-chess-assistant.oss-cn-hangzhou.aliyuncs.com', port=443): Max retries exceeded with url: /devices%2Fesp32-C3F8D0%2Frequests%2Flatest.json (Caused by SSLError(SSLEOFError(8, 'EOF occurred in violation of protocol (_ssl.c:1002)')))"}
2026-07-15 23:38:56,828 ERROR oss_ai_worker: Worker iteration failed for device_id=chess-441BF6C3F8D0
urllib3.exceptions.SSLError: EOF occurred in violation of protocol (_ssl.c:1002)

The above exception was the direct cause of the following exception:

Traceback (most recent call last):
  File "G:\1_Personal_File\chessAssistant\gitHub_Code\ChessAssistantCode\cloud\local_oss_ai_worker\.venv\Lib\site-packages\requests\adapters.py", line 696, in send
    resp = conn.urlopen(
           ^^^^^^^^^^^^^
  File "G:\1_Personal_File\chessAssistant\gitHub_Code\ChessAssistantCode\cloud\local_oss_ai_worker\.venv\Lib\site-packages\urllib3\connectionpool.py", line 842, in urlopen
    retries = retries.increment(
              ^^^^^^^^^^^^^^^^^^
  File "G:\1_Personal_File\chessAssistant\gitHub_Code\ChessAssistantCode\cloud\local_oss_ai_worker\.venv\Lib\site-packages\urllib3\util\retry.py", line 543, in increment
    raise MaxRetryError(_pool, url, reason) from reason  # type: ignore[arg-type]
    ^^^^^^^^^^^^^^^^^^^^^^^^^^^^^^^^^^^^^^^^^^^^^^^^^^^
urllib3.exceptions.MaxRetryError: HTTPSConnectionPool(host='esp32-chess-assistant.oss-cn-hangzhou.aliyuncs.com', port=443): Max retries exceeded with url: /devices%2Fchess-441BF6C3F8D0%2Frequests%2Flatest.json (Caused by SSLError(SSLEOFError(8, 'EOF occurred in violation of protocol (_ssl.c:1002)')))

During handling of the above exception, another exception occurred:

Traceback (most recent call last):
  File "G:\1_Personal_File\chessAssistant\gitHub_Code\ChessAssistantCode\cloud\local_oss_ai_worker\.venv\Lib\site-packages\oss2\http.py", line 47, in do_request
    return Response(self.session.request(req.method, req.url,
                    ^^^^^^^^^^^^^^^^^^^^^^^^^^^^^^^^^^^^^^^^^
  File "G:\1_Personal_File\chessAssistant\gitHub_Code\ChessAssistantCode\cloud\local_oss_ai_worker\.venv\Lib\site-packages\requests\sessions.py", line 651, in request
    resp = self.send(prep, **send_kwargs)
           ^^^^^^^^^^^^^^^^^^^^^^^^^^^^^^
  File "G:\1_Personal_File\chessAssistant\gitHub_Code\ChessAssistantCode\cloud\local_oss_ai_worker\.venv\Lib\site-packages\requests\sessions.py", line 784, in send
    r = adapter.send(request, **kwargs)
        ^^^^^^^^^^^^^^^^^^^^^^^^^^^^^^^
  File "G:\1_Personal_File\chessAssistant\gitHub_Code\ChessAssistantCode\cloud\local_oss_ai_worker\.venv\Lib\site-packages\requests\adapters.py", line 727, in send
    raise SSLError(e, request=request)
requests.exceptions.SSLError: HTTPSConnectionPool(host='esp32-chess-assistant.oss-cn-hangzhou.aliyuncs.com', port=443): Max retries exceeded with url: /devices%2Fchess-441BF6C3F8D0%2Frequests%2Flatest.json (Caused by SSLError(SSLEOFError(8, 'EOF occurred in violation of protocol (_ssl.c:1002)')))

During handling of the above exception, another exception occurred:

Traceback (most recent call last):
  File "G:\1_Personal_File\chessAssistant\gitHub_Code\ChessAssistantCode\cloud\local_oss_ai_worker\worker.py", line 761, in main
    processed = process_one(bucket, args, state, device_id)
                ^^^^^^^^^^^^^^^^^^^^^^^^^^^^^^^^^^^^^^^^^^^
  File "G:\1_Personal_File\chessAssistant\gitHub_Code\ChessAssistantCode\cloud\local_oss_ai_worker\worker.py", line 644, in process_one
    manifest_key, manifest = read_manifest(bucket, device_id)
                             ^^^^^^^^^^^^^^^^^^^^^^^^^^^^^^^^
  File "G:\1_Personal_File\chessAssistant\gitHub_Code\ChessAssistantCode\cloud\local_oss_ai_worker\worker.py", line 597, in read_manifest
    body = bucket.get_object(manifest_key).read()
           ^^^^^^^^^^^^^^^^^^^^^^^^^^^^^^^
  File "G:\1_Personal_File\chessAssistant\gitHub_Code\ChessAssistantCode\cloud\local_oss_ai_worker\.venv\Lib\site-packages\oss2\api.py", line 1023, in get_object
    resp = self.__do_object('GET', key, headers=headers, params=params)
           ^^^^^^^^^^^^^^^^^^^^^^^^^^^^^^^^^^^^^^^^^^^^^^^^^^^^^^^^^^^^
  File "G:\1_Personal_File\chessAssistant\gitHub_Code\ChessAssistantCode\cloud\local_oss_ai_worker\.venv\Lib\site-packages\oss2\api.py", line 3392, in __do_object
    return self._do(method, self.bucket_name, key, **kwargs)
           ^^^^^^^^^^^^^^^^^^^^^^^^^^^^^^^^^^^^^^^^^^^^^^^^^
  File "G:\1_Personal_File\chessAssistant\gitHub_Code\ChessAssistantCode\cloud\local_oss_ai_worker\.venv\Lib\site-packages\oss2\api.py", line 237, in _do
    resp = self.session.do_request(req, timeout=self.timeout)
           ^^^^^^^^^^^^^^^^^^^^^^^^^^^^^^^^^^^^^^^^^^^^^^^^^^
  File "G:\1_Personal_File\chessAssistant\gitHub_Code\ChessAssistantCode\cloud\local_oss_ai_worker\.venv\Lib\site-packages\oss2\http.py", line 55, in do_request
    raise RequestError(e)
oss2.exceptions.RequestError: {'status': -2, 'x-oss-request-id': '', 'details': "RequestError: HTTPSConnectionPool(host='esp32-chess-assistant.oss-cn-hangzhou.aliyuncs.com', port=443): Max retries exceeded with url: /devices%2Fchess-441BF6C3F8D0%2Frequests%2Flatest.json (Caused by SSLError(SSLEOFError(8, 'EOF occurred in violation of protocol (_ssl.c:1002)')))"}
2026-07-15 23:38:56,987 ERROR oss_ai_worker: Worker iteration failed for device_id=esp32-8B2D54
urllib3.exceptions.SSLError: EOF occurred in violation of protocol (_ssl.c:1002)

The above exception was the direct cause of the following exception:

Traceback (most recent call last):
  File "G:\1_Personal_File\chessAssistant\gitHub_Code\ChessAssistantCode\cloud\local_oss_ai_worker\.venv\Lib\site-packages\requests\adapters.py", line 696, in send
    resp = conn.urlopen(
           ^^^^^^^^^^^^^
  File "G:\1_Personal_File\chessAssistant\gitHub_Code\ChessAssistantCode\cloud\local_oss_ai_worker\.venv\Lib\site-packages\urllib3\connectionpool.py", line 842, in urlopen
    retries = retries.increment(
              ^^^^^^^^^^^^^^^^^^
  File "G:\1_Personal_File\chessAssistant\gitHub_Code\ChessAssistantCode\cloud\local_oss_ai_worker\.venv\Lib\site-packages\urllib3\util\retry.py", line 543, in increment
    raise MaxRetryError(_pool, url, reason) from reason  # type: ignore[arg-type]
    ^^^^^^^^^^^^^^^^^^^^^^^^^^^^^^^^^^^^^^^^^^^^^^^^^^^
urllib3.exceptions.MaxRetryError: HTTPSConnectionPool(host='esp32-chess-assistant.oss-cn-hangzhou.aliyuncs.com', port=443): Max retries exceeded with url: /devices%2Fesp32-8B2D54%2Frequests%2Flatest.json (Caused by SSLError(SSLEOFError(8, 'EOF occurred in violation of protocol (_ssl.c:1002)')))

During handling of the above exception, another exception occurred:

Traceback (most recent call last):
  File "G:\1_Personal_File\chessAssistant\gitHub_Code\ChessAssistantCode\cloud\local_oss_ai_worker\.venv\Lib\site-packages\oss2\http.py", line 47, in do_request
    return Response(self.session.request(req.method, req.url,
                    ^^^^^^^^^^^^^^^^^^^^^^^^^^^^^^^^^^^^^^^^^
  File "G:\1_Personal_File\chessAssistant\gitHub_Code\ChessAssistantCode\cloud\local_oss_ai_worker\.venv\Lib\site-packages\requests\sessions.py", line 651, in request
    resp = self.send(prep, **send_kwargs)
           ^^^^^^^^^^^^^^^^^^^^^^^^^^^^^^
  File "G:\1_Personal_File\chessAssistant\gitHub_Code\ChessAssistantCode\cloud\local_oss_ai_worker\.venv\Lib\site-packages\requests\sessions.py", line 784, in send
    r = adapter.send(request, **kwargs)
        ^^^^^^^^^^^^^^^^^^^^^^^^^^^^^^^
  File "G:\1_Personal_File\chessAssistant\gitHub_Code\ChessAssistantCode\cloud\local_oss_ai_worker\.venv\Lib\site-packages\requests\adapters.py", line 727, in send
    raise SSLError(e, request=request)
requests.exceptions.SSLError: HTTPSConnectionPool(host='esp32-chess-assistant.oss-cn-hangzhou.aliyuncs.com', port=443): Max retries exceeded with url: /devices%2Fesp32-8B2D54%2Frequests%2Flatest.json (Caused by SSLError(SSLEOFError(8, 'EOF occurred in violation of protocol (_ssl.c:1002)')))

During handling of the above exception, another exception occurred:

Traceback (most recent call last):
  File "G:\1_Personal_File\chessAssistant\gitHub_Code\ChessAssistantCode\cloud\local_oss_ai_worker\worker.py", line 761, in main
    processed = process_one(bucket, args, state, device_id)
                ^^^^^^^^^^^^^^^^^^^^^^^^^^^^^^^^^^^^^^^^^^^
  File "G:\1_Personal_File\chessAssistant\gitHub_Code\ChessAssistantCode\cloud\local_oss_ai_worker\worker.py", line 644, in process_one
    manifest_key, manifest = read_manifest(bucket, device_id)
                             ^^^^^^^^^^^^^^^^^^^^^^^^^^^^^^^^
  File "G:\1_Personal_File\chessAssistant\gitHub_Code\ChessAssistantCode\cloud\local_oss_ai_worker\worker.py", line 597, in read_manifest
    body = bucket.get_object(manifest_key).read()
           ^^^^^^^^^^^^^^^^^^^^^^^^^^^^^^^
  File "G:\1_Personal_File\chessAssistant\gitHub_Code\ChessAssistantCode\cloud\local_oss_ai_worker\.venv\Lib\site-packages\oss2\api.py", line 1023, in get_object
    resp = self.__do_object('GET', key, headers=headers, params=params)
           ^^^^^^^^^^^^^^^^^^^^^^^^^^^^^^^^^^^^^^^^^^^^^^^^^^^^^^^^^^^^
  File "G:\1_Personal_File\chessAssistant\gitHub_Code\ChessAssistantCode\cloud\local_oss_ai_worker\.venv\Lib\site-packages\oss2\api.py", line 3392, in __do_object
    return self._do(method, self.bucket_name, key, **kwargs)
           ^^^^^^^^^^^^^^^^^^^^^^^^^^^^^^^^^^^^^^^^^^^^^^^^^
  File "G:\1_Personal_File\chessAssistant\gitHub_Code\ChessAssistantCode\cloud\local_oss_ai_worker\.venv\Lib\site-packages\oss2\api.py", line 237, in _do
    resp = self.session.do_request(req, timeout=self.timeout)
           ^^^^^^^^^^^^^^^^^^^^^^^^^^^^^^^^^^^^^^^^^^^^^^^^^^
  File "G:\1_Personal_File\chessAssistant\gitHub_Code\ChessAssistantCode\cloud\local_oss_ai_worker\.venv\Lib\site-packages\oss2\http.py", line 55, in do_request
    raise RequestError(e)
oss2.exceptions.RequestError: {'status': -2, 'x-oss-request-id': '', 'details': "RequestError: HTTPSConnectionPool(host='esp32-chess-assistant.oss-cn-hangzhou.aliyuncs.com', port=443): Max retries exceeded with url: /devices%2Fesp32-8B2D54%2Frequests%2Flatest.json (Caused by SSLError(SSLEOFError(8, 'EOF occurred in violation of protocol (_ssl.c:1002)')))"}
2026-07-15 23:38:57,116 ERROR oss_ai_worker: Worker iteration failed for device_id=esp32-C3F8D0
urllib3.exceptions.SSLError: EOF occurred in violation of protocol (_ssl.c:1002)

The above exception was the direct cause of the following exception:

Traceback (most recent call last):
  File "G:\1_Personal_File\chessAssistant\gitHub_Code\ChessAssistantCode\cloud\local_oss_ai_worker\.venv\Lib\site-packages\requests\adapters.py", line 696, in send
    resp = conn.urlopen(
           ^^^^^^^^^^^^^
  File "G:\1_Personal_File\chessAssistant\gitHub_Code\ChessAssistantCode\cloud\local_oss_ai_worker\.venv\Lib\site-packages\urllib3\connectionpool.py", line 842, in urlopen
    retries = retries.increment(
              ^^^^^^^^^^^^^^^^^^
  File "G:\1_Personal_File\chessAssistant\gitHub_Code\ChessAssistantCode\cloud\local_oss_ai_worker\.venv\Lib\site-packages\urllib3\util\retry.py", line 543, in increment
    raise MaxRetryError(_pool, url, reason) from reason  # type: ignore[arg-type]
    ^^^^^^^^^^^^^^^^^^^^^^^^^^^^^^^^^^^^^^^^^^^^^^^^^^^
urllib3.exceptions.MaxRetryError: HTTPSConnectionPool(host='esp32-chess-assistant.oss-cn-hangzhou.aliyuncs.com', port=443): Max retries exceeded with url: /devices%2Fesp32-C3F8D0%2Frequests%2Flatest.json (Caused by SSLError(SSLEOFError(8, 'EOF occurred in violation of protocol (_ssl.c:1002)')))

During handling of the above exception, another exception occurred:

Traceback (most recent call last):
  File "G:\1_Personal_File\chessAssistant\gitHub_Code\ChessAssistantCode\cloud\local_oss_ai_worker\.venv\Lib\site-packages\oss2\http.py", line 47, in do_request
    return Response(self.session.request(req.method, req.url,
                    ^^^^^^^^^^^^^^^^^^^^^^^^^^^^^^^^^^^^^^^^^
  File "G:\1_Personal_File\chessAssistant\gitHub_Code\ChessAssistantCode\cloud\local_oss_ai_worker\.venv\Lib\site-packages\requests\sessions.py", line 651, in request
    resp = self.send(prep, **send_kwargs)
           ^^^^^^^^^^^^^^^^^^^^^^^^^^^^^^
  File "G:\1_Personal_File\chessAssistant\gitHub_Code\ChessAssistantCode\cloud\local_oss_ai_worker\.venv\Lib\site-packages\requests\sessions.py", line 784, in send
    r = adapter.send(request, **kwargs)
        ^^^^^^^^^^^^^^^^^^^^^^^^^^^^^^^
  File "G:\1_Personal_File\chessAssistant\gitHub_Code\ChessAssistantCode\cloud\local_oss_ai_worker\.venv\Lib\site-packages\requests\adapters.py", line 727, in send
    raise SSLError(e, request=request)
requests.exceptions.SSLError: HTTPSConnectionPool(host='esp32-chess-assistant.oss-cn-hangzhou.aliyuncs.com', port=443): Max retries exceeded with url: /devices%2Fesp32-C3F8D0%2Frequests%2Flatest.json (Caused by SSLError(SSLEOFError(8, 'EOF occurred in violation of protocol (_ssl.c:1002)')))

During handling of the above exception, another exception occurred:

Traceback (most recent call last):
  File "G:\1_Personal_File\chessAssistant\gitHub_Code\ChessAssistantCode\cloud\local_oss_ai_worker\worker.py", line 761, in main
    processed = process_one(bucket, args, state, device_id)
                ^^^^^^^^^^^^^^^^^^^^^^^^^^^^^^^^^^^^^^^^^^^
  File "G:\1_Personal_File\chessAssistant\gitHub_Code\ChessAssistantCode\cloud\local_oss_ai_worker\worker.py", line 644, in process_one
    manifest_key, manifest = read_manifest(bucket, device_id)
                             ^^^^^^^^^^^^^^^^^^^^^^^^^^^^^^^^
  File "G:\1_Personal_File\chessAssistant\gitHub_Code\ChessAssistantCode\cloud\local_oss_ai_worker\worker.py", line 597, in read_manifest
    body = bucket.get_object(manifest_key).read()
           ^^^^^^^^^^^^^^^^^^^^^^^^^^^^^^^
  File "G:\1_Personal_File\chessAssistant\gitHub_Code\ChessAssistantCode\cloud\local_oss_ai_worker\.venv\Lib\site-packages\oss2\api.py", line 1023, in get_object
    resp = self.__do_object('GET', key, headers=headers, params=params)
           ^^^^^^^^^^^^^^^^^^^^^^^^^^^^^^^^^^^^^^^^^^^^^^^^^^^^^^^^^^^^
  File "G:\1_Personal_File\chessAssistant\gitHub_Code\ChessAssistantCode\cloud\local_oss_ai_worker\.venv\Lib\site-packages\oss2\api.py", line 3392, in __do_object
    return self._do(method, self.bucket_name, key, **kwargs)
           ^^^^^^^^^^^^^^^^^^^^^^^^^^^^^^^^^^^^^^^^^^^^^^^^^
  File "G:\1_Personal_File\chessAssistant\gitHub_Code\ChessAssistantCode\cloud\local_oss_ai_worker\.venv\Lib\site-packages\oss2\api.py", line 237, in _do
    resp = self.session.do_request(req, timeout=self.timeout)
           ^^^^^^^^^^^^^^^^^^^^^^^^^^^^^^^^^^^^^^^^^^^^^^^^^^
  File "G:\1_Personal_File\chessAssistant\gitHub_Code\ChessAssistantCode\cloud\local_oss_ai_worker\.venv\Lib\site-packages\oss2\http.py", line 55, in do_request
    raise RequestError(e)
oss2.exceptions.RequestError: {'status': -2, 'x-oss-request-id': '', 'details': "RequestError: HTTPSConnectionPool(host='esp32-chess-assistant.oss-cn-hangzhou.aliyuncs.com', port=443): Max retries exceeded with url: /devices%2Fesp32-C3F8D0%2Frequests%2Flatest.json (Caused by SSLError(SSLEOFError(8, 'EOF occurred in violation of protocol (_ssl.c:1002)')))"}
2026-07-15 23:38:58,260 ERROR oss_ai_worker: Worker iteration failed for device_id=chess-441BF6C3F8D0
urllib3.exceptions.SSLError: EOF occurred in violation of protocol (_ssl.c:1002)

The above exception was the direct cause of the following exception:

Traceback (most recent call last):
  File "G:\1_Personal_File\chessAssistant\gitHub_Code\ChessAssistantCode\cloud\local_oss_ai_worker\.venv\Lib\site-packages\requests\adapters.py", line 696, in send
    resp = conn.urlopen(
           ^^^^^^^^^^^^^
  File "G:\1_Personal_File\chessAssistant\gitHub_Code\ChessAssistantCode\cloud\local_oss_ai_worker\.venv\Lib\site-packages\urllib3\connectionpool.py", line 842, in urlopen
    retries = retries.increment(
              ^^^^^^^^^^^^^^^^^^
  File "G:\1_Personal_File\chessAssistant\gitHub_Code\ChessAssistantCode\cloud\local_oss_ai_worker\.venv\Lib\site-packages\urllib3\util\retry.py", line 543, in increment
    raise MaxRetryError(_pool, url, reason) from reason  # type: ignore[arg-type]
    ^^^^^^^^^^^^^^^^^^^^^^^^^^^^^^^^^^^^^^^^^^^^^^^^^^^
urllib3.exceptions.MaxRetryError: HTTPSConnectionPool(host='esp32-chess-assistant.oss-cn-hangzhou.aliyuncs.com', port=443): Max retries exceeded with url: /devices%2Fchess-441BF6C3F8D0%2Frequests%2Flatest.json (Caused by SSLError(SSLEOFError(8, 'EOF occurred in violation of protocol (_ssl.c:1002)')))

During handling of the above exception, another exception occurred:

Traceback (most recent call last):
  File "G:\1_Personal_File\chessAssistant\gitHub_Code\ChessAssistantCode\cloud\local_oss_ai_worker\.venv\Lib\site-packages\oss2\http.py", line 47, in do_request
    return Response(self.session.request(req.method, req.url,
                    ^^^^^^^^^^^^^^^^^^^^^^^^^^^^^^^^^^^^^^^^^
  File "G:\1_Personal_File\chessAssistant\gitHub_Code\ChessAssistantCode\cloud\local_oss_ai_worker\.venv\Lib\site-packages\requests\sessions.py", line 651, in request
    resp = self.send(prep, **send_kwargs)
           ^^^^^^^^^^^^^^^^^^^^^^^^^^^^^^
  File "G:\1_Personal_File\chessAssistant\gitHub_Code\ChessAssistantCode\cloud\local_oss_ai_worker\.venv\Lib\site-packages\requests\sessions.py", line 784, in send
    r = adapter.send(request, **kwargs)
        ^^^^^^^^^^^^^^^^^^^^^^^^^^^^^^^
  File "G:\1_Personal_File\chessAssistant\gitHub_Code\ChessAssistantCode\cloud\local_oss_ai_worker\.venv\Lib\site-packages\requests\adapters.py", line 727, in send
    raise SSLError(e, request=request)
requests.exceptions.SSLError: HTTPSConnectionPool(host='esp32-chess-assistant.oss-cn-hangzhou.aliyuncs.com', port=443): Max retries exceeded with url: /devices%2Fchess-441BF6C3F8D0%2Frequests%2Flatest.json (Caused by SSLError(SSLEOFError(8, 'EOF occurred in violation of protocol (_ssl.c:1002)')))

During handling of the above exception, another exception occurred:

Traceback (most recent call last):
  File "G:\1_Personal_File\chessAssistant\gitHub_Code\ChessAssistantCode\cloud\local_oss_ai_worker\worker.py", line 761, in main
    processed = process_one(bucket, args, state, device_id)
                ^^^^^^^^^^^^^^^^^^^^^^^^^^^^^^^^^^^^^^^^^^^
  File "G:\1_Personal_File\chessAssistant\gitHub_Code\ChessAssistantCode\cloud\local_oss_ai_worker\worker.py", line 644, in process_one
    manifest_key, manifest = read_manifest(bucket, device_id)
                             ^^^^^^^^^^^^^^^^^^^^^^^^^^^^^^^^
  File "G:\1_Personal_File\chessAssistant\gitHub_Code\ChessAssistantCode\cloud\local_oss_ai_worker\worker.py", line 597, in read_manifest
    body = bucket.get_object(manifest_key).read()
           ^^^^^^^^^^^^^^^^^^^^^^^^^^^^^^^
  File "G:\1_Personal_File\chessAssistant\gitHub_Code\ChessAssistantCode\cloud\local_oss_ai_worker\.venv\Lib\site-packages\oss2\api.py", line 1023, in get_object
    resp = self.__do_object('GET', key, headers=headers, params=params)
           ^^^^^^^^^^^^^^^^^^^^^^^^^^^^^^^^^^^^^^^^^^^^^^^^^^^^^^^^^^^^
  File "G:\1_Personal_File\chessAssistant\gitHub_Code\ChessAssistantCode\cloud\local_oss_ai_worker\.venv\Lib\site-packages\oss2\api.py", line 3392, in __do_object
    return self._do(method, self.bucket_name, key, **kwargs)
           ^^^^^^^^^^^^^^^^^^^^^^^^^^^^^^^^^^^^^^^^^^^^^^^^^
  File "G:\1_Personal_File\chessAssistant\gitHub_Code\ChessAssistantCode\cloud\local_oss_ai_worker\.venv\Lib\site-packages\oss2\api.py", line 237, in _do
    resp = self.session.do_request(req, timeout=self.timeout)
           ^^^^^^^^^^^^^^^^^^^^^^^^^^^^^^^^^^^^^^^^^^^^^^^^^^
  File "G:\1_Personal_File\chessAssistant\gitHub_Code\ChessAssistantCode\cloud\local_oss_ai_worker\.venv\Lib\site-packages\oss2\http.py", line 55, in do_request
    raise RequestError(e)
oss2.exceptions.RequestError: {'status': -2, 'x-oss-request-id': '', 'details': "RequestError: HTTPSConnectionPool(host='esp32-chess-assistant.oss-cn-hangzhou.aliyuncs.com', port=443): Max retries exceeded with url: /devices%2Fchess-441BF6C3F8D0%2Frequests%2Flatest.json (Caused by SSLError(SSLEOFError(8, 'EOF occurred in violation of protocol (_ssl.c:1002)')))"}
2026-07-15 23:38:58,386 ERROR oss_ai_worker: Worker iteration failed for device_id=esp32-8B2D54
urllib3.exceptions.SSLError: EOF occurred in violation of protocol (_ssl.c:1002)

The above exception was the direct cause of the following exception:

Traceback (most recent call last):
  File "G:\1_Personal_File\chessAssistant\gitHub_Code\ChessAssistantCode\cloud\local_oss_ai_worker\.venv\Lib\site-packages\requests\adapters.py", line 696, in send
    resp = conn.urlopen(
           ^^^^^^^^^^^^^
  File "G:\1_Personal_File\chessAssistant\gitHub_Code\ChessAssistantCode\cloud\local_oss_ai_worker\.venv\Lib\site-packages\urllib3\connectionpool.py", line 842, in urlopen
    retries = retries.increment(
              ^^^^^^^^^^^^^^^^^^
  File "G:\1_Personal_File\chessAssistant\gitHub_Code\ChessAssistantCode\cloud\local_oss_ai_worker\.venv\Lib\site-packages\urllib3\util\retry.py", line 543, in increment
    raise MaxRetryError(_pool, url, reason) from reason  # type: ignore[arg-type]
    ^^^^^^^^^^^^^^^^^^^^^^^^^^^^^^^^^^^^^^^^^^^^^^^^^^^
urllib3.exceptions.MaxRetryError: HTTPSConnectionPool(host='esp32-chess-assistant.oss-cn-hangzhou.aliyuncs.com', port=443): Max retries exceeded with url: /devices%2Fesp32-8B2D54%2Frequests%2Flatest.json (Caused by SSLError(SSLEOFError(8, 'EOF occurred in violation of protocol (_ssl.c:1002)')))

During handling of the above exception, another exception occurred:

Traceback (most recent call last):
  File "G:\1_Personal_File\chessAssistant\gitHub_Code\ChessAssistantCode\cloud\local_oss_ai_worker\.venv\Lib\site-packages\oss2\http.py", line 47, in do_request
    return Response(self.session.request(req.method, req.url,
                    ^^^^^^^^^^^^^^^^^^^^^^^^^^^^^^^^^^^^^^^^^
  File "G:\1_Personal_File\chessAssistant\gitHub_Code\ChessAssistantCode\cloud\local_oss_ai_worker\.venv\Lib\site-packages\requests\sessions.py", line 651, in request
    resp = self.send(prep, **send_kwargs)
           ^^^^^^^^^^^^^^^^^^^^^^^^^^^^^^
  File "G:\1_Personal_File\chessAssistant\gitHub_Code\ChessAssistantCode\cloud\local_oss_ai_worker\.venv\Lib\site-packages\requests\sessions.py", line 784, in send
    r = adapter.send(request, **kwargs)
        ^^^^^^^^^^^^^^^^^^^^^^^^^^^^^^^
  File "G:\1_Personal_File\chessAssistant\gitHub_Code\ChessAssistantCode\cloud\local_oss_ai_worker\.venv\Lib\site-packages\requests\adapters.py", line 727, in send
    raise SSLError(e, request=request)
requests.exceptions.SSLError: HTTPSConnectionPool(host='esp32-chess-assistant.oss-cn-hangzhou.aliyuncs.com', port=443): Max retries exceeded with url: /devices%2Fesp32-8B2D54%2Frequests%2Flatest.json (Caused by SSLError(SSLEOFError(8, 'EOF occurred in violation of protocol (_ssl.c:1002)')))

During handling of the above exception, another exception occurred:

Traceback (most recent call last):
  File "G:\1_Personal_File\chessAssistant\gitHub_Code\ChessAssistantCode\cloud\local_oss_ai_worker\worker.py", line 761, in main
    processed = process_one(bucket, args, state, device_id)
                ^^^^^^^^^^^^^^^^^^^^^^^^^^^^^^^^^^^^^^^^^^^
  File "G:\1_Personal_File\chessAssistant\gitHub_Code\ChessAssistantCode\cloud\local_oss_ai_worker\worker.py", line 644, in process_one
    manifest_key, manifest = read_manifest(bucket, device_id)
                             ^^^^^^^^^^^^^^^^^^^^^^^^^^^^^^^^
  File "G:\1_Personal_File\chessAssistant\gitHub_Code\ChessAssistantCode\cloud\local_oss_ai_worker\worker.py", line 597, in read_manifest
    body = bucket.get_object(manifest_key).read()
           ^^^^^^^^^^^^^^^^^^^^^^^^^^^^^^^
  File "G:\1_Personal_File\chessAssistant\gitHub_Code\ChessAssistantCode\cloud\local_oss_ai_worker\.venv\Lib\site-packages\oss2\api.py", line 1023, in get_object
    resp = self.__do_object('GET', key, headers=headers, params=params)
           ^^^^^^^^^^^^^^^^^^^^^^^^^^^^^^^^^^^^^^^^^^^^^^^^^^^^^^^^^^^^
  File "G:\1_Personal_File\chessAssistant\gitHub_Code\ChessAssistantCode\cloud\local_oss_ai_worker\.venv\Lib\site-packages\oss2\api.py", line 3392, in __do_object
    return self._do(method, self.bucket_name, key, **kwargs)
           ^^^^^^^^^^^^^^^^^^^^^^^^^^^^^^^^^^^^^^^^^^^^^^^^^
  File "G:\1_Personal_File\chessAssistant\gitHub_Code\ChessAssistantCode\cloud\local_oss_ai_worker\.venv\Lib\site-packages\oss2\api.py", line 237, in _do
    resp = self.session.do_request(req, timeout=self.timeout)
           ^^^^^^^^^^^^^^^^^^^^^^^^^^^^^^^^^^^^^^^^^^^^^^^^^^
  File "G:\1_Personal_File\chessAssistant\gitHub_Code\ChessAssistantCode\cloud\local_oss_ai_worker\.venv\Lib\site-packages\oss2\http.py", line 55, in do_request
    raise RequestError(e)
oss2.exceptions.RequestError: {'status': -2, 'x-oss-request-id': '', 'details': "RequestError: HTTPSConnectionPool(host='esp32-chess-assistant.oss-cn-hangzhou.aliyuncs.com', port=443): Max retries exceeded with url: /devices%2Fesp32-8B2D54%2Frequests%2Flatest.json (Caused by SSLError(SSLEOFError(8, 'EOF occurred in violation of protocol (_ssl.c:1002)')))"}
2026-07-15 23:38:58,672 ERROR oss_ai_worker: Worker iteration failed for device_id=esp32-C3F8D0
urllib3.exceptions.SSLError: EOF occurred in violation of protocol (_ssl.c:1002)

The above exception was the direct cause of the following exception:

Traceback (most recent call last):
  File "G:\1_Personal_File\chessAssistant\gitHub_Code\ChessAssistantCode\cloud\local_oss_ai_worker\.venv\Lib\site-packages\requests\adapters.py", line 696, in send
    resp = conn.urlopen(
           ^^^^^^^^^^^^^
  File "G:\1_Personal_File\chessAssistant\gitHub_Code\ChessAssistantCode\cloud\local_oss_ai_worker\.venv\Lib\site-packages\urllib3\connectionpool.py", line 842, in urlopen
    retries = retries.increment(
              ^^^^^^^^^^^^^^^^^^
  File "G:\1_Personal_File\chessAssistant\gitHub_Code\ChessAssistantCode\cloud\local_oss_ai_worker\.venv\Lib\site-packages\urllib3\util\retry.py", line 543, in increment
    raise MaxRetryError(_pool, url, reason) from reason  # type: ignore[arg-type]
    ^^^^^^^^^^^^^^^^^^^^^^^^^^^^^^^^^^^^^^^^^^^^^^^^^^^
urllib3.exceptions.MaxRetryError: HTTPSConnectionPool(host='esp32-chess-assistant.oss-cn-hangzhou.aliyuncs.com', port=443): Max retries exceeded with url: /devices%2Fesp32-C3F8D0%2Frequests%2Flatest.json (Caused by SSLError(SSLEOFError(8, 'EOF occurred in violation of protocol (_ssl.c:1002)')))

During handling of the above exception, another exception occurred:

Traceback (most recent call last):
  File "G:\1_Personal_File\chessAssistant\gitHub_Code\ChessAssistantCode\cloud\local_oss_ai_worker\.venv\Lib\site-packages\oss2\http.py", line 47, in do_request
    return Response(self.session.request(req.method, req.url,
                    ^^^^^^^^^^^^^^^^^^^^^^^^^^^^^^^^^^^^^^^^^
  File "G:\1_Personal_File\chessAssistant\gitHub_Code\ChessAssistantCode\cloud\local_oss_ai_worker\.venv\Lib\site-packages\requests\sessions.py", line 651, in request
    resp = self.send(prep, **send_kwargs)
           ^^^^^^^^^^^^^^^^^^^^^^^^^^^^^^
  File "G:\1_Personal_File\chessAssistant\gitHub_Code\ChessAssistantCode\cloud\local_oss_ai_worker\.venv\Lib\site-packages\requests\sessions.py", line 784, in send
    r = adapter.send(request, **kwargs)
        ^^^^^^^^^^^^^^^^^^^^^^^^^^^^^^^
  File "G:\1_Personal_File\chessAssistant\gitHub_Code\ChessAssistantCode\cloud\local_oss_ai_worker\.venv\Lib\site-packages\requests\adapters.py", line 727, in send
    raise SSLError(e, request=request)
requests.exceptions.SSLError: HTTPSConnectionPool(host='esp32-chess-assistant.oss-cn-hangzhou.aliyuncs.com', port=443): Max retries exceeded with url: /devices%2Fesp32-C3F8D0%2Frequests%2Flatest.json (Caused by SSLError(SSLEOFError(8, 'EOF occurred in violation of protocol (_ssl.c:1002)')))

During handling of the above exception, another exception occurred:

Traceback (most recent call last):
  File "G:\1_Personal_File\chessAssistant\gitHub_Code\ChessAssistantCode\cloud\local_oss_ai_worker\worker.py", line 761, in main
    processed = process_one(bucket, args, state, device_id)
                ^^^^^^^^^^^^^^^^^^^^^^^^^^^^^^^^^^^^^^^^^^^
  File "G:\1_Personal_File\chessAssistant\gitHub_Code\ChessAssistantCode\cloud\local_oss_ai_worker\worker.py", line 644, in process_one
    manifest_key, manifest = read_manifest(bucket, device_id)
                             ^^^^^^^^^^^^^^^^^^^^^^^^^^^^^^^^
  File "G:\1_Personal_File\chessAssistant\gitHub_Code\ChessAssistantCode\cloud\local_oss_ai_worker\worker.py", line 597, in read_manifest
    body = bucket.get_object(manifest_key).read()
           ^^^^^^^^^^^^^^^^^^^^^^^^^^^^^^^
  File "G:\1_Personal_File\chessAssistant\gitHub_Code\ChessAssistantCode\cloud\local_oss_ai_worker\.venv\Lib\site-packages\oss2\api.py", line 1023, in get_object
    resp = self.__do_object('GET', key, headers=headers, params=params)
           ^^^^^^^^^^^^^^^^^^^^^^^^^^^^^^^^^^^^^^^^^^^^^^^^^^^^^^^^^^^^
  File "G:\1_Personal_File\chessAssistant\gitHub_Code\ChessAssistantCode\cloud\local_oss_ai_worker\.venv\Lib\site-packages\oss2\api.py", line 3392, in __do_object
    return self._do(method, self.bucket_name, key, **kwargs)
           ^^^^^^^^^^^^^^^^^^^^^^^^^^^^^^^^^^^^^^^^^^^^^^^^^
  File "G:\1_Personal_File\chessAssistant\gitHub_Code\ChessAssistantCode\cloud\local_oss_ai_worker\.venv\Lib\site-packages\oss2\api.py", line 237, in _do
    resp = self.session.do_request(req, timeout=self.timeout)
           ^^^^^^^^^^^^^^^^^^^^^^^^^^^^^^^^^^^^^^^^^^^^^^^^^^
  File "G:\1_Personal_File\chessAssistant\gitHub_Code\ChessAssistantCode\cloud\local_oss_ai_worker\.venv\Lib\site-packages\oss2\http.py", line 55, in do_request
    raise RequestError(e)
oss2.exceptions.RequestError: {'status': -2, 'x-oss-request-id': '', 'details': "RequestError: HTTPSConnectionPool(host='esp32-chess-assistant.oss-cn-hangzhou.aliyuncs.com', port=443): Max retries exceeded with url: /devices%2Fesp32-C3F8D0%2Frequests%2Flatest.json (Caused by SSLError(SSLEOFError(8, 'EOF occurred in violation of protocol (_ssl.c:1002)')))"}
2026-07-15 23:38:59,802 ERROR oss_ai_worker: Worker iteration failed for device_id=chess-441BF6C3F8D0
urllib3.exceptions.SSLError: EOF occurred in violation of protocol (_ssl.c:1002)

The above exception was the direct cause of the following exception:

Traceback (most recent call last):
  File "G:\1_Personal_File\chessAssistant\gitHub_Code\ChessAssistantCode\cloud\local_oss_ai_worker\.venv\Lib\site-packages\requests\adapters.py", line 696, in send
    resp = conn.urlopen(
           ^^^^^^^^^^^^^
  File "G:\1_Personal_File\chessAssistant\gitHub_Code\ChessAssistantCode\cloud\local_oss_ai_worker\.venv\Lib\site-packages\urllib3\connectionpool.py", line 842, in urlopen
    retries = retries.increment(
              ^^^^^^^^^^^^^^^^^^
  File "G:\1_Personal_File\chessAssistant\gitHub_Code\ChessAssistantCode\cloud\local_oss_ai_worker\.venv\Lib\site-packages\urllib3\util\retry.py", line 543, in increment
    raise MaxRetryError(_pool, url, reason) from reason  # type: ignore[arg-type]
    ^^^^^^^^^^^^^^^^^^^^^^^^^^^^^^^^^^^^^^^^^^^^^^^^^^^
urllib3.exceptions.MaxRetryError: HTTPSConnectionPool(host='esp32-chess-assistant.oss-cn-hangzhou.aliyuncs.com', port=443): Max retries exceeded with url: /devices%2Fchess-441BF6C3F8D0%2Frequests%2Flatest.json (Caused by SSLError(SSLEOFError(8, 'EOF occurred in violation of protocol (_ssl.c:1002)')))

During handling of the above exception, another exception occurred:

Traceback (most recent call last):
  File "G:\1_Personal_File\chessAssistant\gitHub_Code\ChessAssistantCode\cloud\local_oss_ai_worker\.venv\Lib\site-packages\oss2\http.py", line 47, in do_request
    return Response(self.session.request(req.method, req.url,
                    ^^^^^^^^^^^^^^^^^^^^^^^^^^^^^^^^^^^^^^^^^
  File "G:\1_Personal_File\chessAssistant\gitHub_Code\ChessAssistantCode\cloud\local_oss_ai_worker\.venv\Lib\site-packages\requests\sessions.py", line 651, in request
    resp = self.send(prep, **send_kwargs)
           ^^^^^^^^^^^^^^^^^^^^^^^^^^^^^^
  File "G:\1_Personal_File\chessAssistant\gitHub_Code\ChessAssistantCode\cloud\local_oss_ai_worker\.venv\Lib\site-packages\requests\sessions.py", line 784, in send
    r = adapter.send(request, **kwargs)
        ^^^^^^^^^^^^^^^^^^^^^^^^^^^^^^^
  File "G:\1_Personal_File\chessAssistant\gitHub_Code\ChessAssistantCode\cloud\local_oss_ai_worker\.venv\Lib\site-packages\requests\adapters.py", line 727, in send
    raise SSLError(e, request=request)
requests.exceptions.SSLError: HTTPSConnectionPool(host='esp32-chess-assistant.oss-cn-hangzhou.aliyuncs.com', port=443): Max retries exceeded with url: /devices%2Fchess-441BF6C3F8D0%2Frequests%2Flatest.json (Caused by SSLError(SSLEOFError(8, 'EOF occurred in violation of protocol (_ssl.c:1002)')))

During handling of the above exception, another exception occurred:

Traceback (most recent call last):
  File "G:\1_Personal_File\chessAssistant\gitHub_Code\ChessAssistantCode\cloud\local_oss_ai_worker\worker.py", line 761, in main
    processed = process_one(bucket, args, state, device_id)
                ^^^^^^^^^^^^^^^^^^^^^^^^^^^^^^^^^^^^^^^^^^^
  File "G:\1_Personal_File\chessAssistant\gitHub_Code\ChessAssistantCode\cloud\local_oss_ai_worker\worker.py", line 644, in process_one
    manifest_key, manifest = read_manifest(bucket, device_id)
                             ^^^^^^^^^^^^^^^^^^^^^^^^^^^^^^^^
  File "G:\1_Personal_File\chessAssistant\gitHub_Code\ChessAssistantCode\cloud\local_oss_ai_worker\worker.py", line 597, in read_manifest
    body = bucket.get_object(manifest_key).read()
           ^^^^^^^^^^^^^^^^^^^^^^^^^^^^^^^
  File "G:\1_Personal_File\chessAssistant\gitHub_Code\ChessAssistantCode\cloud\local_oss_ai_worker\.venv\Lib\site-packages\oss2\api.py", line 1023, in get_object
    resp = self.__do_object('GET', key, headers=headers, params=params)
           ^^^^^^^^^^^^^^^^^^^^^^^^^^^^^^^^^^^^^^^^^^^^^^^^^^^^^^^^^^^^
  File "G:\1_Personal_File\chessAssistant\gitHub_Code\ChessAssistantCode\cloud\local_oss_ai_worker\.venv\Lib\site-packages\oss2\api.py", line 3392, in __do_object
    return self._do(method, self.bucket_name, key, **kwargs)
           ^^^^^^^^^^^^^^^^^^^^^^^^^^^^^^^^^^^^^^^^^^^^^^^^^
  File "G:\1_Personal_File\chessAssistant\gitHub_Code\ChessAssistantCode\cloud\local_oss_ai_worker\.venv\Lib\site-packages\oss2\api.py", line 237, in _do
    resp = self.session.do_request(req, timeout=self.timeout)
           ^^^^^^^^^^^^^^^^^^^^^^^^^^^^^^^^^^^^^^^^^^^^^^^^^^
  File "G:\1_Personal_File\chessAssistant\gitHub_Code\ChessAssistantCode\cloud\local_oss_ai_worker\.venv\Lib\site-packages\oss2\http.py", line 55, in do_request
    raise RequestError(e)
oss2.exceptions.RequestError: {'status': -2, 'x-oss-request-id': '', 'details': "RequestError: HTTPSConnectionPool(host='esp32-chess-assistant.oss-cn-hangzhou.aliyuncs.com', port=443): Max retries exceeded with url: /devices%2Fchess-441BF6C3F8D0%2Frequests%2Flatest.json (Caused by SSLError(SSLEOFError(8, 'EOF occurred in violation of protocol (_ssl.c:1002)')))"}
2026-07-15 23:38:59,934 ERROR oss_ai_worker: Worker iteration failed for device_id=esp32-8B2D54
urllib3.exceptions.SSLError: EOF occurred in violation of protocol (_ssl.c:1002)

The above exception was the direct cause of the following exception:

Traceback (most recent call last):
  File "G:\1_Personal_File\chessAssistant\gitHub_Code\ChessAssistantCode\cloud\local_oss_ai_worker\.venv\Lib\site-packages\requests\adapters.py", line 696, in send
    resp = conn.urlopen(
           ^^^^^^^^^^^^^
  File "G:\1_Personal_File\chessAssistant\gitHub_Code\ChessAssistantCode\cloud\local_oss_ai_worker\.venv\Lib\site-packages\urllib3\connectionpool.py", line 842, in urlopen
    retries = retries.increment(
              ^^^^^^^^^^^^^^^^^^
  File "G:\1_Personal_File\chessAssistant\gitHub_Code\ChessAssistantCode\cloud\local_oss_ai_worker\.venv\Lib\site-packages\urllib3\util\retry.py", line 543, in increment
    raise MaxRetryError(_pool, url, reason) from reason  # type: ignore[arg-type]
    ^^^^^^^^^^^^^^^^^^^^^^^^^^^^^^^^^^^^^^^^^^^^^^^^^^^
urllib3.exceptions.MaxRetryError: HTTPSConnectionPool(host='esp32-chess-assistant.oss-cn-hangzhou.aliyuncs.com', port=443): Max retries exceeded with url: /devices%2Fesp32-8B2D54%2Frequests%2Flatest.json (Caused by SSLError(SSLEOFError(8, 'EOF occurred in violation of protocol (_ssl.c:1002)')))

During handling of the above exception, another exception occurred:

Traceback (most recent call last):
  File "G:\1_Personal_File\chessAssistant\gitHub_Code\ChessAssistantCode\cloud\local_oss_ai_worker\.venv\Lib\site-packages\oss2\http.py", line 47, in do_request
    return Response(self.session.request(req.method, req.url,
                    ^^^^^^^^^^^^^^^^^^^^^^^^^^^^^^^^^^^^^^^^^
  File "G:\1_Personal_File\chessAssistant\gitHub_Code\ChessAssistantCode\cloud\local_oss_ai_worker\.venv\Lib\site-packages\requests\sessions.py", line 651, in request
    resp = self.send(prep, **send_kwargs)
           ^^^^^^^^^^^^^^^^^^^^^^^^^^^^^^
  File "G:\1_Personal_File\chessAssistant\gitHub_Code\ChessAssistantCode\cloud\local_oss_ai_worker\.venv\Lib\site-packages\requests\sessions.py", line 784, in send
    r = adapter.send(request, **kwargs)
        ^^^^^^^^^^^^^^^^^^^^^^^^^^^^^^^
  File "G:\1_Personal_File\chessAssistant\gitHub_Code\ChessAssistantCode\cloud\local_oss_ai_worker\.venv\Lib\site-packages\requests\adapters.py", line 727, in send
    raise SSLError(e, request=request)
requests.exceptions.SSLError: HTTPSConnectionPool(host='esp32-chess-assistant.oss-cn-hangzhou.aliyuncs.com', port=443): Max retries exceeded with url: /devices%2Fesp32-8B2D54%2Frequests%2Flatest.json (Caused by SSLError(SSLEOFError(8, 'EOF occurred in violation of protocol (_ssl.c:1002)')))

During handling of the above exception, another exception occurred:

Traceback (most recent call last):
  File "G:\1_Personal_File\chessAssistant\gitHub_Code\ChessAssistantCode\cloud\local_oss_ai_worker\worker.py", line 761, in main
    processed = process_one(bucket, args, state, device_id)
                ^^^^^^^^^^^^^^^^^^^^^^^^^^^^^^^^^^^^^^^^^^^
  File "G:\1_Personal_File\chessAssistant\gitHub_Code\ChessAssistantCode\cloud\local_oss_ai_worker\worker.py", line 644, in process_one
    manifest_key, manifest = read_manifest(bucket, device_id)
                             ^^^^^^^^^^^^^^^^^^^^^^^^^^^^^^^^
  File "G:\1_Personal_File\chessAssistant\gitHub_Code\ChessAssistantCode\cloud\local_oss_ai_worker\worker.py", line 597, in read_manifest
    body = bucket.get_object(manifest_key).read()
           ^^^^^^^^^^^^^^^^^^^^^^^^^^^^^^^
  File "G:\1_Personal_File\chessAssistant\gitHub_Code\ChessAssistantCode\cloud\local_oss_ai_worker\.venv\Lib\site-packages\oss2\api.py", line 1023, in get_object
    resp = self.__do_object('GET', key, headers=headers, params=params)
           ^^^^^^^^^^^^^^^^^^^^^^^^^^^^^^^^^^^^^^^^^^^^^^^^^^^^^^^^^^^^
  File "G:\1_Personal_File\chessAssistant\gitHub_Code\ChessAssistantCode\cloud\local_oss_ai_worker\.venv\Lib\site-packages\oss2\api.py", line 3392, in __do_object
    return self._do(method, self.bucket_name, key, **kwargs)
           ^^^^^^^^^^^^^^^^^^^^^^^^^^^^^^^^^^^^^^^^^^^^^^^^^
  File "G:\1_Personal_File\chessAssistant\gitHub_Code\ChessAssistantCode\cloud\local_oss_ai_worker\.venv\Lib\site-packages\oss2\api.py", line 237, in _do
    resp = self.session.do_request(req, timeout=self.timeout)
           ^^^^^^^^^^^^^^^^^^^^^^^^^^^^^^^^^^^^^^^^^^^^^^^^^^
  File "G:\1_Personal_File\chessAssistant\gitHub_Code\ChessAssistantCode\cloud\local_oss_ai_worker\.venv\Lib\site-packages\oss2\http.py", line 55, in do_request
    raise RequestError(e)
oss2.exceptions.RequestError: {'status': -2, 'x-oss-request-id': '', 'details': "RequestError: HTTPSConnectionPool(host='esp32-chess-assistant.oss-cn-hangzhou.aliyuncs.com', port=443): Max retries exceeded with url: /devices%2Fesp32-8B2D54%2Frequests%2Flatest.json (Caused by SSLError(SSLEOFError(8, 'EOF occurred in violation of protocol (_ssl.c:1002)')))"}
2026-07-15 23:39:00,073 ERROR oss_ai_worker: Worker iteration failed for device_id=esp32-C3F8D0
urllib3.exceptions.SSLError: EOF occurred in violation of protocol (_ssl.c:1002)

The above exception was the direct cause of the following exception:

Traceback (most recent call last):
  File "G:\1_Personal_File\chessAssistant\gitHub_Code\ChessAssistantCode\cloud\local_oss_ai_worker\.venv\Lib\site-packages\requests\adapters.py", line 696, in send
    resp = conn.urlopen(
           ^^^^^^^^^^^^^
  File "G:\1_Personal_File\chessAssistant\gitHub_Code\ChessAssistantCode\cloud\local_oss_ai_worker\.venv\Lib\site-packages\urllib3\connectionpool.py", line 842, in urlopen
    retries = retries.increment(
              ^^^^^^^^^^^^^^^^^^
  File "G:\1_Personal_File\chessAssistant\gitHub_Code\ChessAssistantCode\cloud\local_oss_ai_worker\.venv\Lib\site-packages\urllib3\util\retry.py", line 543, in increment
    raise MaxRetryError(_pool, url, reason) from reason  # type: ignore[arg-type]
    ^^^^^^^^^^^^^^^^^^^^^^^^^^^^^^^^^^^^^^^^^^^^^^^^^^^
urllib3.exceptions.MaxRetryError: HTTPSConnectionPool(host='esp32-chess-assistant.oss-cn-hangzhou.aliyuncs.com', port=443): Max retries exceeded with url: /devices%2Fesp32-C3F8D0%2Frequests%2Flatest.json (Caused by SSLError(SSLEOFError(8, 'EOF occurred in violation of protocol (_ssl.c:1002)')))

During handling of the above exception, another exception occurred:

Traceback (most recent call last):
  File "G:\1_Personal_File\chessAssistant\gitHub_Code\ChessAssistantCode\cloud\local_oss_ai_worker\.venv\Lib\site-packages\oss2\http.py", line 47, in do_request
    return Response(self.session.request(req.method, req.url,
                    ^^^^^^^^^^^^^^^^^^^^^^^^^^^^^^^^^^^^^^^^^
  File "G:\1_Personal_File\chessAssistant\gitHub_Code\ChessAssistantCode\cloud\local_oss_ai_worker\.venv\Lib\site-packages\requests\sessions.py", line 651, in request
    resp = self.send(prep, **send_kwargs)
           ^^^^^^^^^^^^^^^^^^^^^^^^^^^^^^
  File "G:\1_Personal_File\chessAssistant\gitHub_Code\ChessAssistantCode\cloud\local_oss_ai_worker\.venv\Lib\site-packages\requests\sessions.py", line 784, in send
    r = adapter.send(request, **kwargs)
        ^^^^^^^^^^^^^^^^^^^^^^^^^^^^^^^
  File "G:\1_Personal_File\chessAssistant\gitHub_Code\ChessAssistantCode\cloud\local_oss_ai_worker\.venv\Lib\site-packages\requests\adapters.py", line 727, in send
    raise SSLError(e, request=request)
requests.exceptions.SSLError: HTTPSConnectionPool(host='esp32-chess-assistant.oss-cn-hangzhou.aliyuncs.com', port=443): Max retries exceeded with url: /devices%2Fesp32-C3F8D0%2Frequests%2Flatest.json (Caused by SSLError(SSLEOFError(8, 'EOF occurred in violation of protocol (_ssl.c:1002)')))

During handling of the above exception, another exception occurred:

Traceback (most recent call last):
  File "G:\1_Personal_File\chessAssistant\gitHub_Code\ChessAssistantCode\cloud\local_oss_ai_worker\worker.py", line 761, in main
    processed = process_one(bucket, args, state, device_id)
                ^^^^^^^^^^^^^^^^^^^^^^^^^^^^^^^^^^^^^^^^^^^
  File "G:\1_Personal_File\chessAssistant\gitHub_Code\ChessAssistantCode\cloud\local_oss_ai_worker\worker.py", line 644, in process_one
    manifest_key, manifest = read_manifest(bucket, device_id)
                             ^^^^^^^^^^^^^^^^^^^^^^^^^^^^^^^^
  File "G:\1_Personal_File\chessAssistant\gitHub_Code\ChessAssistantCode\cloud\local_oss_ai_worker\worker.py", line 597, in read_manifest
    body = bucket.get_object(manifest_key).read()
           ^^^^^^^^^^^^^^^^^^^^^^^^^^^^^^^
  File "G:\1_Personal_File\chessAssistant\gitHub_Code\ChessAssistantCode\cloud\local_oss_ai_worker\.venv\Lib\site-packages\oss2\api.py", line 1023, in get_object
    resp = self.__do_object('GET', key, headers=headers, params=params)
           ^^^^^^^^^^^^^^^^^^^^^^^^^^^^^^^^^^^^^^^^^^^^^^^^^^^^^^^^^^^^
  File "G:\1_Personal_File\chessAssistant\gitHub_Code\ChessAssistantCode\cloud\local_oss_ai_worker\.venv\Lib\site-packages\oss2\api.py", line 3392, in __do_object
    return self._do(method, self.bucket_name, key, **kwargs)
           ^^^^^^^^^^^^^^^^^^^^^^^^^^^^^^^^^^^^^^^^^^^^^^^^^
  File "G:\1_Personal_File\chessAssistant\gitHub_Code\ChessAssistantCode\cloud\local_oss_ai_worker\.venv\Lib\site-packages\oss2\api.py", line 237, in _do
    resp = self.session.do_request(req, timeout=self.timeout)
           ^^^^^^^^^^^^^^^^^^^^^^^^^^^^^^^^^^^^^^^^^^^^^^^^^^
  File "G:\1_Personal_File\chessAssistant\gitHub_Code\ChessAssistantCode\cloud\local_oss_ai_worker\.venv\Lib\site-packages\oss2\http.py", line 55, in do_request
    raise RequestError(e)
oss2.exceptions.RequestError: {'status': -2, 'x-oss-request-id': '', 'details': "RequestError: HTTPSConnectionPool(host='esp32-chess-assistant.oss-cn-hangzhou.aliyuncs.com', port=443): Max retries exceeded with url: /devices%2Fesp32-C3F8D0%2Frequests%2Flatest.json (Caused by SSLError(SSLEOFError(8, 'EOF occurred in violation of protocol (_ssl.c:1002)')))"}
2026-07-15 23:39:01,210 ERROR oss_ai_worker: Worker iteration failed for device_id=chess-441BF6C3F8D0
urllib3.exceptions.SSLError: EOF occurred in violation of protocol (_ssl.c:1002)

The above exception was the direct cause of the following exception:

Traceback (most recent call last):
  File "G:\1_Personal_File\chessAssistant\gitHub_Code\ChessAssistantCode\cloud\local_oss_ai_worker\.venv\Lib\site-packages\requests\adapters.py", line 696, in send
    resp = conn.urlopen(
           ^^^^^^^^^^^^^
  File "G:\1_Personal_File\chessAssistant\gitHub_Code\ChessAssistantCode\cloud\local_oss_ai_worker\.venv\Lib\site-packages\urllib3\connectionpool.py", line 842, in urlopen
    retries = retries.increment(
              ^^^^^^^^^^^^^^^^^^
  File "G:\1_Personal_File\chessAssistant\gitHub_Code\ChessAssistantCode\cloud\local_oss_ai_worker\.venv\Lib\site-packages\urllib3\util\retry.py", line 543, in increment
    raise MaxRetryError(_pool, url, reason) from reason  # type: ignore[arg-type]
    ^^^^^^^^^^^^^^^^^^^^^^^^^^^^^^^^^^^^^^^^^^^^^^^^^^^
urllib3.exceptions.MaxRetryError: HTTPSConnectionPool(host='esp32-chess-assistant.oss-cn-hangzhou.aliyuncs.com', port=443): Max retries exceeded with url: /devices%2Fchess-441BF6C3F8D0%2Frequests%2Flatest.json (Caused by SSLError(SSLEOFError(8, 'EOF occurred in violation of protocol (_ssl.c:1002)')))

During handling of the above exception, another exception occurred:

Traceback (most recent call last):
  File "G:\1_Personal_File\chessAssistant\gitHub_Code\ChessAssistantCode\cloud\local_oss_ai_worker\.venv\Lib\site-packages\oss2\http.py", line 47, in do_request
    return Response(self.session.request(req.method, req.url,
                    ^^^^^^^^^^^^^^^^^^^^^^^^^^^^^^^^^^^^^^^^^
  File "G:\1_Personal_File\chessAssistant\gitHub_Code\ChessAssistantCode\cloud\local_oss_ai_worker\.venv\Lib\site-packages\requests\sessions.py", line 651, in request
    resp = self.send(prep, **send_kwargs)
           ^^^^^^^^^^^^^^^^^^^^^^^^^^^^^^
  File "G:\1_Personal_File\chessAssistant\gitHub_Code\ChessAssistantCode\cloud\local_oss_ai_worker\.venv\Lib\site-packages\requests\sessions.py", line 784, in send
    r = adapter.send(request, **kwargs)
        ^^^^^^^^^^^^^^^^^^^^^^^^^^^^^^^
  File "G:\1_Personal_File\chessAssistant\gitHub_Code\ChessAssistantCode\cloud\local_oss_ai_worker\.venv\Lib\site-packages\requests\adapters.py", line 727, in send
    raise SSLError(e, request=request)
requests.exceptions.SSLError: HTTPSConnectionPool(host='esp32-chess-assistant.oss-cn-hangzhou.aliyuncs.com', port=443): Max retries exceeded with url: /devices%2Fchess-441BF6C3F8D0%2Frequests%2Flatest.json (Caused by SSLError(SSLEOFError(8, 'EOF occurred in violation of protocol (_ssl.c:1002)')))

During handling of the above exception, another exception occurred:

Traceback (most recent call last):
  File "G:\1_Personal_File\chessAssistant\gitHub_Code\ChessAssistantCode\cloud\local_oss_ai_worker\worker.py", line 761, in main
    processed = process_one(bucket, args, state, device_id)
                ^^^^^^^^^^^^^^^^^^^^^^^^^^^^^^^^^^^^^^^^^^^
  File "G:\1_Personal_File\chessAssistant\gitHub_Code\ChessAssistantCode\cloud\local_oss_ai_worker\worker.py", line 644, in process_one
    manifest_key, manifest = read_manifest(bucket, device_id)
                             ^^^^^^^^^^^^^^^^^^^^^^^^^^^^^^^^
  File "G:\1_Personal_File\chessAssistant\gitHub_Code\ChessAssistantCode\cloud\local_oss_ai_worker\worker.py", line 597, in read_manifest
    body = bucket.get_object(manifest_key).read()
           ^^^^^^^^^^^^^^^^^^^^^^^^^^^^^^^
  File "G:\1_Personal_File\chessAssistant\gitHub_Code\ChessAssistantCode\cloud\local_oss_ai_worker\.venv\Lib\site-packages\oss2\api.py", line 1023, in get_object
    resp = self.__do_object('GET', key, headers=headers, params=params)
           ^^^^^^^^^^^^^^^^^^^^^^^^^^^^^^^^^^^^^^^^^^^^^^^^^^^^^^^^^^^^
  File "G:\1_Personal_File\chessAssistant\gitHub_Code\ChessAssistantCode\cloud\local_oss_ai_worker\.venv\Lib\site-packages\oss2\api.py", line 3392, in __do_object
    return self._do(method, self.bucket_name, key, **kwargs)
           ^^^^^^^^^^^^^^^^^^^^^^^^^^^^^^^^^^^^^^^^^^^^^^^^^
  File "G:\1_Personal_File\chessAssistant\gitHub_Code\ChessAssistantCode\cloud\local_oss_ai_worker\.venv\Lib\site-packages\oss2\api.py", line 237, in _do
    resp = self.session.do_request(req, timeout=self.timeout)
           ^^^^^^^^^^^^^^^^^^^^^^^^^^^^^^^^^^^^^^^^^^^^^^^^^^
  File "G:\1_Personal_File\chessAssistant\gitHub_Code\ChessAssistantCode\cloud\local_oss_ai_worker\.venv\Lib\site-packages\oss2\http.py", line 55, in do_request
    raise RequestError(e)
oss2.exceptions.RequestError: {'status': -2, 'x-oss-request-id': '', 'details': "RequestError: HTTPSConnectionPool(host='esp32-chess-assistant.oss-cn-hangzhou.aliyuncs.com', port=443): Max retries exceeded with url: /devices%2Fchess-441BF6C3F8D0%2Frequests%2Flatest.json (Caused by SSLError(SSLEOFError(8, 'EOF occurred in violation of protocol (_ssl.c:1002)')))"}
2026-07-15 23:39:01,427 ERROR oss_ai_worker: Worker iteration failed for device_id=esp32-8B2D54
urllib3.exceptions.SSLError: EOF occurred in violation of protocol (_ssl.c:1002)

The above exception was the direct cause of the following exception:

Traceback (most recent call last):
  File "G:\1_Personal_File\chessAssistant\gitHub_Code\ChessAssistantCode\cloud\local_oss_ai_worker\.venv\Lib\site-packages\requests\adapters.py", line 696, in send
    resp = conn.urlopen(
           ^^^^^^^^^^^^^
  File "G:\1_Personal_File\chessAssistant\gitHub_Code\ChessAssistantCode\cloud\local_oss_ai_worker\.venv\Lib\site-packages\urllib3\connectionpool.py", line 842, in urlopen
    retries = retries.increment(
              ^^^^^^^^^^^^^^^^^^
  File "G:\1_Personal_File\chessAssistant\gitHub_Code\ChessAssistantCode\cloud\local_oss_ai_worker\.venv\Lib\site-packages\urllib3\util\retry.py", line 543, in increment
    raise MaxRetryError(_pool, url, reason) from reason  # type: ignore[arg-type]
    ^^^^^^^^^^^^^^^^^^^^^^^^^^^^^^^^^^^^^^^^^^^^^^^^^^^
urllib3.exceptions.MaxRetryError: HTTPSConnectionPool(host='esp32-chess-assistant.oss-cn-hangzhou.aliyuncs.com', port=443): Max retries exceeded with url: /devices%2Fesp32-8B2D54%2Frequests%2Flatest.json (Caused by SSLError(SSLEOFError(8, 'EOF occurred in violation of protocol (_ssl.c:1002)')))

During handling of the above exception, another exception occurred:

Traceback (most recent call last):
  File "G:\1_Personal_File\chessAssistant\gitHub_Code\ChessAssistantCode\cloud\local_oss_ai_worker\.venv\Lib\site-packages\oss2\http.py", line 47, in do_request
    return Response(self.session.request(req.method, req.url,
                    ^^^^^^^^^^^^^^^^^^^^^^^^^^^^^^^^^^^^^^^^^
  File "G:\1_Personal_File\chessAssistant\gitHub_Code\ChessAssistantCode\cloud\local_oss_ai_worker\.venv\Lib\site-packages\requests\sessions.py", line 651, in request
    resp = self.send(prep, **send_kwargs)
           ^^^^^^^^^^^^^^^^^^^^^^^^^^^^^^
  File "G:\1_Personal_File\chessAssistant\gitHub_Code\ChessAssistantCode\cloud\local_oss_ai_worker\.venv\Lib\site-packages\requests\sessions.py", line 784, in send
    r = adapter.send(request, **kwargs)
        ^^^^^^^^^^^^^^^^^^^^^^^^^^^^^^^
  File "G:\1_Personal_File\chessAssistant\gitHub_Code\ChessAssistantCode\cloud\local_oss_ai_worker\.venv\Lib\site-packages\requests\adapters.py", line 727, in send
    raise SSLError(e, request=request)
requests.exceptions.SSLError: HTTPSConnectionPool(host='esp32-chess-assistant.oss-cn-hangzhou.aliyuncs.com', port=443): Max retries exceeded with url: /devices%2Fesp32-8B2D54%2Frequests%2Flatest.json (Caused by SSLError(SSLEOFError(8, 'EOF occurred in violation of protocol (_ssl.c:1002)')))

During handling of the above exception, another exception occurred:

Traceback (most recent call last):
  File "G:\1_Personal_File\chessAssistant\gitHub_Code\ChessAssistantCode\cloud\local_oss_ai_worker\worker.py", line 761, in main
    processed = process_one(bucket, args, state, device_id)
                ^^^^^^^^^^^^^^^^^^^^^^^^^^^^^^^^^^^^^^^^^^^
  File "G:\1_Personal_File\chessAssistant\gitHub_Code\ChessAssistantCode\cloud\local_oss_ai_worker\worker.py", line 644, in process_one
    manifest_key, manifest = read_manifest(bucket, device_id)
                             ^^^^^^^^^^^^^^^^^^^^^^^^^^^^^^^^
  File "G:\1_Personal_File\chessAssistant\gitHub_Code\ChessAssistantCode\cloud\local_oss_ai_worker\worker.py", line 597, in read_manifest
    body = bucket.get_object(manifest_key).read()
           ^^^^^^^^^^^^^^^^^^^^^^^^^^^^^^^
  File "G:\1_Personal_File\chessAssistant\gitHub_Code\ChessAssistantCode\cloud\local_oss_ai_worker\.venv\Lib\site-packages\oss2\api.py", line 1023, in get_object
    resp = self.__do_object('GET', key, headers=headers, params=params)
           ^^^^^^^^^^^^^^^^^^^^^^^^^^^^^^^^^^^^^^^^^^^^^^^^^^^^^^^^^^^^
  File "G:\1_Personal_File\chessAssistant\gitHub_Code\ChessAssistantCode\cloud\local_oss_ai_worker\.venv\Lib\site-packages\oss2\api.py", line 3392, in __do_object
    return self._do(method, self.bucket_name, key, **kwargs)
           ^^^^^^^^^^^^^^^^^^^^^^^^^^^^^^^^^^^^^^^^^^^^^^^^^
  File "G:\1_Personal_File\chessAssistant\gitHub_Code\ChessAssistantCode\cloud\local_oss_ai_worker\.venv\Lib\site-packages\oss2\api.py", line 237, in _do
    resp = self.session.do_request(req, timeout=self.timeout)
           ^^^^^^^^^^^^^^^^^^^^^^^^^^^^^^^^^^^^^^^^^^^^^^^^^^
  File "G:\1_Personal_File\chessAssistant\gitHub_Code\ChessAssistantCode\cloud\local_oss_ai_worker\.venv\Lib\site-packages\oss2\http.py", line 55, in do_request
    raise RequestError(e)
oss2.exceptions.RequestError: {'status': -2, 'x-oss-request-id': '', 'details': "RequestError: HTTPSConnectionPool(host='esp32-chess-assistant.oss-cn-hangzhou.aliyuncs.com', port=443): Max retries exceeded with url: /devices%2Fesp32-8B2D54%2Frequests%2Flatest.json (Caused by SSLError(SSLEOFError(8, 'EOF occurred in violation of protocol (_ssl.c:1002)')))"}
2026-07-15 23:39:01,557 ERROR oss_ai_worker: Worker iteration failed for device_id=esp32-C3F8D0
urllib3.exceptions.SSLError: EOF occurred in violation of protocol (_ssl.c:1002)

The above exception was the direct cause of the following exception:

Traceback (most recent call last):
  File "G:\1_Personal_File\chessAssistant\gitHub_Code\ChessAssistantCode\cloud\local_oss_ai_worker\.venv\Lib\site-packages\requests\adapters.py", line 696, in send
    resp = conn.urlopen(
           ^^^^^^^^^^^^^
  File "G:\1_Personal_File\chessAssistant\gitHub_Code\ChessAssistantCode\cloud\local_oss_ai_worker\.venv\Lib\site-packages\urllib3\connectionpool.py", line 842, in urlopen
    retries = retries.increment(
              ^^^^^^^^^^^^^^^^^^
  File "G:\1_Personal_File\chessAssistant\gitHub_Code\ChessAssistantCode\cloud\local_oss_ai_worker\.venv\Lib\site-packages\urllib3\util\retry.py", line 543, in increment
    raise MaxRetryError(_pool, url, reason) from reason  # type: ignore[arg-type]
    ^^^^^^^^^^^^^^^^^^^^^^^^^^^^^^^^^^^^^^^^^^^^^^^^^^^
urllib3.exceptions.MaxRetryError: HTTPSConnectionPool(host='esp32-chess-assistant.oss-cn-hangzhou.aliyuncs.com', port=443): Max retries exceeded with url: /devices%2Fesp32-C3F8D0%2Frequests%2Flatest.json (Caused by SSLError(SSLEOFError(8, 'EOF occurred in violation of protocol (_ssl.c:1002)')))

During handling of the above exception, another exception occurred:

Traceback (most recent call last):
  File "G:\1_Personal_File\chessAssistant\gitHub_Code\ChessAssistantCode\cloud\local_oss_ai_worker\.venv\Lib\site-packages\oss2\http.py", line 47, in do_request
    return Response(self.session.request(req.method, req.url,
                    ^^^^^^^^^^^^^^^^^^^^^^^^^^^^^^^^^^^^^^^^^
  File "G:\1_Personal_File\chessAssistant\gitHub_Code\ChessAssistantCode\cloud\local_oss_ai_worker\.venv\Lib\site-packages\requests\sessions.py", line 651, in request
    resp = self.send(prep, **send_kwargs)
           ^^^^^^^^^^^^^^^^^^^^^^^^^^^^^^
  File "G:\1_Personal_File\chessAssistant\gitHub_Code\ChessAssistantCode\cloud\local_oss_ai_worker\.venv\Lib\site-packages\requests\sessions.py", line 784, in send
    r = adapter.send(request, **kwargs)
        ^^^^^^^^^^^^^^^^^^^^^^^^^^^^^^^
  File "G:\1_Personal_File\chessAssistant\gitHub_Code\ChessAssistantCode\cloud\local_oss_ai_worker\.venv\Lib\site-packages\requests\adapters.py", line 727, in send
    raise SSLError(e, request=request)
requests.exceptions.SSLError: HTTPSConnectionPool(host='esp32-chess-assistant.oss-cn-hangzhou.aliyuncs.com', port=443): Max retries exceeded with url: /devices%2Fesp32-C3F8D0%2Frequests%2Flatest.json (Caused by SSLError(SSLEOFError(8, 'EOF occurred in violation of protocol (_ssl.c:1002)')))

During handling of the above exception, another exception occurred:

Traceback (most recent call last):
  File "G:\1_Personal_File\chessAssistant\gitHub_Code\ChessAssistantCode\cloud\local_oss_ai_worker\worker.py", line 761, in main
    processed = process_one(bucket, args, state, device_id)
                ^^^^^^^^^^^^^^^^^^^^^^^^^^^^^^^^^^^^^^^^^^^
  File "G:\1_Personal_File\chessAssistant\gitHub_Code\ChessAssistantCode\cloud\local_oss_ai_worker\worker.py", line 644, in process_one
    manifest_key, manifest = read_manifest(bucket, device_id)
                             ^^^^^^^^^^^^^^^^^^^^^^^^^^^^^^^^
  File "G:\1_Personal_File\chessAssistant\gitHub_Code\ChessAssistantCode\cloud\local_oss_ai_worker\worker.py", line 597, in read_manifest
    body = bucket.get_object(manifest_key).read()
           ^^^^^^^^^^^^^^^^^^^^^^^^^^^^^^^
  File "G:\1_Personal_File\chessAssistant\gitHub_Code\ChessAssistantCode\cloud\local_oss_ai_worker\.venv\Lib\site-packages\oss2\api.py", line 1023, in get_object
    resp = self.__do_object('GET', key, headers=headers, params=params)
           ^^^^^^^^^^^^^^^^^^^^^^^^^^^^^^^^^^^^^^^^^^^^^^^^^^^^^^^^^^^^
  File "G:\1_Personal_File\chessAssistant\gitHub_Code\ChessAssistantCode\cloud\local_oss_ai_worker\.venv\Lib\site-packages\oss2\api.py", line 3392, in __do_object
    return self._do(method, self.bucket_name, key, **kwargs)
           ^^^^^^^^^^^^^^^^^^^^^^^^^^^^^^^^^^^^^^^^^^^^^^^^^
  File "G:\1_Personal_File\chessAssistant\gitHub_Code\ChessAssistantCode\cloud\local_oss_ai_worker\.venv\Lib\site-packages\oss2\api.py", line 237, in _do
    resp = self.session.do_request(req, timeout=self.timeout)
           ^^^^^^^^^^^^^^^^^^^^^^^^^^^^^^^^^^^^^^^^^^^^^^^^^^
  File "G:\1_Personal_File\chessAssistant\gitHub_Code\ChessAssistantCode\cloud\local_oss_ai_worker\.venv\Lib\site-packages\oss2\http.py", line 55, in do_request
    raise RequestError(e)
oss2.exceptions.RequestError: {'status': -2, 'x-oss-request-id': '', 'details': "RequestError: HTTPSConnectionPool(host='esp32-chess-assistant.oss-cn-hangzhou.aliyuncs.com', port=443): Max retries exceeded with url: /devices%2Fesp32-C3F8D0%2Frequests%2Flatest.json (Caused by SSLError(SSLEOFError(8, 'EOF occurred in violation of protocol (_ssl.c:1002)')))"}
2026-07-15 23:39:02,687 ERROR oss_ai_worker: Worker iteration failed for device_id=chess-441BF6C3F8D0
urllib3.exceptions.SSLError: EOF occurred in violation of protocol (_ssl.c:1002)

The above exception was the direct cause of the following exception:

Traceback (most recent call last):
  File "G:\1_Personal_File\chessAssistant\gitHub_Code\ChessAssistantCode\cloud\local_oss_ai_worker\.venv\Lib\site-packages\requests\adapters.py", line 696, in send
    resp = conn.urlopen(
           ^^^^^^^^^^^^^
  File "G:\1_Personal_File\chessAssistant\gitHub_Code\ChessAssistantCode\cloud\local_oss_ai_worker\.venv\Lib\site-packages\urllib3\connectionpool.py", line 842, in urlopen
    retries = retries.increment(
              ^^^^^^^^^^^^^^^^^^
  File "G:\1_Personal_File\chessAssistant\gitHub_Code\ChessAssistantCode\cloud\local_oss_ai_worker\.venv\Lib\site-packages\urllib3\util\retry.py", line 543, in increment
    raise MaxRetryError(_pool, url, reason) from reason  # type: ignore[arg-type]
    ^^^^^^^^^^^^^^^^^^^^^^^^^^^^^^^^^^^^^^^^^^^^^^^^^^^
urllib3.exceptions.MaxRetryError: HTTPSConnectionPool(host='esp32-chess-assistant.oss-cn-hangzhou.aliyuncs.com', port=443): Max retries exceeded with url: /devices%2Fchess-441BF6C3F8D0%2Frequests%2Flatest.json (Caused by SSLError(SSLEOFError(8, 'EOF occurred in violation of protocol (_ssl.c:1002)')))

During handling of the above exception, another exception occurred:

Traceback (most recent call last):
  File "G:\1_Personal_File\chessAssistant\gitHub_Code\ChessAssistantCode\cloud\local_oss_ai_worker\.venv\Lib\site-packages\oss2\http.py", line 47, in do_request
    return Response(self.session.request(req.method, req.url,
                    ^^^^^^^^^^^^^^^^^^^^^^^^^^^^^^^^^^^^^^^^^
  File "G:\1_Personal_File\chessAssistant\gitHub_Code\ChessAssistantCode\cloud\local_oss_ai_worker\.venv\Lib\site-packages\requests\sessions.py", line 651, in request
    resp = self.send(prep, **send_kwargs)
           ^^^^^^^^^^^^^^^^^^^^^^^^^^^^^^
  File "G:\1_Personal_File\chessAssistant\gitHub_Code\ChessAssistantCode\cloud\local_oss_ai_worker\.venv\Lib\site-packages\requests\sessions.py", line 784, in send
    r = adapter.send(request, **kwargs)
        ^^^^^^^^^^^^^^^^^^^^^^^^^^^^^^^
  File "G:\1_Personal_File\chessAssistant\gitHub_Code\ChessAssistantCode\cloud\local_oss_ai_worker\.venv\Lib\site-packages\requests\adapters.py", line 727, in send
    raise SSLError(e, request=request)
requests.exceptions.SSLError: HTTPSConnectionPool(host='esp32-chess-assistant.oss-cn-hangzhou.aliyuncs.com', port=443): Max retries exceeded with url: /devices%2Fchess-441BF6C3F8D0%2Frequests%2Flatest.json (Caused by SSLError(SSLEOFError(8, 'EOF occurred in violation of protocol (_ssl.c:1002)')))

During handling of the above exception, another exception occurred:

Traceback (most recent call last):
  File "G:\1_Personal_File\chessAssistant\gitHub_Code\ChessAssistantCode\cloud\local_oss_ai_worker\worker.py", line 761, in main
    processed = process_one(bucket, args, state, device_id)
                ^^^^^^^^^^^^^^^^^^^^^^^^^^^^^^^^^^^^^^^^^^^
  File "G:\1_Personal_File\chessAssistant\gitHub_Code\ChessAssistantCode\cloud\local_oss_ai_worker\worker.py", line 644, in process_one
    manifest_key, manifest = read_manifest(bucket, device_id)
                             ^^^^^^^^^^^^^^^^^^^^^^^^^^^^^^^^
  File "G:\1_Personal_File\chessAssistant\gitHub_Code\ChessAssistantCode\cloud\local_oss_ai_worker\worker.py", line 597, in read_manifest
    body = bucket.get_object(manifest_key).read()
           ^^^^^^^^^^^^^^^^^^^^^^^^^^^^^^^
  File "G:\1_Personal_File\chessAssistant\gitHub_Code\ChessAssistantCode\cloud\local_oss_ai_worker\.venv\Lib\site-packages\oss2\api.py", line 1023, in get_object
    resp = self.__do_object('GET', key, headers=headers, params=params)
           ^^^^^^^^^^^^^^^^^^^^^^^^^^^^^^^^^^^^^^^^^^^^^^^^^^^^^^^^^^^^
  File "G:\1_Personal_File\chessAssistant\gitHub_Code\ChessAssistantCode\cloud\local_oss_ai_worker\.venv\Lib\site-packages\oss2\api.py", line 3392, in __do_object
    return self._do(method, self.bucket_name, key, **kwargs)
           ^^^^^^^^^^^^^^^^^^^^^^^^^^^^^^^^^^^^^^^^^^^^^^^^^
  File "G:\1_Personal_File\chessAssistant\gitHub_Code\ChessAssistantCode\cloud\local_oss_ai_worker\.venv\Lib\site-packages\oss2\api.py", line 237, in _do
    resp = self.session.do_request(req, timeout=self.timeout)
           ^^^^^^^^^^^^^^^^^^^^^^^^^^^^^^^^^^^^^^^^^^^^^^^^^^
  File "G:\1_Personal_File\chessAssistant\gitHub_Code\ChessAssistantCode\cloud\local_oss_ai_worker\.venv\Lib\site-packages\oss2\http.py", line 55, in do_request
    raise RequestError(e)
oss2.exceptions.RequestError: {'status': -2, 'x-oss-request-id': '', 'details': "RequestError: HTTPSConnectionPool(host='esp32-chess-assistant.oss-cn-hangzhou.aliyuncs.com', port=443): Max retries exceeded with url: /devices%2Fchess-441BF6C3F8D0%2Frequests%2Flatest.json (Caused by SSLError(SSLEOFError(8, 'EOF occurred in violation of protocol (_ssl.c:1002)')))"}
2026-07-15 23:39:02,822 ERROR oss_ai_worker: Worker iteration failed for device_id=esp32-8B2D54
urllib3.exceptions.SSLError: EOF occurred in violation of protocol (_ssl.c:1002)

The above exception was the direct cause of the following exception:

Traceback (most recent call last):
  File "G:\1_Personal_File\chessAssistant\gitHub_Code\ChessAssistantCode\cloud\local_oss_ai_worker\.venv\Lib\site-packages\requests\adapters.py", line 696, in send
    resp = conn.urlopen(
           ^^^^^^^^^^^^^
  File "G:\1_Personal_File\chessAssistant\gitHub_Code\ChessAssistantCode\cloud\local_oss_ai_worker\.venv\Lib\site-packages\urllib3\connectionpool.py", line 842, in urlopen
    retries = retries.increment(
              ^^^^^^^^^^^^^^^^^^
  File "G:\1_Personal_File\chessAssistant\gitHub_Code\ChessAssistantCode\cloud\local_oss_ai_worker\.venv\Lib\site-packages\urllib3\util\retry.py", line 543, in increment
    raise MaxRetryError(_pool, url, reason) from reason  # type: ignore[arg-type]
    ^^^^^^^^^^^^^^^^^^^^^^^^^^^^^^^^^^^^^^^^^^^^^^^^^^^
urllib3.exceptions.MaxRetryError: HTTPSConnectionPool(host='esp32-chess-assistant.oss-cn-hangzhou.aliyuncs.com', port=443): Max retries exceeded with url: /devices%2Fesp32-8B2D54%2Frequests%2Flatest.json (Caused by SSLError(SSLEOFError(8, 'EOF occurred in violation of protocol (_ssl.c:1002)')))

During handling of the above exception, another exception occurred:

Traceback (most recent call last):
  File "G:\1_Personal_File\chessAssistant\gitHub_Code\ChessAssistantCode\cloud\local_oss_ai_worker\.venv\Lib\site-packages\oss2\http.py", line 47, in do_request
    return Response(self.session.request(req.method, req.url,
                    ^^^^^^^^^^^^^^^^^^^^^^^^^^^^^^^^^^^^^^^^^
  File "G:\1_Personal_File\chessAssistant\gitHub_Code\ChessAssistantCode\cloud\local_oss_ai_worker\.venv\Lib\site-packages\requests\sessions.py", line 651, in request
    resp = self.send(prep, **send_kwargs)
           ^^^^^^^^^^^^^^^^^^^^^^^^^^^^^^
  File "G:\1_Personal_File\chessAssistant\gitHub_Code\ChessAssistantCode\cloud\local_oss_ai_worker\.venv\Lib\site-packages\requests\sessions.py", line 784, in send
    r = adapter.send(request, **kwargs)
        ^^^^^^^^^^^^^^^^^^^^^^^^^^^^^^^
  File "G:\1_Personal_File\chessAssistant\gitHub_Code\ChessAssistantCode\cloud\local_oss_ai_worker\.venv\Lib\site-packages\requests\adapters.py", line 727, in send
    raise SSLError(e, request=request)
requests.exceptions.SSLError: HTTPSConnectionPool(host='esp32-chess-assistant.oss-cn-hangzhou.aliyuncs.com', port=443): Max retries exceeded with url: /devices%2Fesp32-8B2D54%2Frequests%2Flatest.json (Caused by SSLError(SSLEOFError(8, 'EOF occurred in violation of protocol (_ssl.c:1002)')))

During handling of the above exception, another exception occurred:

Traceback (most recent call last):
  File "G:\1_Personal_File\chessAssistant\gitHub_Code\ChessAssistantCode\cloud\local_oss_ai_worker\worker.py", line 761, in main
    processed = process_one(bucket, args, state, device_id)
                ^^^^^^^^^^^^^^^^^^^^^^^^^^^^^^^^^^^^^^^^^^^
  File "G:\1_Personal_File\chessAssistant\gitHub_Code\ChessAssistantCode\cloud\local_oss_ai_worker\worker.py", line 644, in process_one
    manifest_key, manifest = read_manifest(bucket, device_id)
                             ^^^^^^^^^^^^^^^^^^^^^^^^^^^^^^^^
  File "G:\1_Personal_File\chessAssistant\gitHub_Code\ChessAssistantCode\cloud\local_oss_ai_worker\worker.py", line 597, in read_manifest
    body = bucket.get_object(manifest_key).read()
           ^^^^^^^^^^^^^^^^^^^^^^^^^^^^^^^
  File "G:\1_Personal_File\chessAssistant\gitHub_Code\ChessAssistantCode\cloud\local_oss_ai_worker\.venv\Lib\site-packages\oss2\api.py", line 1023, in get_object
    resp = self.__do_object('GET', key, headers=headers, params=params)
           ^^^^^^^^^^^^^^^^^^^^^^^^^^^^^^^^^^^^^^^^^^^^^^^^^^^^^^^^^^^^
  File "G:\1_Personal_File\chessAssistant\gitHub_Code\ChessAssistantCode\cloud\local_oss_ai_worker\.venv\Lib\site-packages\oss2\api.py", line 3392, in __do_object
    return self._do(method, self.bucket_name, key, **kwargs)
           ^^^^^^^^^^^^^^^^^^^^^^^^^^^^^^^^^^^^^^^^^^^^^^^^^
  File "G:\1_Personal_File\chessAssistant\gitHub_Code\ChessAssistantCode\cloud\local_oss_ai_worker\.venv\Lib\site-packages\oss2\api.py", line 237, in _do
    resp = self.session.do_request(req, timeout=self.timeout)
           ^^^^^^^^^^^^^^^^^^^^^^^^^^^^^^^^^^^^^^^^^^^^^^^^^^
  File "G:\1_Personal_File\chessAssistant\gitHub_Code\ChessAssistantCode\cloud\local_oss_ai_worker\.venv\Lib\site-packages\oss2\http.py", line 55, in do_request
    raise RequestError(e)
oss2.exceptions.RequestError: {'status': -2, 'x-oss-request-id': '', 'details': "RequestError: HTTPSConnectionPool(host='esp32-chess-assistant.oss-cn-hangzhou.aliyuncs.com', port=443): Max retries exceeded with url: /devices%2Fesp32-8B2D54%2Frequests%2Flatest.json (Caused by SSLError(SSLEOFError(8, 'EOF occurred in violation of protocol (_ssl.c:1002)')))"}
2026-07-15 23:39:03,959 ERROR oss_ai_worker: Worker iteration failed for device_id=esp32-C3F8D0
urllib3.exceptions.SSLError: EOF occurred in violation of protocol (_ssl.c:1002)

The above exception was the direct cause of the following exception:

Traceback (most recent call last):
  File "G:\1_Personal_File\chessAssistant\gitHub_Code\ChessAssistantCode\cloud\local_oss_ai_worker\.venv\Lib\site-packages\requests\adapters.py", line 696, in send
    resp = conn.urlopen(
           ^^^^^^^^^^^^^
  File "G:\1_Personal_File\chessAssistant\gitHub_Code\ChessAssistantCode\cloud\local_oss_ai_worker\.venv\Lib\site-packages\urllib3\connectionpool.py", line 842, in urlopen
    retries = retries.increment(
              ^^^^^^^^^^^^^^^^^^
  File "G:\1_Personal_File\chessAssistant\gitHub_Code\ChessAssistantCode\cloud\local_oss_ai_worker\.venv\Lib\site-packages\urllib3\util\retry.py", line 543, in increment
    raise MaxRetryError(_pool, url, reason) from reason  # type: ignore[arg-type]
    ^^^^^^^^^^^^^^^^^^^^^^^^^^^^^^^^^^^^^^^^^^^^^^^^^^^
urllib3.exceptions.MaxRetryError: HTTPSConnectionPool(host='esp32-chess-assistant.oss-cn-hangzhou.aliyuncs.com', port=443): Max retries exceeded with url: /devices%2Fesp32-C3F8D0%2Frequests%2Flatest.json (Caused by SSLError(SSLEOFError(8, 'EOF occurred in violation of protocol (_ssl.c:1002)')))

During handling of the above exception, another exception occurred:

Traceback (most recent call last):
  File "G:\1_Personal_File\chessAssistant\gitHub_Code\ChessAssistantCode\cloud\local_oss_ai_worker\.venv\Lib\site-packages\oss2\http.py", line 47, in do_request
    return Response(self.session.request(req.method, req.url,
                    ^^^^^^^^^^^^^^^^^^^^^^^^^^^^^^^^^^^^^^^^^
  File "G:\1_Personal_File\chessAssistant\gitHub_Code\ChessAssistantCode\cloud\local_oss_ai_worker\.venv\Lib\site-packages\requests\sessions.py", line 651, in request
    resp = self.send(prep, **send_kwargs)
           ^^^^^^^^^^^^^^^^^^^^^^^^^^^^^^
  File "G:\1_Personal_File\chessAssistant\gitHub_Code\ChessAssistantCode\cloud\local_oss_ai_worker\.venv\Lib\site-packages\requests\sessions.py", line 784, in send
    r = adapter.send(request, **kwargs)
        ^^^^^^^^^^^^^^^^^^^^^^^^^^^^^^^
  File "G:\1_Personal_File\chessAssistant\gitHub_Code\ChessAssistantCode\cloud\local_oss_ai_worker\.venv\Lib\site-packages\requests\adapters.py", line 727, in send
    raise SSLError(e, request=request)
requests.exceptions.SSLError: HTTPSConnectionPool(host='esp32-chess-assistant.oss-cn-hangzhou.aliyuncs.com', port=443): Max retries exceeded with url: /devices%2Fesp32-C3F8D0%2Frequests%2Flatest.json (Caused by SSLError(SSLEOFError(8, 'EOF occurred in violation of protocol (_ssl.c:1002)')))

During handling of the above exception, another exception occurred:

Traceback (most recent call last):
  File "G:\1_Personal_File\chessAssistant\gitHub_Code\ChessAssistantCode\cloud\local_oss_ai_worker\worker.py", line 761, in main
    processed = process_one(bucket, args, state, device_id)
                ^^^^^^^^^^^^^^^^^^^^^^^^^^^^^^^^^^^^^^^^^^^
  File "G:\1_Personal_File\chessAssistant\gitHub_Code\ChessAssistantCode\cloud\local_oss_ai_worker\worker.py", line 644, in process_one
    manifest_key, manifest = read_manifest(bucket, device_id)
                             ^^^^^^^^^^^^^^^^^^^^^^^^^^^^^^^^
  File "G:\1_Personal_File\chessAssistant\gitHub_Code\ChessAssistantCode\cloud\local_oss_ai_worker\worker.py", line 597, in read_manifest
    body = bucket.get_object(manifest_key).read()
           ^^^^^^^^^^^^^^^^^^^^^^^^^^^^^^^
  File "G:\1_Personal_File\chessAssistant\gitHub_Code\ChessAssistantCode\cloud\local_oss_ai_worker\.venv\Lib\site-packages\oss2\api.py", line 1023, in get_object
    resp = self.__do_object('GET', key, headers=headers, params=params)
           ^^^^^^^^^^^^^^^^^^^^^^^^^^^^^^^^^^^^^^^^^^^^^^^^^^^^^^^^^^^^
  File "G:\1_Personal_File\chessAssistant\gitHub_Code\ChessAssistantCode\cloud\local_oss_ai_worker\.venv\Lib\site-packages\oss2\api.py", line 3392, in __do_object
    return self._do(method, self.bucket_name, key, **kwargs)
           ^^^^^^^^^^^^^^^^^^^^^^^^^^^^^^^^^^^^^^^^^^^^^^^^^
  File "G:\1_Personal_File\chessAssistant\gitHub_Code\ChessAssistantCode\cloud\local_oss_ai_worker\.venv\Lib\site-packages\oss2\api.py", line 237, in _do
    resp = self.session.do_request(req, timeout=self.timeout)
           ^^^^^^^^^^^^^^^^^^^^^^^^^^^^^^^^^^^^^^^^^^^^^^^^^^
  File "G:\1_Personal_File\chessAssistant\gitHub_Code\ChessAssistantCode\cloud\local_oss_ai_worker\.venv\Lib\site-packages\oss2\http.py", line 55, in do_request
    raise RequestError(e)
oss2.exceptions.RequestError: {'status': -2, 'x-oss-request-id': '', 'details': "RequestError: HTTPSConnectionPool(host='esp32-chess-assistant.oss-cn-hangzhou.aliyuncs.com', port=443): Max retries exceeded with url: /devices%2Fesp32-C3F8D0%2Frequests%2Flatest.json (Caused by SSLError(SSLEOFError(8, 'EOF occurred in violation of protocol (_ssl.c:1002)')))"}
2026-07-15 23:39:05,089 ERROR oss_ai_worker: Worker iteration failed for device_id=chess-441BF6C3F8D0
urllib3.exceptions.SSLError: EOF occurred in violation of protocol (_ssl.c:1002)

The above exception was the direct cause of the following exception:

Traceback (most recent call last):
  File "G:\1_Personal_File\chessAssistant\gitHub_Code\ChessAssistantCode\cloud\local_oss_ai_worker\.venv\Lib\site-packages\requests\adapters.py", line 696, in send
    resp = conn.urlopen(
           ^^^^^^^^^^^^^
  File "G:\1_Personal_File\chessAssistant\gitHub_Code\ChessAssistantCode\cloud\local_oss_ai_worker\.venv\Lib\site-packages\urllib3\connectionpool.py", line 842, in urlopen
    retries = retries.increment(
              ^^^^^^^^^^^^^^^^^^
  File "G:\1_Personal_File\chessAssistant\gitHub_Code\ChessAssistantCode\cloud\local_oss_ai_worker\.venv\Lib\site-packages\urllib3\util\retry.py", line 543, in increment
    raise MaxRetryError(_pool, url, reason) from reason  # type: ignore[arg-type]
    ^^^^^^^^^^^^^^^^^^^^^^^^^^^^^^^^^^^^^^^^^^^^^^^^^^^
urllib3.exceptions.MaxRetryError: HTTPSConnectionPool(host='esp32-chess-assistant.oss-cn-hangzhou.aliyuncs.com', port=443): Max retries exceeded with url: /devices%2Fchess-441BF6C3F8D0%2Frequests%2Flatest.json (Caused by SSLError(SSLEOFError(8, 'EOF occurred in violation of protocol (_ssl.c:1002)')))

During handling of the above exception, another exception occurred:

Traceback (most recent call last):
  File "G:\1_Personal_File\chessAssistant\gitHub_Code\ChessAssistantCode\cloud\local_oss_ai_worker\.venv\Lib\site-packages\oss2\http.py", line 47, in do_request
    return Response(self.session.request(req.method, req.url,
                    ^^^^^^^^^^^^^^^^^^^^^^^^^^^^^^^^^^^^^^^^^
  File "G:\1_Personal_File\chessAssistant\gitHub_Code\ChessAssistantCode\cloud\local_oss_ai_worker\.venv\Lib\site-packages\requests\sessions.py", line 651, in request
    resp = self.send(prep, **send_kwargs)
           ^^^^^^^^^^^^^^^^^^^^^^^^^^^^^^
  File "G:\1_Personal_File\chessAssistant\gitHub_Code\ChessAssistantCode\cloud\local_oss_ai_worker\.venv\Lib\site-packages\requests\sessions.py", line 784, in send
    r = adapter.send(request, **kwargs)
        ^^^^^^^^^^^^^^^^^^^^^^^^^^^^^^^
  File "G:\1_Personal_File\chessAssistant\gitHub_Code\ChessAssistantCode\cloud\local_oss_ai_worker\.venv\Lib\site-packages\requests\adapters.py", line 727, in send
    raise SSLError(e, request=request)
requests.exceptions.SSLError: HTTPSConnectionPool(host='esp32-chess-assistant.oss-cn-hangzhou.aliyuncs.com', port=443): Max retries exceeded with url: /devices%2Fchess-441BF6C3F8D0%2Frequests%2Flatest.json (Caused by SSLError(SSLEOFError(8, 'EOF occurred in violation of protocol (_ssl.c:1002)')))

During handling of the above exception, another exception occurred:

Traceback (most recent call last):
  File "G:\1_Personal_File\chessAssistant\gitHub_Code\ChessAssistantCode\cloud\local_oss_ai_worker\worker.py", line 761, in main
    processed = process_one(bucket, args, state, device_id)
                ^^^^^^^^^^^^^^^^^^^^^^^^^^^^^^^^^^^^^^^^^^^
  File "G:\1_Personal_File\chessAssistant\gitHub_Code\ChessAssistantCode\cloud\local_oss_ai_worker\worker.py", line 644, in process_one
    manifest_key, manifest = read_manifest(bucket, device_id)
                             ^^^^^^^^^^^^^^^^^^^^^^^^^^^^^^^^
  File "G:\1_Personal_File\chessAssistant\gitHub_Code\ChessAssistantCode\cloud\local_oss_ai_worker\worker.py", line 597, in read_manifest
    body = bucket.get_object(manifest_key).read()
           ^^^^^^^^^^^^^^^^^^^^^^^^^^^^^^^
  File "G:\1_Personal_File\chessAssistant\gitHub_Code\ChessAssistantCode\cloud\local_oss_ai_worker\.venv\Lib\site-packages\oss2\api.py", line 1023, in get_object
    resp = self.__do_object('GET', key, headers=headers, params=params)
           ^^^^^^^^^^^^^^^^^^^^^^^^^^^^^^^^^^^^^^^^^^^^^^^^^^^^^^^^^^^^
  File "G:\1_Personal_File\chessAssistant\gitHub_Code\ChessAssistantCode\cloud\local_oss_ai_worker\.venv\Lib\site-packages\oss2\api.py", line 3392, in __do_object
    return self._do(method, self.bucket_name, key, **kwargs)
           ^^^^^^^^^^^^^^^^^^^^^^^^^^^^^^^^^^^^^^^^^^^^^^^^^
  File "G:\1_Personal_File\chessAssistant\gitHub_Code\ChessAssistantCode\cloud\local_oss_ai_worker\.venv\Lib\site-packages\oss2\api.py", line 237, in _do
    resp = self.session.do_request(req, timeout=self.timeout)
           ^^^^^^^^^^^^^^^^^^^^^^^^^^^^^^^^^^^^^^^^^^^^^^^^^^
  File "G:\1_Personal_File\chessAssistant\gitHub_Code\ChessAssistantCode\cloud\local_oss_ai_worker\.venv\Lib\site-packages\oss2\http.py", line 55, in do_request
    raise RequestError(e)
oss2.exceptions.RequestError: {'status': -2, 'x-oss-request-id': '', 'details': "RequestError: HTTPSConnectionPool(host='esp32-chess-assistant.oss-cn-hangzhou.aliyuncs.com', port=443): Max retries exceeded with url: /devices%2Fchess-441BF6C3F8D0%2Frequests%2Flatest.json (Caused by SSLError(SSLEOFError(8, 'EOF occurred in violation of protocol (_ssl.c:1002)')))"}
2026-07-15 23:39:05,254 ERROR oss_ai_worker: Worker iteration failed for device_id=esp32-8B2D54
urllib3.exceptions.SSLError: EOF occurred in violation of protocol (_ssl.c:1002)

The above exception was the direct cause of the following exception:

Traceback (most recent call last):
  File "G:\1_Personal_File\chessAssistant\gitHub_Code\ChessAssistantCode\cloud\local_oss_ai_worker\.venv\Lib\site-packages\requests\adapters.py", line 696, in send
    resp = conn.urlopen(
           ^^^^^^^^^^^^^
  File "G:\1_Personal_File\chessAssistant\gitHub_Code\ChessAssistantCode\cloud\local_oss_ai_worker\.venv\Lib\site-packages\urllib3\connectionpool.py", line 842, in urlopen
    retries = retries.increment(
              ^^^^^^^^^^^^^^^^^^
  File "G:\1_Personal_File\chessAssistant\gitHub_Code\ChessAssistantCode\cloud\local_oss_ai_worker\.venv\Lib\site-packages\urllib3\util\retry.py", line 543, in increment
    raise MaxRetryError(_pool, url, reason) from reason  # type: ignore[arg-type]
    ^^^^^^^^^^^^^^^^^^^^^^^^^^^^^^^^^^^^^^^^^^^^^^^^^^^
urllib3.exceptions.MaxRetryError: HTTPSConnectionPool(host='esp32-chess-assistant.oss-cn-hangzhou.aliyuncs.com', port=443): Max retries exceeded with url: /devices%2Fesp32-8B2D54%2Frequests%2Flatest.json (Caused by SSLError(SSLEOFError(8, 'EOF occurred in violation of protocol (_ssl.c:1002)')))

During handling of the above exception, another exception occurred:

Traceback (most recent call last):
  File "G:\1_Personal_File\chessAssistant\gitHub_Code\ChessAssistantCode\cloud\local_oss_ai_worker\.venv\Lib\site-packages\oss2\http.py", line 47, in do_request
    return Response(self.session.request(req.method, req.url,
                    ^^^^^^^^^^^^^^^^^^^^^^^^^^^^^^^^^^^^^^^^^
  File "G:\1_Personal_File\chessAssistant\gitHub_Code\ChessAssistantCode\cloud\local_oss_ai_worker\.venv\Lib\site-packages\requests\sessions.py", line 651, in request
    resp = self.send(prep, **send_kwargs)
           ^^^^^^^^^^^^^^^^^^^^^^^^^^^^^^
  File "G:\1_Personal_File\chessAssistant\gitHub_Code\ChessAssistantCode\cloud\local_oss_ai_worker\.venv\Lib\site-packages\requests\sessions.py", line 784, in send
    r = adapter.send(request, **kwargs)
        ^^^^^^^^^^^^^^^^^^^^^^^^^^^^^^^
  File "G:\1_Personal_File\chessAssistant\gitHub_Code\ChessAssistantCode\cloud\local_oss_ai_worker\.venv\Lib\site-packages\requests\adapters.py", line 727, in send
    raise SSLError(e, request=request)
requests.exceptions.SSLError: HTTPSConnectionPool(host='esp32-chess-assistant.oss-cn-hangzhou.aliyuncs.com', port=443): Max retries exceeded with url: /devices%2Fesp32-8B2D54%2Frequests%2Flatest.json (Caused by SSLError(SSLEOFError(8, 'EOF occurred in violation of protocol (_ssl.c:1002)')))

During handling of the above exception, another exception occurred:

Traceback (most recent call last):
  File "G:\1_Personal_File\chessAssistant\gitHub_Code\ChessAssistantCode\cloud\local_oss_ai_worker\worker.py", line 761, in main
    processed = process_one(bucket, args, state, device_id)
                ^^^^^^^^^^^^^^^^^^^^^^^^^^^^^^^^^^^^^^^^^^^
  File "G:\1_Personal_File\chessAssistant\gitHub_Code\ChessAssistantCode\cloud\local_oss_ai_worker\worker.py", line 644, in process_one
    manifest_key, manifest = read_manifest(bucket, device_id)
                             ^^^^^^^^^^^^^^^^^^^^^^^^^^^^^^^^
  File "G:\1_Personal_File\chessAssistant\gitHub_Code\ChessAssistantCode\cloud\local_oss_ai_worker\worker.py", line 597, in read_manifest
    body = bucket.get_object(manifest_key).read()
           ^^^^^^^^^^^^^^^^^^^^^^^^^^^^^^^
  File "G:\1_Personal_File\chessAssistant\gitHub_Code\ChessAssistantCode\cloud\local_oss_ai_worker\.venv\Lib\site-packages\oss2\api.py", line 1023, in get_object
    resp = self.__do_object('GET', key, headers=headers, params=params)
           ^^^^^^^^^^^^^^^^^^^^^^^^^^^^^^^^^^^^^^^^^^^^^^^^^^^^^^^^^^^^
  File "G:\1_Personal_File\chessAssistant\gitHub_Code\ChessAssistantCode\cloud\local_oss_ai_worker\.venv\Lib\site-packages\oss2\api.py", line 3392, in __do_object
    return self._do(method, self.bucket_name, key, **kwargs)
           ^^^^^^^^^^^^^^^^^^^^^^^^^^^^^^^^^^^^^^^^^^^^^^^^^
  File "G:\1_Personal_File\chessAssistant\gitHub_Code\ChessAssistantCode\cloud\local_oss_ai_worker\.venv\Lib\site-packages\oss2\api.py", line 237, in _do
    resp = self.session.do_request(req, timeout=self.timeout)
           ^^^^^^^^^^^^^^^^^^^^^^^^^^^^^^^^^^^^^^^^^^^^^^^^^^
  File "G:\1_Personal_File\chessAssistant\gitHub_Code\ChessAssistantCode\cloud\local_oss_ai_worker\.venv\Lib\site-packages\oss2\http.py", line 55, in do_request
    raise RequestError(e)
oss2.exceptions.RequestError: {'status': -2, 'x-oss-request-id': '', 'details': "RequestError: HTTPSConnectionPool(host='esp32-chess-assistant.oss-cn-hangzhou.aliyuncs.com', port=443): Max retries exceeded with url: /devices%2Fesp32-8B2D54%2Frequests%2Flatest.json (Caused by SSLError(SSLEOFError(8, 'EOF occurred in violation of protocol (_ssl.c:1002)')))"}
2026-07-15 23:39:05,402 ERROR oss_ai_worker: Worker iteration failed for device_id=esp32-C3F8D0
urllib3.exceptions.SSLError: EOF occurred in violation of protocol (_ssl.c:1002)

The above exception was the direct cause of the following exception:

Traceback (most recent call last):
  File "G:\1_Personal_File\chessAssistant\gitHub_Code\ChessAssistantCode\cloud\local_oss_ai_worker\.venv\Lib\site-packages\requests\adapters.py", line 696, in send
    resp = conn.urlopen(
           ^^^^^^^^^^^^^
  File "G:\1_Personal_File\chessAssistant\gitHub_Code\ChessAssistantCode\cloud\local_oss_ai_worker\.venv\Lib\site-packages\urllib3\connectionpool.py", line 842, in urlopen
    retries = retries.increment(
              ^^^^^^^^^^^^^^^^^^
  File "G:\1_Personal_File\chessAssistant\gitHub_Code\ChessAssistantCode\cloud\local_oss_ai_worker\.venv\Lib\site-packages\urllib3\util\retry.py", line 543, in increment
    raise MaxRetryError(_pool, url, reason) from reason  # type: ignore[arg-type]
    ^^^^^^^^^^^^^^^^^^^^^^^^^^^^^^^^^^^^^^^^^^^^^^^^^^^
urllib3.exceptions.MaxRetryError: HTTPSConnectionPool(host='esp32-chess-assistant.oss-cn-hangzhou.aliyuncs.com', port=443): Max retries exceeded with url: /devices%2Fesp32-C3F8D0%2Frequests%2Flatest.json (Caused by SSLError(SSLEOFError(8, 'EOF occurred in violation of protocol (_ssl.c:1002)')))

During handling of the above exception, another exception occurred:

Traceback (most recent call last):
  File "G:\1_Personal_File\chessAssistant\gitHub_Code\ChessAssistantCode\cloud\local_oss_ai_worker\.venv\Lib\site-packages\oss2\http.py", line 47, in do_request
    return Response(self.session.request(req.method, req.url,
                    ^^^^^^^^^^^^^^^^^^^^^^^^^^^^^^^^^^^^^^^^^
  File "G:\1_Personal_File\chessAssistant\gitHub_Code\ChessAssistantCode\cloud\local_oss_ai_worker\.venv\Lib\site-packages\requests\sessions.py", line 651, in request
    resp = self.send(prep, **send_kwargs)
           ^^^^^^^^^^^^^^^^^^^^^^^^^^^^^^
  File "G:\1_Personal_File\chessAssistant\gitHub_Code\ChessAssistantCode\cloud\local_oss_ai_worker\.venv\Lib\site-packages\requests\sessions.py", line 784, in send
    r = adapter.send(request, **kwargs)
        ^^^^^^^^^^^^^^^^^^^^^^^^^^^^^^^
  File "G:\1_Personal_File\chessAssistant\gitHub_Code\ChessAssistantCode\cloud\local_oss_ai_worker\.venv\Lib\site-packages\requests\adapters.py", line 727, in send
    raise SSLError(e, request=request)
requests.exceptions.SSLError: HTTPSConnectionPool(host='esp32-chess-assistant.oss-cn-hangzhou.aliyuncs.com', port=443): Max retries exceeded with url: /devices%2Fesp32-C3F8D0%2Frequests%2Flatest.json (Caused by SSLError(SSLEOFError(8, 'EOF occurred in violation of protocol (_ssl.c:1002)')))

During handling of the above exception, another exception occurred:

Traceback (most recent call last):
  File "G:\1_Personal_File\chessAssistant\gitHub_Code\ChessAssistantCode\cloud\local_oss_ai_worker\worker.py", line 761, in main
    processed = process_one(bucket, args, state, device_id)
                ^^^^^^^^^^^^^^^^^^^^^^^^^^^^^^^^^^^^^^^^^^^
  File "G:\1_Personal_File\chessAssistant\gitHub_Code\ChessAssistantCode\cloud\local_oss_ai_worker\worker.py", line 644, in process_one
    manifest_key, manifest = read_manifest(bucket, device_id)
                             ^^^^^^^^^^^^^^^^^^^^^^^^^^^^^^^^
  File "G:\1_Personal_File\chessAssistant\gitHub_Code\ChessAssistantCode\cloud\local_oss_ai_worker\worker.py", line 597, in read_manifest
    body = bucket.get_object(manifest_key).read()
           ^^^^^^^^^^^^^^^^^^^^^^^^^^^^^^^
  File "G:\1_Personal_File\chessAssistant\gitHub_Code\ChessAssistantCode\cloud\local_oss_ai_worker\.venv\Lib\site-packages\oss2\api.py", line 1023, in get_object
    resp = self.__do_object('GET', key, headers=headers, params=params)
           ^^^^^^^^^^^^^^^^^^^^^^^^^^^^^^^^^^^^^^^^^^^^^^^^^^^^^^^^^^^^
  File "G:\1_Personal_File\chessAssistant\gitHub_Code\ChessAssistantCode\cloud\local_oss_ai_worker\.venv\Lib\site-packages\oss2\api.py", line 3392, in __do_object
    return self._do(method, self.bucket_name, key, **kwargs)
           ^^^^^^^^^^^^^^^^^^^^^^^^^^^^^^^^^^^^^^^^^^^^^^^^^
  File "G:\1_Personal_File\chessAssistant\gitHub_Code\ChessAssistantCode\cloud\local_oss_ai_worker\.venv\Lib\site-packages\oss2\api.py", line 237, in _do
    resp = self.session.do_request(req, timeout=self.timeout)
           ^^^^^^^^^^^^^^^^^^^^^^^^^^^^^^^^^^^^^^^^^^^^^^^^^^
  File "G:\1_Personal_File\chessAssistant\gitHub_Code\ChessAssistantCode\cloud\local_oss_ai_worker\.venv\Lib\site-packages\oss2\http.py", line 55, in do_request
    raise RequestError(e)
oss2.exceptions.RequestError: {'status': -2, 'x-oss-request-id': '', 'details': "RequestError: HTTPSConnectionPool(host='esp32-chess-assistant.oss-cn-hangzhou.aliyuncs.com', port=443): Max retries exceeded with url: /devices%2Fesp32-C3F8D0%2Frequests%2Flatest.json (Caused by SSLError(SSLEOFError(8, 'EOF occurred in violation of protocol (_ssl.c:1002)')))"}
2026-07-15 23:39:06,535 ERROR oss_ai_worker: Worker iteration failed for device_id=chess-441BF6C3F8D0
urllib3.exceptions.SSLError: EOF occurred in violation of protocol (_ssl.c:1002)

The above exception was the direct cause of the following exception:

Traceback (most recent call last):
  File "G:\1_Personal_File\chessAssistant\gitHub_Code\ChessAssistantCode\cloud\local_oss_ai_worker\.venv\Lib\site-packages\requests\adapters.py", line 696, in send
    resp = conn.urlopen(
           ^^^^^^^^^^^^^
  File "G:\1_Personal_File\chessAssistant\gitHub_Code\ChessAssistantCode\cloud\local_oss_ai_worker\.venv\Lib\site-packages\urllib3\connectionpool.py", line 842, in urlopen
    retries = retries.increment(
              ^^^^^^^^^^^^^^^^^^
  File "G:\1_Personal_File\chessAssistant\gitHub_Code\ChessAssistantCode\cloud\local_oss_ai_worker\.venv\Lib\site-packages\urllib3\util\retry.py", line 543, in increment
    raise MaxRetryError(_pool, url, reason) from reason  # type: ignore[arg-type]
    ^^^^^^^^^^^^^^^^^^^^^^^^^^^^^^^^^^^^^^^^^^^^^^^^^^^
urllib3.exceptions.MaxRetryError: HTTPSConnectionPool(host='esp32-chess-assistant.oss-cn-hangzhou.aliyuncs.com', port=443): Max retries exceeded with url: /devices%2Fchess-441BF6C3F8D0%2Frequests%2Flatest.json (Caused by SSLError(SSLEOFError(8, 'EOF occurred in violation of protocol (_ssl.c:1002)')))

During handling of the above exception, another exception occurred:

Traceback (most recent call last):
  File "G:\1_Personal_File\chessAssistant\gitHub_Code\ChessAssistantCode\cloud\local_oss_ai_worker\.venv\Lib\site-packages\oss2\http.py", line 47, in do_request
    return Response(self.session.request(req.method, req.url,
                    ^^^^^^^^^^^^^^^^^^^^^^^^^^^^^^^^^^^^^^^^^
  File "G:\1_Personal_File\chessAssistant\gitHub_Code\ChessAssistantCode\cloud\local_oss_ai_worker\.venv\Lib\site-packages\requests\sessions.py", line 651, in request
    resp = self.send(prep, **send_kwargs)
           ^^^^^^^^^^^^^^^^^^^^^^^^^^^^^^
  File "G:\1_Personal_File\chessAssistant\gitHub_Code\ChessAssistantCode\cloud\local_oss_ai_worker\.venv\Lib\site-packages\requests\sessions.py", line 784, in send
    r = adapter.send(request, **kwargs)
        ^^^^^^^^^^^^^^^^^^^^^^^^^^^^^^^
  File "G:\1_Personal_File\chessAssistant\gitHub_Code\ChessAssistantCode\cloud\local_oss_ai_worker\.venv\Lib\site-packages\requests\adapters.py", line 727, in send
    raise SSLError(e, request=request)
requests.exceptions.SSLError: HTTPSConnectionPool(host='esp32-chess-assistant.oss-cn-hangzhou.aliyuncs.com', port=443): Max retries exceeded with url: /devices%2Fchess-441BF6C3F8D0%2Frequests%2Flatest.json (Caused by SSLError(SSLEOFError(8, 'EOF occurred in violation of protocol (_ssl.c:1002)')))

During handling of the above exception, another exception occurred:

Traceback (most recent call last):
  File "G:\1_Personal_File\chessAssistant\gitHub_Code\ChessAssistantCode\cloud\local_oss_ai_worker\worker.py", line 761, in main
    processed = process_one(bucket, args, state, device_id)
                ^^^^^^^^^^^^^^^^^^^^^^^^^^^^^^^^^^^^^^^^^^^
  File "G:\1_Personal_File\chessAssistant\gitHub_Code\ChessAssistantCode\cloud\local_oss_ai_worker\worker.py", line 644, in process_one
    manifest_key, manifest = read_manifest(bucket, device_id)
                             ^^^^^^^^^^^^^^^^^^^^^^^^^^^^^^^^
  File "G:\1_Personal_File\chessAssistant\gitHub_Code\ChessAssistantCode\cloud\local_oss_ai_worker\worker.py", line 597, in read_manifest
    body = bucket.get_object(manifest_key).read()
           ^^^^^^^^^^^^^^^^^^^^^^^^^^^^^^^
  File "G:\1_Personal_File\chessAssistant\gitHub_Code\ChessAssistantCode\cloud\local_oss_ai_worker\.venv\Lib\site-packages\oss2\api.py", line 1023, in get_object
    resp = self.__do_object('GET', key, headers=headers, params=params)
           ^^^^^^^^^^^^^^^^^^^^^^^^^^^^^^^^^^^^^^^^^^^^^^^^^^^^^^^^^^^^
  File "G:\1_Personal_File\chessAssistant\gitHub_Code\ChessAssistantCode\cloud\local_oss_ai_worker\.venv\Lib\site-packages\oss2\api.py", line 3392, in __do_object
    return self._do(method, self.bucket_name, key, **kwargs)
           ^^^^^^^^^^^^^^^^^^^^^^^^^^^^^^^^^^^^^^^^^^^^^^^^^
  File "G:\1_Personal_File\chessAssistant\gitHub_Code\ChessAssistantCode\cloud\local_oss_ai_worker\.venv\Lib\site-packages\oss2\api.py", line 237, in _do
    resp = self.session.do_request(req, timeout=self.timeout)
           ^^^^^^^^^^^^^^^^^^^^^^^^^^^^^^^^^^^^^^^^^^^^^^^^^^
  File "G:\1_Personal_File\chessAssistant\gitHub_Code\ChessAssistantCode\cloud\local_oss_ai_worker\.venv\Lib\site-packages\oss2\http.py", line 55, in do_request
    raise RequestError(e)
oss2.exceptions.RequestError: {'status': -2, 'x-oss-request-id': '', 'details': "RequestError: HTTPSConnectionPool(host='esp32-chess-assistant.oss-cn-hangzhou.aliyuncs.com', port=443): Max retries exceeded with url: /devices%2Fchess-441BF6C3F8D0%2Frequests%2Flatest.json (Caused by SSLError(SSLEOFError(8, 'EOF occurred in violation of protocol (_ssl.c:1002)')))"}
2026-07-15 23:39:06,698 ERROR oss_ai_worker: Worker iteration failed for device_id=esp32-8B2D54
urllib3.exceptions.SSLError: EOF occurred in violation of protocol (_ssl.c:1002)

The above exception was the direct cause of the following exception:

Traceback (most recent call last):
  File "G:\1_Personal_File\chessAssistant\gitHub_Code\ChessAssistantCode\cloud\local_oss_ai_worker\.venv\Lib\site-packages\requests\adapters.py", line 696, in send
    resp = conn.urlopen(
           ^^^^^^^^^^^^^
  File "G:\1_Personal_File\chessAssistant\gitHub_Code\ChessAssistantCode\cloud\local_oss_ai_worker\.venv\Lib\site-packages\urllib3\connectionpool.py", line 842, in urlopen
    retries = retries.increment(
              ^^^^^^^^^^^^^^^^^^
  File "G:\1_Personal_File\chessAssistant\gitHub_Code\ChessAssistantCode\cloud\local_oss_ai_worker\.venv\Lib\site-packages\urllib3\util\retry.py", line 543, in increment
    raise MaxRetryError(_pool, url, reason) from reason  # type: ignore[arg-type]
    ^^^^^^^^^^^^^^^^^^^^^^^^^^^^^^^^^^^^^^^^^^^^^^^^^^^
urllib3.exceptions.MaxRetryError: HTTPSConnectionPool(host='esp32-chess-assistant.oss-cn-hangzhou.aliyuncs.com', port=443): Max retries exceeded with url: /devices%2Fesp32-8B2D54%2Frequests%2Flatest.json (Caused by SSLError(SSLEOFError(8, 'EOF occurred in violation of protocol (_ssl.c:1002)')))

During handling of the above exception, another exception occurred:

Traceback (most recent call last):
  File "G:\1_Personal_File\chessAssistant\gitHub_Code\ChessAssistantCode\cloud\local_oss_ai_worker\.venv\Lib\site-packages\oss2\http.py", line 47, in do_request
    return Response(self.session.request(req.method, req.url,
                    ^^^^^^^^^^^^^^^^^^^^^^^^^^^^^^^^^^^^^^^^^
  File "G:\1_Personal_File\chessAssistant\gitHub_Code\ChessAssistantCode\cloud\local_oss_ai_worker\.venv\Lib\site-packages\requests\sessions.py", line 651, in request
    resp = self.send(prep, **send_kwargs)
           ^^^^^^^^^^^^^^^^^^^^^^^^^^^^^^
  File "G:\1_Personal_File\chessAssistant\gitHub_Code\ChessAssistantCode\cloud\local_oss_ai_worker\.venv\Lib\site-packages\requests\sessions.py", line 784, in send
    r = adapter.send(request, **kwargs)
        ^^^^^^^^^^^^^^^^^^^^^^^^^^^^^^^
  File "G:\1_Personal_File\chessAssistant\gitHub_Code\ChessAssistantCode\cloud\local_oss_ai_worker\.venv\Lib\site-packages\requests\adapters.py", line 727, in send
    raise SSLError(e, request=request)
requests.exceptions.SSLError: HTTPSConnectionPool(host='esp32-chess-assistant.oss-cn-hangzhou.aliyuncs.com', port=443): Max retries exceeded with url: /devices%2Fesp32-8B2D54%2Frequests%2Flatest.json (Caused by SSLError(SSLEOFError(8, 'EOF occurred in violation of protocol (_ssl.c:1002)')))

During handling of the above exception, another exception occurred:

Traceback (most recent call last):
  File "G:\1_Personal_File\chessAssistant\gitHub_Code\ChessAssistantCode\cloud\local_oss_ai_worker\worker.py", line 761, in main
    processed = process_one(bucket, args, state, device_id)
                ^^^^^^^^^^^^^^^^^^^^^^^^^^^^^^^^^^^^^^^^^^^
  File "G:\1_Personal_File\chessAssistant\gitHub_Code\ChessAssistantCode\cloud\local_oss_ai_worker\worker.py", line 644, in process_one
    manifest_key, manifest = read_manifest(bucket, device_id)
                             ^^^^^^^^^^^^^^^^^^^^^^^^^^^^^^^^
  File "G:\1_Personal_File\chessAssistant\gitHub_Code\ChessAssistantCode\cloud\local_oss_ai_worker\worker.py", line 597, in read_manifest
    body = bucket.get_object(manifest_key).read()
           ^^^^^^^^^^^^^^^^^^^^^^^^^^^^^^^
  File "G:\1_Personal_File\chessAssistant\gitHub_Code\ChessAssistantCode\cloud\local_oss_ai_worker\.venv\Lib\site-packages\oss2\api.py", line 1023, in get_object
    resp = self.__do_object('GET', key, headers=headers, params=params)
           ^^^^^^^^^^^^^^^^^^^^^^^^^^^^^^^^^^^^^^^^^^^^^^^^^^^^^^^^^^^^
  File "G:\1_Personal_File\chessAssistant\gitHub_Code\ChessAssistantCode\cloud\local_oss_ai_worker\.venv\Lib\site-packages\oss2\api.py", line 3392, in __do_object
    return self._do(method, self.bucket_name, key, **kwargs)
           ^^^^^^^^^^^^^^^^^^^^^^^^^^^^^^^^^^^^^^^^^^^^^^^^^
  File "G:\1_Personal_File\chessAssistant\gitHub_Code\ChessAssistantCode\cloud\local_oss_ai_worker\.venv\Lib\site-packages\oss2\api.py", line 237, in _do
    resp = self.session.do_request(req, timeout=self.timeout)
           ^^^^^^^^^^^^^^^^^^^^^^^^^^^^^^^^^^^^^^^^^^^^^^^^^^
  File "G:\1_Personal_File\chessAssistant\gitHub_Code\ChessAssistantCode\cloud\local_oss_ai_worker\.venv\Lib\site-packages\oss2\http.py", line 55, in do_request
    raise RequestError(e)
oss2.exceptions.RequestError: {'status': -2, 'x-oss-request-id': '', 'details': "RequestError: HTTPSConnectionPool(host='esp32-chess-assistant.oss-cn-hangzhou.aliyuncs.com', port=443): Max retries exceeded with url: /devices%2Fesp32-8B2D54%2Frequests%2Flatest.json (Caused by SSLError(SSLEOFError(8, 'EOF occurred in violation of protocol (_ssl.c:1002)')))"}
2026-07-15 23:39:06,852 ERROR oss_ai_worker: Worker iteration failed for device_id=esp32-C3F8D0
urllib3.exceptions.SSLError: EOF occurred in violation of protocol (_ssl.c:1002)

The above exception was the direct cause of the following exception:

Traceback (most recent call last):
  File "G:\1_Personal_File\chessAssistant\gitHub_Code\ChessAssistantCode\cloud\local_oss_ai_worker\.venv\Lib\site-packages\requests\adapters.py", line 696, in send
    resp = conn.urlopen(
           ^^^^^^^^^^^^^
  File "G:\1_Personal_File\chessAssistant\gitHub_Code\ChessAssistantCode\cloud\local_oss_ai_worker\.venv\Lib\site-packages\urllib3\connectionpool.py", line 842, in urlopen
    retries = retries.increment(
              ^^^^^^^^^^^^^^^^^^
  File "G:\1_Personal_File\chessAssistant\gitHub_Code\ChessAssistantCode\cloud\local_oss_ai_worker\.venv\Lib\site-packages\urllib3\util\retry.py", line 543, in increment
    raise MaxRetryError(_pool, url, reason) from reason  # type: ignore[arg-type]
    ^^^^^^^^^^^^^^^^^^^^^^^^^^^^^^^^^^^^^^^^^^^^^^^^^^^
urllib3.exceptions.MaxRetryError: HTTPSConnectionPool(host='esp32-chess-assistant.oss-cn-hangzhou.aliyuncs.com', port=443): Max retries exceeded with url: /devices%2Fesp32-C3F8D0%2Frequests%2Flatest.json (Caused by SSLError(SSLEOFError(8, 'EOF occurred in violation of protocol (_ssl.c:1002)')))

During handling of the above exception, another exception occurred:

Traceback (most recent call last):
  File "G:\1_Personal_File\chessAssistant\gitHub_Code\ChessAssistantCode\cloud\local_oss_ai_worker\.venv\Lib\site-packages\oss2\http.py", line 47, in do_request
    return Response(self.session.request(req.method, req.url,
                    ^^^^^^^^^^^^^^^^^^^^^^^^^^^^^^^^^^^^^^^^^
  File "G:\1_Personal_File\chessAssistant\gitHub_Code\ChessAssistantCode\cloud\local_oss_ai_worker\.venv\Lib\site-packages\requests\sessions.py", line 651, in request
    resp = self.send(prep, **send_kwargs)
           ^^^^^^^^^^^^^^^^^^^^^^^^^^^^^^
  File "G:\1_Personal_File\chessAssistant\gitHub_Code\ChessAssistantCode\cloud\local_oss_ai_worker\.venv\Lib\site-packages\requests\sessions.py", line 784, in send
    r = adapter.send(request, **kwargs)
        ^^^^^^^^^^^^^^^^^^^^^^^^^^^^^^^
  File "G:\1_Personal_File\chessAssistant\gitHub_Code\ChessAssistantCode\cloud\local_oss_ai_worker\.venv\Lib\site-packages\requests\adapters.py", line 727, in send
    raise SSLError(e, request=request)
requests.exceptions.SSLError: HTTPSConnectionPool(host='esp32-chess-assistant.oss-cn-hangzhou.aliyuncs.com', port=443): Max retries exceeded with url: /devices%2Fesp32-C3F8D0%2Frequests%2Flatest.json (Caused by SSLError(SSLEOFError(8, 'EOF occurred in violation of protocol (_ssl.c:1002)')))

During handling of the above exception, another exception occurred:

Traceback (most recent call last):
  File "G:\1_Personal_File\chessAssistant\gitHub_Code\ChessAssistantCode\cloud\local_oss_ai_worker\worker.py", line 761, in main
    processed = process_one(bucket, args, state, device_id)
                ^^^^^^^^^^^^^^^^^^^^^^^^^^^^^^^^^^^^^^^^^^^
  File "G:\1_Personal_File\chessAssistant\gitHub_Code\ChessAssistantCode\cloud\local_oss_ai_worker\worker.py", line 644, in process_one
    manifest_key, manifest = read_manifest(bucket, device_id)
                             ^^^^^^^^^^^^^^^^^^^^^^^^^^^^^^^^
  File "G:\1_Personal_File\chessAssistant\gitHub_Code\ChessAssistantCode\cloud\local_oss_ai_worker\worker.py", line 597, in read_manifest
    body = bucket.get_object(manifest_key).read()
           ^^^^^^^^^^^^^^^^^^^^^^^^^^^^^^^
  File "G:\1_Personal_File\chessAssistant\gitHub_Code\ChessAssistantCode\cloud\local_oss_ai_worker\.venv\Lib\site-packages\oss2\api.py", line 1023, in get_object
    resp = self.__do_object('GET', key, headers=headers, params=params)
           ^^^^^^^^^^^^^^^^^^^^^^^^^^^^^^^^^^^^^^^^^^^^^^^^^^^^^^^^^^^^
  File "G:\1_Personal_File\chessAssistant\gitHub_Code\ChessAssistantCode\cloud\local_oss_ai_worker\.venv\Lib\site-packages\oss2\api.py", line 3392, in __do_object
    return self._do(method, self.bucket_name, key, **kwargs)
           ^^^^^^^^^^^^^^^^^^^^^^^^^^^^^^^^^^^^^^^^^^^^^^^^^
  File "G:\1_Personal_File\chessAssistant\gitHub_Code\ChessAssistantCode\cloud\local_oss_ai_worker\.venv\Lib\site-packages\oss2\api.py", line 237, in _do
    resp = self.session.do_request(req, timeout=self.timeout)
           ^^^^^^^^^^^^^^^^^^^^^^^^^^^^^^^^^^^^^^^^^^^^^^^^^^
  File "G:\1_Personal_File\chessAssistant\gitHub_Code\ChessAssistantCode\cloud\local_oss_ai_worker\.venv\Lib\site-packages\oss2\http.py", line 55, in do_request
    raise RequestError(e)
oss2.exceptions.RequestError: {'status': -2, 'x-oss-request-id': '', 'details': "RequestError: HTTPSConnectionPool(host='esp32-chess-assistant.oss-cn-hangzhou.aliyuncs.com', port=443): Max retries exceeded with url: /devices%2Fesp32-C3F8D0%2Frequests%2Flatest.json (Caused by SSLError(SSLEOFError(8, 'EOF occurred in violation of protocol (_ssl.c:1002)')))"}
2026-07-15 23:39:07,994 ERROR oss_ai_worker: Worker iteration failed for device_id=chess-441BF6C3F8D0
urllib3.exceptions.SSLError: EOF occurred in violation of protocol (_ssl.c:1002)

The above exception was the direct cause of the following exception:

Traceback (most recent call last):
  File "G:\1_Personal_File\chessAssistant\gitHub_Code\ChessAssistantCode\cloud\local_oss_ai_worker\.venv\Lib\site-packages\requests\adapters.py", line 696, in send
    resp = conn.urlopen(
           ^^^^^^^^^^^^^
  File "G:\1_Personal_File\chessAssistant\gitHub_Code\ChessAssistantCode\cloud\local_oss_ai_worker\.venv\Lib\site-packages\urllib3\connectionpool.py", line 842, in urlopen
    retries = retries.increment(
              ^^^^^^^^^^^^^^^^^^
  File "G:\1_Personal_File\chessAssistant\gitHub_Code\ChessAssistantCode\cloud\local_oss_ai_worker\.venv\Lib\site-packages\urllib3\util\retry.py", line 543, in increment
    raise MaxRetryError(_pool, url, reason) from reason  # type: ignore[arg-type]
    ^^^^^^^^^^^^^^^^^^^^^^^^^^^^^^^^^^^^^^^^^^^^^^^^^^^
urllib3.exceptions.MaxRetryError: HTTPSConnectionPool(host='esp32-chess-assistant.oss-cn-hangzhou.aliyuncs.com', port=443): Max retries exceeded with url: /devices%2Fchess-441BF6C3F8D0%2Frequests%2Flatest.json (Caused by SSLError(SSLEOFError(8, 'EOF occurred in violation of protocol (_ssl.c:1002)')))

During handling of the above exception, another exception occurred:

Traceback (most recent call last):
  File "G:\1_Personal_File\chessAssistant\gitHub_Code\ChessAssistantCode\cloud\local_oss_ai_worker\.venv\Lib\site-packages\oss2\http.py", line 47, in do_request
    return Response(self.session.request(req.method, req.url,
                    ^^^^^^^^^^^^^^^^^^^^^^^^^^^^^^^^^^^^^^^^^
  File "G:\1_Personal_File\chessAssistant\gitHub_Code\ChessAssistantCode\cloud\local_oss_ai_worker\.venv\Lib\site-packages\requests\sessions.py", line 651, in request
    resp = self.send(prep, **send_kwargs)
           ^^^^^^^^^^^^^^^^^^^^^^^^^^^^^^
  File "G:\1_Personal_File\chessAssistant\gitHub_Code\ChessAssistantCode\cloud\local_oss_ai_worker\.venv\Lib\site-packages\requests\sessions.py", line 784, in send
    r = adapter.send(request, **kwargs)
        ^^^^^^^^^^^^^^^^^^^^^^^^^^^^^^^
  File "G:\1_Personal_File\chessAssistant\gitHub_Code\ChessAssistantCode\cloud\local_oss_ai_worker\.venv\Lib\site-packages\requests\adapters.py", line 727, in send
    raise SSLError(e, request=request)
requests.exceptions.SSLError: HTTPSConnectionPool(host='esp32-chess-assistant.oss-cn-hangzhou.aliyuncs.com', port=443): Max retries exceeded with url: /devices%2Fchess-441BF6C3F8D0%2Frequests%2Flatest.json (Caused by SSLError(SSLEOFError(8, 'EOF occurred in violation of protocol (_ssl.c:1002)')))

During handling of the above exception, another exception occurred:

Traceback (most recent call last):
  File "G:\1_Personal_File\chessAssistant\gitHub_Code\ChessAssistantCode\cloud\local_oss_ai_worker\worker.py", line 761, in main
    processed = process_one(bucket, args, state, device_id)
                ^^^^^^^^^^^^^^^^^^^^^^^^^^^^^^^^^^^^^^^^^^^
  File "G:\1_Personal_File\chessAssistant\gitHub_Code\ChessAssistantCode\cloud\local_oss_ai_worker\worker.py", line 644, in process_one
    manifest_key, manifest = read_manifest(bucket, device_id)
                             ^^^^^^^^^^^^^^^^^^^^^^^^^^^^^^^^
  File "G:\1_Personal_File\chessAssistant\gitHub_Code\ChessAssistantCode\cloud\local_oss_ai_worker\worker.py", line 597, in read_manifest
    body = bucket.get_object(manifest_key).read()
           ^^^^^^^^^^^^^^^^^^^^^^^^^^^^^^^
  File "G:\1_Personal_File\chessAssistant\gitHub_Code\ChessAssistantCode\cloud\local_oss_ai_worker\.venv\Lib\site-packages\oss2\api.py", line 1023, in get_object
    resp = self.__do_object('GET', key, headers=headers, params=params)
           ^^^^^^^^^^^^^^^^^^^^^^^^^^^^^^^^^^^^^^^^^^^^^^^^^^^^^^^^^^^^
  File "G:\1_Personal_File\chessAssistant\gitHub_Code\ChessAssistantCode\cloud\local_oss_ai_worker\.venv\Lib\site-packages\oss2\api.py", line 3392, in __do_object
    return self._do(method, self.bucket_name, key, **kwargs)
           ^^^^^^^^^^^^^^^^^^^^^^^^^^^^^^^^^^^^^^^^^^^^^^^^^
  File "G:\1_Personal_File\chessAssistant\gitHub_Code\ChessAssistantCode\cloud\local_oss_ai_worker\.venv\Lib\site-packages\oss2\api.py", line 237, in _do
    resp = self.session.do_request(req, timeout=self.timeout)
           ^^^^^^^^^^^^^^^^^^^^^^^^^^^^^^^^^^^^^^^^^^^^^^^^^^
  File "G:\1_Personal_File\chessAssistant\gitHub_Code\ChessAssistantCode\cloud\local_oss_ai_worker\.venv\Lib\site-packages\oss2\http.py", line 55, in do_request
    raise RequestError(e)
oss2.exceptions.RequestError: {'status': -2, 'x-oss-request-id': '', 'details': "RequestError: HTTPSConnectionPool(host='esp32-chess-assistant.oss-cn-hangzhou.aliyuncs.com', port=443): Max retries exceeded with url: /devices%2Fchess-441BF6C3F8D0%2Frequests%2Flatest.json (Caused by SSLError(SSLEOFError(8, 'EOF occurred in violation of protocol (_ssl.c:1002)')))"}
2026-07-15 23:39:08,120 ERROR oss_ai_worker: Worker iteration failed for device_id=esp32-8B2D54
urllib3.exceptions.SSLError: EOF occurred in violation of protocol (_ssl.c:1002)

The above exception was the direct cause of the following exception:

Traceback (most recent call last):
  File "G:\1_Personal_File\chessAssistant\gitHub_Code\ChessAssistantCode\cloud\local_oss_ai_worker\.venv\Lib\site-packages\requests\adapters.py", line 696, in send
    resp = conn.urlopen(
           ^^^^^^^^^^^^^
  File "G:\1_Personal_File\chessAssistant\gitHub_Code\ChessAssistantCode\cloud\local_oss_ai_worker\.venv\Lib\site-packages\urllib3\connectionpool.py", line 842, in urlopen
    retries = retries.increment(
              ^^^^^^^^^^^^^^^^^^
  File "G:\1_Personal_File\chessAssistant\gitHub_Code\ChessAssistantCode\cloud\local_oss_ai_worker\.venv\Lib\site-packages\urllib3\util\retry.py", line 543, in increment
    raise MaxRetryError(_pool, url, reason) from reason  # type: ignore[arg-type]
    ^^^^^^^^^^^^^^^^^^^^^^^^^^^^^^^^^^^^^^^^^^^^^^^^^^^
urllib3.exceptions.MaxRetryError: HTTPSConnectionPool(host='esp32-chess-assistant.oss-cn-hangzhou.aliyuncs.com', port=443): Max retries exceeded with url: /devices%2Fesp32-8B2D54%2Frequests%2Flatest.json (Caused by SSLError(SSLEOFError(8, 'EOF occurred in violation of protocol (_ssl.c:1002)')))

During handling of the above exception, another exception occurred:

Traceback (most recent call last):
  File "G:\1_Personal_File\chessAssistant\gitHub_Code\ChessAssistantCode\cloud\local_oss_ai_worker\.venv\Lib\site-packages\oss2\http.py", line 47, in do_request
    return Response(self.session.request(req.method, req.url,
                    ^^^^^^^^^^^^^^^^^^^^^^^^^^^^^^^^^^^^^^^^^
  File "G:\1_Personal_File\chessAssistant\gitHub_Code\ChessAssistantCode\cloud\local_oss_ai_worker\.venv\Lib\site-packages\requests\sessions.py", line 651, in request
    resp = self.send(prep, **send_kwargs)
           ^^^^^^^^^^^^^^^^^^^^^^^^^^^^^^
  File "G:\1_Personal_File\chessAssistant\gitHub_Code\ChessAssistantCode\cloud\local_oss_ai_worker\.venv\Lib\site-packages\requests\sessions.py", line 784, in send
    r = adapter.send(request, **kwargs)
        ^^^^^^^^^^^^^^^^^^^^^^^^^^^^^^^
  File "G:\1_Personal_File\chessAssistant\gitHub_Code\ChessAssistantCode\cloud\local_oss_ai_worker\.venv\Lib\site-packages\requests\adapters.py", line 727, in send
    raise SSLError(e, request=request)
requests.exceptions.SSLError: HTTPSConnectionPool(host='esp32-chess-assistant.oss-cn-hangzhou.aliyuncs.com', port=443): Max retries exceeded with url: /devices%2Fesp32-8B2D54%2Frequests%2Flatest.json (Caused by SSLError(SSLEOFError(8, 'EOF occurred in violation of protocol (_ssl.c:1002)')))

During handling of the above exception, another exception occurred:

Traceback (most recent call last):
  File "G:\1_Personal_File\chessAssistant\gitHub_Code\ChessAssistantCode\cloud\local_oss_ai_worker\worker.py", line 761, in main
    processed = process_one(bucket, args, state, device_id)
                ^^^^^^^^^^^^^^^^^^^^^^^^^^^^^^^^^^^^^^^^^^^
  File "G:\1_Personal_File\chessAssistant\gitHub_Code\ChessAssistantCode\cloud\local_oss_ai_worker\worker.py", line 644, in process_one
    manifest_key, manifest = read_manifest(bucket, device_id)
                             ^^^^^^^^^^^^^^^^^^^^^^^^^^^^^^^^
  File "G:\1_Personal_File\chessAssistant\gitHub_Code\ChessAssistantCode\cloud\local_oss_ai_worker\worker.py", line 597, in read_manifest
    body = bucket.get_object(manifest_key).read()
           ^^^^^^^^^^^^^^^^^^^^^^^^^^^^^^^
  File "G:\1_Personal_File\chessAssistant\gitHub_Code\ChessAssistantCode\cloud\local_oss_ai_worker\.venv\Lib\site-packages\oss2\api.py", line 1023, in get_object
    resp = self.__do_object('GET', key, headers=headers, params=params)
           ^^^^^^^^^^^^^^^^^^^^^^^^^^^^^^^^^^^^^^^^^^^^^^^^^^^^^^^^^^^^
  File "G:\1_Personal_File\chessAssistant\gitHub_Code\ChessAssistantCode\cloud\local_oss_ai_worker\.venv\Lib\site-packages\oss2\api.py", line 3392, in __do_object
    return self._do(method, self.bucket_name, key, **kwargs)
           ^^^^^^^^^^^^^^^^^^^^^^^^^^^^^^^^^^^^^^^^^^^^^^^^^
  File "G:\1_Personal_File\chessAssistant\gitHub_Code\ChessAssistantCode\cloud\local_oss_ai_worker\.venv\Lib\site-packages\oss2\api.py", line 237, in _do
    resp = self.session.do_request(req, timeout=self.timeout)
           ^^^^^^^^^^^^^^^^^^^^^^^^^^^^^^^^^^^^^^^^^^^^^^^^^^
  File "G:\1_Personal_File\chessAssistant\gitHub_Code\ChessAssistantCode\cloud\local_oss_ai_worker\.venv\Lib\site-packages\oss2\http.py", line 55, in do_request
    raise RequestError(e)
oss2.exceptions.RequestError: {'status': -2, 'x-oss-request-id': '', 'details': "RequestError: HTTPSConnectionPool(host='esp32-chess-assistant.oss-cn-hangzhou.aliyuncs.com', port=443): Max retries exceeded with url: /devices%2Fesp32-8B2D54%2Frequests%2Flatest.json (Caused by SSLError(SSLEOFError(8, 'EOF occurred in violation of protocol (_ssl.c:1002)')))"}
2026-07-15 23:39:08,274 ERROR oss_ai_worker: Worker iteration failed for device_id=esp32-C3F8D0
urllib3.exceptions.SSLError: EOF occurred in violation of protocol (_ssl.c:1002)

The above exception was the direct cause of the following exception:

Traceback (most recent call last):
  File "G:\1_Personal_File\chessAssistant\gitHub_Code\ChessAssistantCode\cloud\local_oss_ai_worker\.venv\Lib\site-packages\requests\adapters.py", line 696, in send
    resp = conn.urlopen(
           ^^^^^^^^^^^^^
  File "G:\1_Personal_File\chessAssistant\gitHub_Code\ChessAssistantCode\cloud\local_oss_ai_worker\.venv\Lib\site-packages\urllib3\connectionpool.py", line 842, in urlopen
    retries = retries.increment(
              ^^^^^^^^^^^^^^^^^^
  File "G:\1_Personal_File\chessAssistant\gitHub_Code\ChessAssistantCode\cloud\local_oss_ai_worker\.venv\Lib\site-packages\urllib3\util\retry.py", line 543, in increment
    raise MaxRetryError(_pool, url, reason) from reason  # type: ignore[arg-type]
    ^^^^^^^^^^^^^^^^^^^^^^^^^^^^^^^^^^^^^^^^^^^^^^^^^^^
urllib3.exceptions.MaxRetryError: HTTPSConnectionPool(host='esp32-chess-assistant.oss-cn-hangzhou.aliyuncs.com', port=443): Max retries exceeded with url: /devices%2Fesp32-C3F8D0%2Frequests%2Flatest.json (Caused by SSLError(SSLEOFError(8, 'EOF occurred in violation of protocol (_ssl.c:1002)')))

During handling of the above exception, another exception occurred:

Traceback (most recent call last):
  File "G:\1_Personal_File\chessAssistant\gitHub_Code\ChessAssistantCode\cloud\local_oss_ai_worker\.venv\Lib\site-packages\oss2\http.py", line 47, in do_request
    return Response(self.session.request(req.method, req.url,
                    ^^^^^^^^^^^^^^^^^^^^^^^^^^^^^^^^^^^^^^^^^
  File "G:\1_Personal_File\chessAssistant\gitHub_Code\ChessAssistantCode\cloud\local_oss_ai_worker\.venv\Lib\site-packages\requests\sessions.py", line 651, in request
    resp = self.send(prep, **send_kwargs)
           ^^^^^^^^^^^^^^^^^^^^^^^^^^^^^^
  File "G:\1_Personal_File\chessAssistant\gitHub_Code\ChessAssistantCode\cloud\local_oss_ai_worker\.venv\Lib\site-packages\requests\sessions.py", line 784, in send
    r = adapter.send(request, **kwargs)
        ^^^^^^^^^^^^^^^^^^^^^^^^^^^^^^^
  File "G:\1_Personal_File\chessAssistant\gitHub_Code\ChessAssistantCode\cloud\local_oss_ai_worker\.venv\Lib\site-packages\requests\adapters.py", line 727, in send
    raise SSLError(e, request=request)
requests.exceptions.SSLError: HTTPSConnectionPool(host='esp32-chess-assistant.oss-cn-hangzhou.aliyuncs.com', port=443): Max retries exceeded with url: /devices%2Fesp32-C3F8D0%2Frequests%2Flatest.json (Caused by SSLError(SSLEOFError(8, 'EOF occurred in violation of protocol (_ssl.c:1002)')))

During handling of the above exception, another exception occurred:

Traceback (most recent call last):
  File "G:\1_Personal_File\chessAssistant\gitHub_Code\ChessAssistantCode\cloud\local_oss_ai_worker\worker.py", line 761, in main
    processed = process_one(bucket, args, state, device_id)
                ^^^^^^^^^^^^^^^^^^^^^^^^^^^^^^^^^^^^^^^^^^^
  File "G:\1_Personal_File\chessAssistant\gitHub_Code\ChessAssistantCode\cloud\local_oss_ai_worker\worker.py", line 644, in process_one
    manifest_key, manifest = read_manifest(bucket, device_id)
                             ^^^^^^^^^^^^^^^^^^^^^^^^^^^^^^^^
  File "G:\1_Personal_File\chessAssistant\gitHub_Code\ChessAssistantCode\cloud\local_oss_ai_worker\worker.py", line 597, in read_manifest
    body = bucket.get_object(manifest_key).read()
           ^^^^^^^^^^^^^^^^^^^^^^^^^^^^^^^
  File "G:\1_Personal_File\chessAssistant\gitHub_Code\ChessAssistantCode\cloud\local_oss_ai_worker\.venv\Lib\site-packages\oss2\api.py", line 1023, in get_object
    resp = self.__do_object('GET', key, headers=headers, params=params)
           ^^^^^^^^^^^^^^^^^^^^^^^^^^^^^^^^^^^^^^^^^^^^^^^^^^^^^^^^^^^^
  File "G:\1_Personal_File\chessAssistant\gitHub_Code\ChessAssistantCode\cloud\local_oss_ai_worker\.venv\Lib\site-packages\oss2\api.py", line 3392, in __do_object
    return self._do(method, self.bucket_name, key, **kwargs)
           ^^^^^^^^^^^^^^^^^^^^^^^^^^^^^^^^^^^^^^^^^^^^^^^^^
  File "G:\1_Personal_File\chessAssistant\gitHub_Code\ChessAssistantCode\cloud\local_oss_ai_worker\.venv\Lib\site-packages\oss2\api.py", line 237, in _do
    resp = self.session.do_request(req, timeout=self.timeout)
           ^^^^^^^^^^^^^^^^^^^^^^^^^^^^^^^^^^^^^^^^^^^^^^^^^^
  File "G:\1_Personal_File\chessAssistant\gitHub_Code\ChessAssistantCode\cloud\local_oss_ai_worker\.venv\Lib\site-packages\oss2\http.py", line 55, in do_request
    raise RequestError(e)
oss2.exceptions.RequestError: {'status': -2, 'x-oss-request-id': '', 'details': "RequestError: HTTPSConnectionPool(host='esp32-chess-assistant.oss-cn-hangzhou.aliyuncs.com', port=443): Max retries exceeded with url: /devices%2Fesp32-C3F8D0%2Frequests%2Flatest.json (Caused by SSLError(SSLEOFError(8, 'EOF occurred in violation of protocol (_ssl.c:1002)')))"}
2026-07-15 23:39:09,407 ERROR oss_ai_worker: Worker iteration failed for device_id=chess-441BF6C3F8D0
urllib3.exceptions.SSLError: EOF occurred in violation of protocol (_ssl.c:1002)

The above exception was the direct cause of the following exception:

Traceback (most recent call last):
  File "G:\1_Personal_File\chessAssistant\gitHub_Code\ChessAssistantCode\cloud\local_oss_ai_worker\.venv\Lib\site-packages\requests\adapters.py", line 696, in send
    resp = conn.urlopen(
           ^^^^^^^^^^^^^
  File "G:\1_Personal_File\chessAssistant\gitHub_Code\ChessAssistantCode\cloud\local_oss_ai_worker\.venv\Lib\site-packages\urllib3\connectionpool.py", line 842, in urlopen
    retries = retries.increment(
              ^^^^^^^^^^^^^^^^^^
  File "G:\1_Personal_File\chessAssistant\gitHub_Code\ChessAssistantCode\cloud\local_oss_ai_worker\.venv\Lib\site-packages\urllib3\util\retry.py", line 543, in increment
    raise MaxRetryError(_pool, url, reason) from reason  # type: ignore[arg-type]
    ^^^^^^^^^^^^^^^^^^^^^^^^^^^^^^^^^^^^^^^^^^^^^^^^^^^
urllib3.exceptions.MaxRetryError: HTTPSConnectionPool(host='esp32-chess-assistant.oss-cn-hangzhou.aliyuncs.com', port=443): Max retries exceeded with url: /devices%2Fchess-441BF6C3F8D0%2Frequests%2Flatest.json (Caused by SSLError(SSLEOFError(8, 'EOF occurred in violation of protocol (_ssl.c:1002)')))

During handling of the above exception, another exception occurred:

Traceback (most recent call last):
  File "G:\1_Personal_File\chessAssistant\gitHub_Code\ChessAssistantCode\cloud\local_oss_ai_worker\.venv\Lib\site-packages\oss2\http.py", line 47, in do_request
    return Response(self.session.request(req.method, req.url,
                    ^^^^^^^^^^^^^^^^^^^^^^^^^^^^^^^^^^^^^^^^^
  File "G:\1_Personal_File\chessAssistant\gitHub_Code\ChessAssistantCode\cloud\local_oss_ai_worker\.venv\Lib\site-packages\requests\sessions.py", line 651, in request
    resp = self.send(prep, **send_kwargs)
           ^^^^^^^^^^^^^^^^^^^^^^^^^^^^^^
  File "G:\1_Personal_File\chessAssistant\gitHub_Code\ChessAssistantCode\cloud\local_oss_ai_worker\.venv\Lib\site-packages\requests\sessions.py", line 784, in send
    r = adapter.send(request, **kwargs)
        ^^^^^^^^^^^^^^^^^^^^^^^^^^^^^^^
  File "G:\1_Personal_File\chessAssistant\gitHub_Code\ChessAssistantCode\cloud\local_oss_ai_worker\.venv\Lib\site-packages\requests\adapters.py", line 727, in send
    raise SSLError(e, request=request)
requests.exceptions.SSLError: HTTPSConnectionPool(host='esp32-chess-assistant.oss-cn-hangzhou.aliyuncs.com', port=443): Max retries exceeded with url: /devices%2Fchess-441BF6C3F8D0%2Frequests%2Flatest.json (Caused by SSLError(SSLEOFError(8, 'EOF occurred in violation of protocol (_ssl.c:1002)')))

During handling of the above exception, another exception occurred:

Traceback (most recent call last):
  File "G:\1_Personal_File\chessAssistant\gitHub_Code\ChessAssistantCode\cloud\local_oss_ai_worker\worker.py", line 761, in main
    processed = process_one(bucket, args, state, device_id)
                ^^^^^^^^^^^^^^^^^^^^^^^^^^^^^^^^^^^^^^^^^^^
  File "G:\1_Personal_File\chessAssistant\gitHub_Code\ChessAssistantCode\cloud\local_oss_ai_worker\worker.py", line 644, in process_one
    manifest_key, manifest = read_manifest(bucket, device_id)
                             ^^^^^^^^^^^^^^^^^^^^^^^^^^^^^^^^
  File "G:\1_Personal_File\chessAssistant\gitHub_Code\ChessAssistantCode\cloud\local_oss_ai_worker\worker.py", line 597, in read_manifest
    body = bucket.get_object(manifest_key).read()
           ^^^^^^^^^^^^^^^^^^^^^^^^^^^^^^^
  File "G:\1_Personal_File\chessAssistant\gitHub_Code\ChessAssistantCode\cloud\local_oss_ai_worker\.venv\Lib\site-packages\oss2\api.py", line 1023, in get_object
    resp = self.__do_object('GET', key, headers=headers, params=params)
           ^^^^^^^^^^^^^^^^^^^^^^^^^^^^^^^^^^^^^^^^^^^^^^^^^^^^^^^^^^^^
  File "G:\1_Personal_File\chessAssistant\gitHub_Code\ChessAssistantCode\cloud\local_oss_ai_worker\.venv\Lib\site-packages\oss2\api.py", line 3392, in __do_object
    return self._do(method, self.bucket_name, key, **kwargs)
           ^^^^^^^^^^^^^^^^^^^^^^^^^^^^^^^^^^^^^^^^^^^^^^^^^
  File "G:\1_Personal_File\chessAssistant\gitHub_Code\ChessAssistantCode\cloud\local_oss_ai_worker\.venv\Lib\site-packages\oss2\api.py", line 237, in _do
    resp = self.session.do_request(req, timeout=self.timeout)
           ^^^^^^^^^^^^^^^^^^^^^^^^^^^^^^^^^^^^^^^^^^^^^^^^^^
  File "G:\1_Personal_File\chessAssistant\gitHub_Code\ChessAssistantCode\cloud\local_oss_ai_worker\.venv\Lib\site-packages\oss2\http.py", line 55, in do_request
    raise RequestError(e)
oss2.exceptions.RequestError: {'status': -2, 'x-oss-request-id': '', 'details': "RequestError: HTTPSConnectionPool(host='esp32-chess-assistant.oss-cn-hangzhou.aliyuncs.com', port=443): Max retries exceeded with url: /devices%2Fchess-441BF6C3F8D0%2Frequests%2Flatest.json (Caused by SSLError(SSLEOFError(8, 'EOF occurred in violation of protocol (_ssl.c:1002)')))"}
2026-07-15 23:39:09,537 ERROR oss_ai_worker: Worker iteration failed for device_id=esp32-8B2D54
urllib3.exceptions.SSLError: EOF occurred in violation of protocol (_ssl.c:1002)

The above exception was the direct cause of the following exception:

Traceback (most recent call last):
  File "G:\1_Personal_File\chessAssistant\gitHub_Code\ChessAssistantCode\cloud\local_oss_ai_worker\.venv\Lib\site-packages\requests\adapters.py", line 696, in send
    resp = conn.urlopen(
           ^^^^^^^^^^^^^
  File "G:\1_Personal_File\chessAssistant\gitHub_Code\ChessAssistantCode\cloud\local_oss_ai_worker\.venv\Lib\site-packages\urllib3\connectionpool.py", line 842, in urlopen
    retries = retries.increment(
              ^^^^^^^^^^^^^^^^^^
  File "G:\1_Personal_File\chessAssistant\gitHub_Code\ChessAssistantCode\cloud\local_oss_ai_worker\.venv\Lib\site-packages\urllib3\util\retry.py", line 543, in increment
    raise MaxRetryError(_pool, url, reason) from reason  # type: ignore[arg-type]
    ^^^^^^^^^^^^^^^^^^^^^^^^^^^^^^^^^^^^^^^^^^^^^^^^^^^
urllib3.exceptions.MaxRetryError: HTTPSConnectionPool(host='esp32-chess-assistant.oss-cn-hangzhou.aliyuncs.com', port=443): Max retries exceeded with url: /devices%2Fesp32-8B2D54%2Frequests%2Flatest.json (Caused by SSLError(SSLEOFError(8, 'EOF occurred in violation of protocol (_ssl.c:1002)')))

During handling of the above exception, another exception occurred:

Traceback (most recent call last):
  File "G:\1_Personal_File\chessAssistant\gitHub_Code\ChessAssistantCode\cloud\local_oss_ai_worker\.venv\Lib\site-packages\oss2\http.py", line 47, in do_request
    return Response(self.session.request(req.method, req.url,
                    ^^^^^^^^^^^^^^^^^^^^^^^^^^^^^^^^^^^^^^^^^
  File "G:\1_Personal_File\chessAssistant\gitHub_Code\ChessAssistantCode\cloud\local_oss_ai_worker\.venv\Lib\site-packages\requests\sessions.py", line 651, in request
    resp = self.send(prep, **send_kwargs)
           ^^^^^^^^^^^^^^^^^^^^^^^^^^^^^^
  File "G:\1_Personal_File\chessAssistant\gitHub_Code\ChessAssistantCode\cloud\local_oss_ai_worker\.venv\Lib\site-packages\requests\sessions.py", line 784, in send
    r = adapter.send(request, **kwargs)
        ^^^^^^^^^^^^^^^^^^^^^^^^^^^^^^^
  File "G:\1_Personal_File\chessAssistant\gitHub_Code\ChessAssistantCode\cloud\local_oss_ai_worker\.venv\Lib\site-packages\requests\adapters.py", line 727, in send
    raise SSLError(e, request=request)
requests.exceptions.SSLError: HTTPSConnectionPool(host='esp32-chess-assistant.oss-cn-hangzhou.aliyuncs.com', port=443): Max retries exceeded with url: /devices%2Fesp32-8B2D54%2Frequests%2Flatest.json (Caused by SSLError(SSLEOFError(8, 'EOF occurred in violation of protocol (_ssl.c:1002)')))

During handling of the above exception, another exception occurred:

Traceback (most recent call last):
  File "G:\1_Personal_File\chessAssistant\gitHub_Code\ChessAssistantCode\cloud\local_oss_ai_worker\worker.py", line 761, in main
    processed = process_one(bucket, args, state, device_id)
                ^^^^^^^^^^^^^^^^^^^^^^^^^^^^^^^^^^^^^^^^^^^
  File "G:\1_Personal_File\chessAssistant\gitHub_Code\ChessAssistantCode\cloud\local_oss_ai_worker\worker.py", line 644, in process_one
    manifest_key, manifest = read_manifest(bucket, device_id)
                             ^^^^^^^^^^^^^^^^^^^^^^^^^^^^^^^^
  File "G:\1_Personal_File\chessAssistant\gitHub_Code\ChessAssistantCode\cloud\local_oss_ai_worker\worker.py", line 597, in read_manifest
    body = bucket.get_object(manifest_key).read()
           ^^^^^^^^^^^^^^^^^^^^^^^^^^^^^^^
  File "G:\1_Personal_File\chessAssistant\gitHub_Code\ChessAssistantCode\cloud\local_oss_ai_worker\.venv\Lib\site-packages\oss2\api.py", line 1023, in get_object
    resp = self.__do_object('GET', key, headers=headers, params=params)
           ^^^^^^^^^^^^^^^^^^^^^^^^^^^^^^^^^^^^^^^^^^^^^^^^^^^^^^^^^^^^
  File "G:\1_Personal_File\chessAssistant\gitHub_Code\ChessAssistantCode\cloud\local_oss_ai_worker\.venv\Lib\site-packages\oss2\api.py", line 3392, in __do_object
    return self._do(method, self.bucket_name, key, **kwargs)
           ^^^^^^^^^^^^^^^^^^^^^^^^^^^^^^^^^^^^^^^^^^^^^^^^^
  File "G:\1_Personal_File\chessAssistant\gitHub_Code\ChessAssistantCode\cloud\local_oss_ai_worker\.venv\Lib\site-packages\oss2\api.py", line 237, in _do
    resp = self.session.do_request(req, timeout=self.timeout)
           ^^^^^^^^^^^^^^^^^^^^^^^^^^^^^^^^^^^^^^^^^^^^^^^^^^
  File "G:\1_Personal_File\chessAssistant\gitHub_Code\ChessAssistantCode\cloud\local_oss_ai_worker\.venv\Lib\site-packages\oss2\http.py", line 55, in do_request
    raise RequestError(e)
oss2.exceptions.RequestError: {'status': -2, 'x-oss-request-id': '', 'details': "RequestError: HTTPSConnectionPool(host='esp32-chess-assistant.oss-cn-hangzhou.aliyuncs.com', port=443): Max retries exceeded with url: /devices%2Fesp32-8B2D54%2Frequests%2Flatest.json (Caused by SSLError(SSLEOFError(8, 'EOF occurred in violation of protocol (_ssl.c:1002)')))"}
2026-07-15 23:39:09,679 ERROR oss_ai_worker: Worker iteration failed for device_id=esp32-C3F8D0
urllib3.exceptions.SSLError: EOF occurred in violation of protocol (_ssl.c:1002)

The above exception was the direct cause of the following exception:

Traceback (most recent call last):
  File "G:\1_Personal_File\chessAssistant\gitHub_Code\ChessAssistantCode\cloud\local_oss_ai_worker\.venv\Lib\site-packages\requests\adapters.py", line 696, in send
    resp = conn.urlopen(
           ^^^^^^^^^^^^^
  File "G:\1_Personal_File\chessAssistant\gitHub_Code\ChessAssistantCode\cloud\local_oss_ai_worker\.venv\Lib\site-packages\urllib3\connectionpool.py", line 842, in urlopen
    retries = retries.increment(
              ^^^^^^^^^^^^^^^^^^
  File "G:\1_Personal_File\chessAssistant\gitHub_Code\ChessAssistantCode\cloud\local_oss_ai_worker\.venv\Lib\site-packages\urllib3\util\retry.py", line 543, in increment
    raise MaxRetryError(_pool, url, reason) from reason  # type: ignore[arg-type]
    ^^^^^^^^^^^^^^^^^^^^^^^^^^^^^^^^^^^^^^^^^^^^^^^^^^^
urllib3.exceptions.MaxRetryError: HTTPSConnectionPool(host='esp32-chess-assistant.oss-cn-hangzhou.aliyuncs.com', port=443): Max retries exceeded with url: /devices%2Fesp32-C3F8D0%2Frequests%2Flatest.json (Caused by SSLError(SSLEOFError(8, 'EOF occurred in violation of protocol (_ssl.c:1002)')))

During handling of the above exception, another exception occurred:

Traceback (most recent call last):
  File "G:\1_Personal_File\chessAssistant\gitHub_Code\ChessAssistantCode\cloud\local_oss_ai_worker\.venv\Lib\site-packages\oss2\http.py", line 47, in do_request
    return Response(self.session.request(req.method, req.url,
                    ^^^^^^^^^^^^^^^^^^^^^^^^^^^^^^^^^^^^^^^^^
  File "G:\1_Personal_File\chessAssistant\gitHub_Code\ChessAssistantCode\cloud\local_oss_ai_worker\.venv\Lib\site-packages\requests\sessions.py", line 651, in request
    resp = self.send(prep, **send_kwargs)
           ^^^^^^^^^^^^^^^^^^^^^^^^^^^^^^
  File "G:\1_Personal_File\chessAssistant\gitHub_Code\ChessAssistantCode\cloud\local_oss_ai_worker\.venv\Lib\site-packages\requests\sessions.py", line 784, in send
    r = adapter.send(request, **kwargs)
        ^^^^^^^^^^^^^^^^^^^^^^^^^^^^^^^
  File "G:\1_Personal_File\chessAssistant\gitHub_Code\ChessAssistantCode\cloud\local_oss_ai_worker\.venv\Lib\site-packages\requests\adapters.py", line 727, in send
    raise SSLError(e, request=request)
requests.exceptions.SSLError: HTTPSConnectionPool(host='esp32-chess-assistant.oss-cn-hangzhou.aliyuncs.com', port=443): Max retries exceeded with url: /devices%2Fesp32-C3F8D0%2Frequests%2Flatest.json (Caused by SSLError(SSLEOFError(8, 'EOF occurred in violation of protocol (_ssl.c:1002)')))

During handling of the above exception, another exception occurred:

Traceback (most recent call last):
  File "G:\1_Personal_File\chessAssistant\gitHub_Code\ChessAssistantCode\cloud\local_oss_ai_worker\worker.py", line 761, in main
    processed = process_one(bucket, args, state, device_id)
                ^^^^^^^^^^^^^^^^^^^^^^^^^^^^^^^^^^^^^^^^^^^
  File "G:\1_Personal_File\chessAssistant\gitHub_Code\ChessAssistantCode\cloud\local_oss_ai_worker\worker.py", line 644, in process_one
    manifest_key, manifest = read_manifest(bucket, device_id)
                             ^^^^^^^^^^^^^^^^^^^^^^^^^^^^^^^^
  File "G:\1_Personal_File\chessAssistant\gitHub_Code\ChessAssistantCode\cloud\local_oss_ai_worker\worker.py", line 597, in read_manifest
    body = bucket.get_object(manifest_key).read()
           ^^^^^^^^^^^^^^^^^^^^^^^^^^^^^^^
  File "G:\1_Personal_File\chessAssistant\gitHub_Code\ChessAssistantCode\cloud\local_oss_ai_worker\.venv\Lib\site-packages\oss2\api.py", line 1023, in get_object
    resp = self.__do_object('GET', key, headers=headers, params=params)
           ^^^^^^^^^^^^^^^^^^^^^^^^^^^^^^^^^^^^^^^^^^^^^^^^^^^^^^^^^^^^
  File "G:\1_Personal_File\chessAssistant\gitHub_Code\ChessAssistantCode\cloud\local_oss_ai_worker\.venv\Lib\site-packages\oss2\api.py", line 3392, in __do_object
    return self._do(method, self.bucket_name, key, **kwargs)
           ^^^^^^^^^^^^^^^^^^^^^^^^^^^^^^^^^^^^^^^^^^^^^^^^^
  File "G:\1_Personal_File\chessAssistant\gitHub_Code\ChessAssistantCode\cloud\local_oss_ai_worker\.venv\Lib\site-packages\oss2\api.py", line 237, in _do
    resp = self.session.do_request(req, timeout=self.timeout)
           ^^^^^^^^^^^^^^^^^^^^^^^^^^^^^^^^^^^^^^^^^^^^^^^^^^
  File "G:\1_Personal_File\chessAssistant\gitHub_Code\ChessAssistantCode\cloud\local_oss_ai_worker\.venv\Lib\site-packages\oss2\http.py", line 55, in do_request
    raise RequestError(e)
oss2.exceptions.RequestError: {'status': -2, 'x-oss-request-id': '', 'details': "RequestError: HTTPSConnectionPool(host='esp32-chess-assistant.oss-cn-hangzhou.aliyuncs.com', port=443): Max retries exceeded with url: /devices%2Fesp32-C3F8D0%2Frequests%2Flatest.json (Caused by SSLError(SSLEOFError(8, 'EOF occurred in violation of protocol (_ssl.c:1002)')))"}
2026-07-15 23:39:10,822 ERROR oss_ai_worker: Worker iteration failed for device_id=chess-441BF6C3F8D0
urllib3.exceptions.SSLError: EOF occurred in violation of protocol (_ssl.c:1002)

The above exception was the direct cause of the following exception:

Traceback (most recent call last):
  File "G:\1_Personal_File\chessAssistant\gitHub_Code\ChessAssistantCode\cloud\local_oss_ai_worker\.venv\Lib\site-packages\requests\adapters.py", line 696, in send
    resp = conn.urlopen(
           ^^^^^^^^^^^^^
  File "G:\1_Personal_File\chessAssistant\gitHub_Code\ChessAssistantCode\cloud\local_oss_ai_worker\.venv\Lib\site-packages\urllib3\connectionpool.py", line 842, in urlopen
    retries = retries.increment(
              ^^^^^^^^^^^^^^^^^^
  File "G:\1_Personal_File\chessAssistant\gitHub_Code\ChessAssistantCode\cloud\local_oss_ai_worker\.venv\Lib\site-packages\urllib3\util\retry.py", line 543, in increment
    raise MaxRetryError(_pool, url, reason) from reason  # type: ignore[arg-type]
    ^^^^^^^^^^^^^^^^^^^^^^^^^^^^^^^^^^^^^^^^^^^^^^^^^^^
urllib3.exceptions.MaxRetryError: HTTPSConnectionPool(host='esp32-chess-assistant.oss-cn-hangzhou.aliyuncs.com', port=443): Max retries exceeded with url: /devices%2Fchess-441BF6C3F8D0%2Frequests%2Flatest.json (Caused by SSLError(SSLEOFError(8, 'EOF occurred in violation of protocol (_ssl.c:1002)')))

During handling of the above exception, another exception occurred:

Traceback (most recent call last):
  File "G:\1_Personal_File\chessAssistant\gitHub_Code\ChessAssistantCode\cloud\local_oss_ai_worker\.venv\Lib\site-packages\oss2\http.py", line 47, in do_request
    return Response(self.session.request(req.method, req.url,
                    ^^^^^^^^^^^^^^^^^^^^^^^^^^^^^^^^^^^^^^^^^
  File "G:\1_Personal_File\chessAssistant\gitHub_Code\ChessAssistantCode\cloud\local_oss_ai_worker\.venv\Lib\site-packages\requests\sessions.py", line 651, in request
    resp = self.send(prep, **send_kwargs)
           ^^^^^^^^^^^^^^^^^^^^^^^^^^^^^^
  File "G:\1_Personal_File\chessAssistant\gitHub_Code\ChessAssistantCode\cloud\local_oss_ai_worker\.venv\Lib\site-packages\requests\sessions.py", line 784, in send
    r = adapter.send(request, **kwargs)
        ^^^^^^^^^^^^^^^^^^^^^^^^^^^^^^^
  File "G:\1_Personal_File\chessAssistant\gitHub_Code\ChessAssistantCode\cloud\local_oss_ai_worker\.venv\Lib\site-packages\requests\adapters.py", line 727, in send
    raise SSLError(e, request=request)
requests.exceptions.SSLError: HTTPSConnectionPool(host='esp32-chess-assistant.oss-cn-hangzhou.aliyuncs.com', port=443): Max retries exceeded with url: /devices%2Fchess-441BF6C3F8D0%2Frequests%2Flatest.json (Caused by SSLError(SSLEOFError(8, 'EOF occurred in violation of protocol (_ssl.c:1002)')))

During handling of the above exception, another exception occurred:

Traceback (most recent call last):
  File "G:\1_Personal_File\chessAssistant\gitHub_Code\ChessAssistantCode\cloud\local_oss_ai_worker\worker.py", line 761, in main
    processed = process_one(bucket, args, state, device_id)
                ^^^^^^^^^^^^^^^^^^^^^^^^^^^^^^^^^^^^^^^^^^^
  File "G:\1_Personal_File\chessAssistant\gitHub_Code\ChessAssistantCode\cloud\local_oss_ai_worker\worker.py", line 644, in process_one
    manifest_key, manifest = read_manifest(bucket, device_id)
                             ^^^^^^^^^^^^^^^^^^^^^^^^^^^^^^^^
  File "G:\1_Personal_File\chessAssistant\gitHub_Code\ChessAssistantCode\cloud\local_oss_ai_worker\worker.py", line 597, in read_manifest
    body = bucket.get_object(manifest_key).read()
           ^^^^^^^^^^^^^^^^^^^^^^^^^^^^^^^
  File "G:\1_Personal_File\chessAssistant\gitHub_Code\ChessAssistantCode\cloud\local_oss_ai_worker\.venv\Lib\site-packages\oss2\api.py", line 1023, in get_object
    resp = self.__do_object('GET', key, headers=headers, params=params)
           ^^^^^^^^^^^^^^^^^^^^^^^^^^^^^^^^^^^^^^^^^^^^^^^^^^^^^^^^^^^^
  File "G:\1_Personal_File\chessAssistant\gitHub_Code\ChessAssistantCode\cloud\local_oss_ai_worker\.venv\Lib\site-packages\oss2\api.py", line 3392, in __do_object
    return self._do(method, self.bucket_name, key, **kwargs)
           ^^^^^^^^^^^^^^^^^^^^^^^^^^^^^^^^^^^^^^^^^^^^^^^^^
  File "G:\1_Personal_File\chessAssistant\gitHub_Code\ChessAssistantCode\cloud\local_oss_ai_worker\.venv\Lib\site-packages\oss2\api.py", line 237, in _do
    resp = self.session.do_request(req, timeout=self.timeout)
           ^^^^^^^^^^^^^^^^^^^^^^^^^^^^^^^^^^^^^^^^^^^^^^^^^^
  File "G:\1_Personal_File\chessAssistant\gitHub_Code\ChessAssistantCode\cloud\local_oss_ai_worker\.venv\Lib\site-packages\oss2\http.py", line 55, in do_request
    raise RequestError(e)
oss2.exceptions.RequestError: {'status': -2, 'x-oss-request-id': '', 'details': "RequestError: HTTPSConnectionPool(host='esp32-chess-assistant.oss-cn-hangzhou.aliyuncs.com', port=443): Max retries exceeded with url: /devices%2Fchess-441BF6C3F8D0%2Frequests%2Flatest.json (Caused by SSLError(SSLEOFError(8, 'EOF occurred in violation of protocol (_ssl.c:1002)')))"}
2026-07-15 23:39:10,957 ERROR oss_ai_worker: Worker iteration failed for device_id=esp32-8B2D54
urllib3.exceptions.SSLError: EOF occurred in violation of protocol (_ssl.c:1002)

The above exception was the direct cause of the following exception:

Traceback (most recent call last):
  File "G:\1_Personal_File\chessAssistant\gitHub_Code\ChessAssistantCode\cloud\local_oss_ai_worker\.venv\Lib\site-packages\requests\adapters.py", line 696, in send
    resp = conn.urlopen(
           ^^^^^^^^^^^^^
  File "G:\1_Personal_File\chessAssistant\gitHub_Code\ChessAssistantCode\cloud\local_oss_ai_worker\.venv\Lib\site-packages\urllib3\connectionpool.py", line 842, in urlopen
    retries = retries.increment(
              ^^^^^^^^^^^^^^^^^^
  File "G:\1_Personal_File\chessAssistant\gitHub_Code\ChessAssistantCode\cloud\local_oss_ai_worker\.venv\Lib\site-packages\urllib3\util\retry.py", line 543, in increment
    raise MaxRetryError(_pool, url, reason) from reason  # type: ignore[arg-type]
    ^^^^^^^^^^^^^^^^^^^^^^^^^^^^^^^^^^^^^^^^^^^^^^^^^^^
urllib3.exceptions.MaxRetryError: HTTPSConnectionPool(host='esp32-chess-assistant.oss-cn-hangzhou.aliyuncs.com', port=443): Max retries exceeded with url: /devices%2Fesp32-8B2D54%2Frequests%2Flatest.json (Caused by SSLError(SSLEOFError(8, 'EOF occurred in violation of protocol (_ssl.c:1002)')))

During handling of the above exception, another exception occurred:

Traceback (most recent call last):
  File "G:\1_Personal_File\chessAssistant\gitHub_Code\ChessAssistantCode\cloud\local_oss_ai_worker\.venv\Lib\site-packages\oss2\http.py", line 47, in do_request
    return Response(self.session.request(req.method, req.url,
                    ^^^^^^^^^^^^^^^^^^^^^^^^^^^^^^^^^^^^^^^^^
  File "G:\1_Personal_File\chessAssistant\gitHub_Code\ChessAssistantCode\cloud\local_oss_ai_worker\.venv\Lib\site-packages\requests\sessions.py", line 651, in request
    resp = self.send(prep, **send_kwargs)
           ^^^^^^^^^^^^^^^^^^^^^^^^^^^^^^
  File "G:\1_Personal_File\chessAssistant\gitHub_Code\ChessAssistantCode\cloud\local_oss_ai_worker\.venv\Lib\site-packages\requests\sessions.py", line 784, in send
    r = adapter.send(request, **kwargs)
        ^^^^^^^^^^^^^^^^^^^^^^^^^^^^^^^
  File "G:\1_Personal_File\chessAssistant\gitHub_Code\ChessAssistantCode\cloud\local_oss_ai_worker\.venv\Lib\site-packages\requests\adapters.py", line 727, in send
    raise SSLError(e, request=request)
requests.exceptions.SSLError: HTTPSConnectionPool(host='esp32-chess-assistant.oss-cn-hangzhou.aliyuncs.com', port=443): Max retries exceeded with url: /devices%2Fesp32-8B2D54%2Frequests%2Flatest.json (Caused by SSLError(SSLEOFError(8, 'EOF occurred in violation of protocol (_ssl.c:1002)')))

During handling of the above exception, another exception occurred:

Traceback (most recent call last):
  File "G:\1_Personal_File\chessAssistant\gitHub_Code\ChessAssistantCode\cloud\local_oss_ai_worker\worker.py", line 761, in main
    processed = process_one(bucket, args, state, device_id)
                ^^^^^^^^^^^^^^^^^^^^^^^^^^^^^^^^^^^^^^^^^^^
  File "G:\1_Personal_File\chessAssistant\gitHub_Code\ChessAssistantCode\cloud\local_oss_ai_worker\worker.py", line 644, in process_one
    manifest_key, manifest = read_manifest(bucket, device_id)
                             ^^^^^^^^^^^^^^^^^^^^^^^^^^^^^^^^
  File "G:\1_Personal_File\chessAssistant\gitHub_Code\ChessAssistantCode\cloud\local_oss_ai_worker\worker.py", line 597, in read_manifest
    body = bucket.get_object(manifest_key).read()
           ^^^^^^^^^^^^^^^^^^^^^^^^^^^^^^^
  File "G:\1_Personal_File\chessAssistant\gitHub_Code\ChessAssistantCode\cloud\local_oss_ai_worker\.venv\Lib\site-packages\oss2\api.py", line 1023, in get_object
    resp = self.__do_object('GET', key, headers=headers, params=params)
           ^^^^^^^^^^^^^^^^^^^^^^^^^^^^^^^^^^^^^^^^^^^^^^^^^^^^^^^^^^^^
  File "G:\1_Personal_File\chessAssistant\gitHub_Code\ChessAssistantCode\cloud\local_oss_ai_worker\.venv\Lib\site-packages\oss2\api.py", line 3392, in __do_object
    return self._do(method, self.bucket_name, key, **kwargs)
           ^^^^^^^^^^^^^^^^^^^^^^^^^^^^^^^^^^^^^^^^^^^^^^^^^
  File "G:\1_Personal_File\chessAssistant\gitHub_Code\ChessAssistantCode\cloud\local_oss_ai_worker\.venv\Lib\site-packages\oss2\api.py", line 237, in _do
    resp = self.session.do_request(req, timeout=self.timeout)
           ^^^^^^^^^^^^^^^^^^^^^^^^^^^^^^^^^^^^^^^^^^^^^^^^^^
  File "G:\1_Personal_File\chessAssistant\gitHub_Code\ChessAssistantCode\cloud\local_oss_ai_worker\.venv\Lib\site-packages\oss2\http.py", line 55, in do_request
    raise RequestError(e)
oss2.exceptions.RequestError: {'status': -2, 'x-oss-request-id': '', 'details': "RequestError: HTTPSConnectionPool(host='esp32-chess-assistant.oss-cn-hangzhou.aliyuncs.com', port=443): Max retries exceeded with url: /devices%2Fesp32-8B2D54%2Frequests%2Flatest.json (Caused by SSLError(SSLEOFError(8, 'EOF occurred in violation of protocol (_ssl.c:1002)')))"}
2026-07-15 23:39:11,085 ERROR oss_ai_worker: Worker iteration failed for device_id=esp32-C3F8D0
urllib3.exceptions.SSLError: EOF occurred in violation of protocol (_ssl.c:1002)

The above exception was the direct cause of the following exception:

Traceback (most recent call last):
  File "G:\1_Personal_File\chessAssistant\gitHub_Code\ChessAssistantCode\cloud\local_oss_ai_worker\.venv\Lib\site-packages\requests\adapters.py", line 696, in send
    resp = conn.urlopen(
           ^^^^^^^^^^^^^
  File "G:\1_Personal_File\chessAssistant\gitHub_Code\ChessAssistantCode\cloud\local_oss_ai_worker\.venv\Lib\site-packages\urllib3\connectionpool.py", line 842, in urlopen
    retries = retries.increment(
              ^^^^^^^^^^^^^^^^^^
  File "G:\1_Personal_File\chessAssistant\gitHub_Code\ChessAssistantCode\cloud\local_oss_ai_worker\.venv\Lib\site-packages\urllib3\util\retry.py", line 543, in increment
    raise MaxRetryError(_pool, url, reason) from reason  # type: ignore[arg-type]
    ^^^^^^^^^^^^^^^^^^^^^^^^^^^^^^^^^^^^^^^^^^^^^^^^^^^
urllib3.exceptions.MaxRetryError: HTTPSConnectionPool(host='esp32-chess-assistant.oss-cn-hangzhou.aliyuncs.com', port=443): Max retries exceeded with url: /devices%2Fesp32-C3F8D0%2Frequests%2Flatest.json (Caused by SSLError(SSLEOFError(8, 'EOF occurred in violation of protocol (_ssl.c:1002)')))

During handling of the above exception, another exception occurred:

Traceback (most recent call last):
  File "G:\1_Personal_File\chessAssistant\gitHub_Code\ChessAssistantCode\cloud\local_oss_ai_worker\.venv\Lib\site-packages\oss2\http.py", line 47, in do_request
    return Response(self.session.request(req.method, req.url,
                    ^^^^^^^^^^^^^^^^^^^^^^^^^^^^^^^^^^^^^^^^^
  File "G:\1_Personal_File\chessAssistant\gitHub_Code\ChessAssistantCode\cloud\local_oss_ai_worker\.venv\Lib\site-packages\requests\sessions.py", line 651, in request
    resp = self.send(prep, **send_kwargs)
           ^^^^^^^^^^^^^^^^^^^^^^^^^^^^^^
  File "G:\1_Personal_File\chessAssistant\gitHub_Code\ChessAssistantCode\cloud\local_oss_ai_worker\.venv\Lib\site-packages\requests\sessions.py", line 784, in send
    r = adapter.send(request, **kwargs)
        ^^^^^^^^^^^^^^^^^^^^^^^^^^^^^^^
  File "G:\1_Personal_File\chessAssistant\gitHub_Code\ChessAssistantCode\cloud\local_oss_ai_worker\.venv\Lib\site-packages\requests\adapters.py", line 727, in send
    raise SSLError(e, request=request)
requests.exceptions.SSLError: HTTPSConnectionPool(host='esp32-chess-assistant.oss-cn-hangzhou.aliyuncs.com', port=443): Max retries exceeded with url: /devices%2Fesp32-C3F8D0%2Frequests%2Flatest.json (Caused by SSLError(SSLEOFError(8, 'EOF occurred in violation of protocol (_ssl.c:1002)')))

During handling of the above exception, another exception occurred:

Traceback (most recent call last):
  File "G:\1_Personal_File\chessAssistant\gitHub_Code\ChessAssistantCode\cloud\local_oss_ai_worker\worker.py", line 761, in main
    processed = process_one(bucket, args, state, device_id)
                ^^^^^^^^^^^^^^^^^^^^^^^^^^^^^^^^^^^^^^^^^^^
  File "G:\1_Personal_File\chessAssistant\gitHub_Code\ChessAssistantCode\cloud\local_oss_ai_worker\worker.py", line 644, in process_one
    manifest_key, manifest = read_manifest(bucket, device_id)
                             ^^^^^^^^^^^^^^^^^^^^^^^^^^^^^^^^
  File "G:\1_Personal_File\chessAssistant\gitHub_Code\ChessAssistantCode\cloud\local_oss_ai_worker\worker.py", line 597, in read_manifest
    body = bucket.get_object(manifest_key).read()
           ^^^^^^^^^^^^^^^^^^^^^^^^^^^^^^^
  File "G:\1_Personal_File\chessAssistant\gitHub_Code\ChessAssistantCode\cloud\local_oss_ai_worker\.venv\Lib\site-packages\oss2\api.py", line 1023, in get_object
    resp = self.__do_object('GET', key, headers=headers, params=params)
           ^^^^^^^^^^^^^^^^^^^^^^^^^^^^^^^^^^^^^^^^^^^^^^^^^^^^^^^^^^^^
  File "G:\1_Personal_File\chessAssistant\gitHub_Code\ChessAssistantCode\cloud\local_oss_ai_worker\.venv\Lib\site-packages\oss2\api.py", line 3392, in __do_object
    return self._do(method, self.bucket_name, key, **kwargs)
           ^^^^^^^^^^^^^^^^^^^^^^^^^^^^^^^^^^^^^^^^^^^^^^^^^
  File "G:\1_Personal_File\chessAssistant\gitHub_Code\ChessAssistantCode\cloud\local_oss_ai_worker\.venv\Lib\site-packages\oss2\api.py", line 237, in _do
    resp = self.session.do_request(req, timeout=self.timeout)
           ^^^^^^^^^^^^^^^^^^^^^^^^^^^^^^^^^^^^^^^^^^^^^^^^^^
  File "G:\1_Personal_File\chessAssistant\gitHub_Code\ChessAssistantCode\cloud\local_oss_ai_worker\.venv\Lib\site-packages\oss2\http.py", line 55, in do_request
    raise RequestError(e)
oss2.exceptions.RequestError: {'status': -2, 'x-oss-request-id': '', 'details': "RequestError: HTTPSConnectionPool(host='esp32-chess-assistant.oss-cn-hangzhou.aliyuncs.com', port=443): Max retries exceeded with url: /devices%2Fesp32-C3F8D0%2Frequests%2Flatest.json (Caused by SSLError(SSLEOFError(8, 'EOF occurred in violation of protocol (_ssl.c:1002)')))"}
2026-07-15 23:39:12,225 ERROR oss_ai_worker: Worker iteration failed for device_id=chess-441BF6C3F8D0
urllib3.exceptions.SSLError: EOF occurred in violation of protocol (_ssl.c:1002)

The above exception was the direct cause of the following exception:

Traceback (most recent call last):
  File "G:\1_Personal_File\chessAssistant\gitHub_Code\ChessAssistantCode\cloud\local_oss_ai_worker\.venv\Lib\site-packages\requests\adapters.py", line 696, in send
    resp = conn.urlopen(
           ^^^^^^^^^^^^^
  File "G:\1_Personal_File\chessAssistant\gitHub_Code\ChessAssistantCode\cloud\local_oss_ai_worker\.venv\Lib\site-packages\urllib3\connectionpool.py", line 842, in urlopen
    retries = retries.increment(
              ^^^^^^^^^^^^^^^^^^
  File "G:\1_Personal_File\chessAssistant\gitHub_Code\ChessAssistantCode\cloud\local_oss_ai_worker\.venv\Lib\site-packages\urllib3\util\retry.py", line 543, in increment
    raise MaxRetryError(_pool, url, reason) from reason  # type: ignore[arg-type]
    ^^^^^^^^^^^^^^^^^^^^^^^^^^^^^^^^^^^^^^^^^^^^^^^^^^^
urllib3.exceptions.MaxRetryError: HTTPSConnectionPool(host='esp32-chess-assistant.oss-cn-hangzhou.aliyuncs.com', port=443): Max retries exceeded with url: /devices%2Fchess-441BF6C3F8D0%2Frequests%2Flatest.json (Caused by SSLError(SSLEOFError(8, 'EOF occurred in violation of protocol (_ssl.c:1002)')))

During handling of the above exception, another exception occurred:

Traceback (most recent call last):
  File "G:\1_Personal_File\chessAssistant\gitHub_Code\ChessAssistantCode\cloud\local_oss_ai_worker\.venv\Lib\site-packages\oss2\http.py", line 47, in do_request
    return Response(self.session.request(req.method, req.url,
                    ^^^^^^^^^^^^^^^^^^^^^^^^^^^^^^^^^^^^^^^^^
  File "G:\1_Personal_File\chessAssistant\gitHub_Code\ChessAssistantCode\cloud\local_oss_ai_worker\.venv\Lib\site-packages\requests\sessions.py", line 651, in request
    resp = self.send(prep, **send_kwargs)
           ^^^^^^^^^^^^^^^^^^^^^^^^^^^^^^
  File "G:\1_Personal_File\chessAssistant\gitHub_Code\ChessAssistantCode\cloud\local_oss_ai_worker\.venv\Lib\site-packages\requests\sessions.py", line 784, in send
    r = adapter.send(request, **kwargs)
        ^^^^^^^^^^^^^^^^^^^^^^^^^^^^^^^
  File "G:\1_Personal_File\chessAssistant\gitHub_Code\ChessAssistantCode\cloud\local_oss_ai_worker\.venv\Lib\site-packages\requests\adapters.py", line 727, in send
    raise SSLError(e, request=request)
requests.exceptions.SSLError: HTTPSConnectionPool(host='esp32-chess-assistant.oss-cn-hangzhou.aliyuncs.com', port=443): Max retries exceeded with url: /devices%2Fchess-441BF6C3F8D0%2Frequests%2Flatest.json (Caused by SSLError(SSLEOFError(8, 'EOF occurred in violation of protocol (_ssl.c:1002)')))

During handling of the above exception, another exception occurred:

Traceback (most recent call last):
  File "G:\1_Personal_File\chessAssistant\gitHub_Code\ChessAssistantCode\cloud\local_oss_ai_worker\worker.py", line 761, in main
    processed = process_one(bucket, args, state, device_id)
                ^^^^^^^^^^^^^^^^^^^^^^^^^^^^^^^^^^^^^^^^^^^
  File "G:\1_Personal_File\chessAssistant\gitHub_Code\ChessAssistantCode\cloud\local_oss_ai_worker\worker.py", line 644, in process_one
    manifest_key, manifest = read_manifest(bucket, device_id)
                             ^^^^^^^^^^^^^^^^^^^^^^^^^^^^^^^^
  File "G:\1_Personal_File\chessAssistant\gitHub_Code\ChessAssistantCode\cloud\local_oss_ai_worker\worker.py", line 597, in read_manifest
    body = bucket.get_object(manifest_key).read()
           ^^^^^^^^^^^^^^^^^^^^^^^^^^^^^^^
  File "G:\1_Personal_File\chessAssistant\gitHub_Code\ChessAssistantCode\cloud\local_oss_ai_worker\.venv\Lib\site-packages\oss2\api.py", line 1023, in get_object
    resp = self.__do_object('GET', key, headers=headers, params=params)
           ^^^^^^^^^^^^^^^^^^^^^^^^^^^^^^^^^^^^^^^^^^^^^^^^^^^^^^^^^^^^
  File "G:\1_Personal_File\chessAssistant\gitHub_Code\ChessAssistantCode\cloud\local_oss_ai_worker\.venv\Lib\site-packages\oss2\api.py", line 3392, in __do_object
    return self._do(method, self.bucket_name, key, **kwargs)
           ^^^^^^^^^^^^^^^^^^^^^^^^^^^^^^^^^^^^^^^^^^^^^^^^^
  File "G:\1_Personal_File\chessAssistant\gitHub_Code\ChessAssistantCode\cloud\local_oss_ai_worker\.venv\Lib\site-packages\oss2\api.py", line 237, in _do
    resp = self.session.do_request(req, timeout=self.timeout)
           ^^^^^^^^^^^^^^^^^^^^^^^^^^^^^^^^^^^^^^^^^^^^^^^^^^
  File "G:\1_Personal_File\chessAssistant\gitHub_Code\ChessAssistantCode\cloud\local_oss_ai_worker\.venv\Lib\site-packages\oss2\http.py", line 55, in do_request
    raise RequestError(e)
oss2.exceptions.RequestError: {'status': -2, 'x-oss-request-id': '', 'details': "RequestError: HTTPSConnectionPool(host='esp32-chess-assistant.oss-cn-hangzhou.aliyuncs.com', port=443): Max retries exceeded with url: /devices%2Fchess-441BF6C3F8D0%2Frequests%2Flatest.json (Caused by SSLError(SSLEOFError(8, 'EOF occurred in violation of protocol (_ssl.c:1002)')))"}
2026-07-15 23:39:12,678 ERROR oss_ai_worker: Worker iteration failed for device_id=esp32-8B2D54
urllib3.exceptions.SSLError: EOF occurred in violation of protocol (_ssl.c:1002)

The above exception was the direct cause of the following exception:

Traceback (most recent call last):
  File "G:\1_Personal_File\chessAssistant\gitHub_Code\ChessAssistantCode\cloud\local_oss_ai_worker\.venv\Lib\site-packages\requests\adapters.py", line 696, in send
    resp = conn.urlopen(
           ^^^^^^^^^^^^^
  File "G:\1_Personal_File\chessAssistant\gitHub_Code\ChessAssistantCode\cloud\local_oss_ai_worker\.venv\Lib\site-packages\urllib3\connectionpool.py", line 842, in urlopen
    retries = retries.increment(
              ^^^^^^^^^^^^^^^^^^
  File "G:\1_Personal_File\chessAssistant\gitHub_Code\ChessAssistantCode\cloud\local_oss_ai_worker\.venv\Lib\site-packages\urllib3\util\retry.py", line 543, in increment
    raise MaxRetryError(_pool, url, reason) from reason  # type: ignore[arg-type]
    ^^^^^^^^^^^^^^^^^^^^^^^^^^^^^^^^^^^^^^^^^^^^^^^^^^^
urllib3.exceptions.MaxRetryError: HTTPSConnectionPool(host='esp32-chess-assistant.oss-cn-hangzhou.aliyuncs.com', port=443): Max retries exceeded with url: /devices%2Fesp32-8B2D54%2Frequests%2Flatest.json (Caused by SSLError(SSLEOFError(8, 'EOF occurred in violation of protocol (_ssl.c:1002)')))

During handling of the above exception, another exception occurred:

Traceback (most recent call last):
  File "G:\1_Personal_File\chessAssistant\gitHub_Code\ChessAssistantCode\cloud\local_oss_ai_worker\.venv\Lib\site-packages\oss2\http.py", line 47, in do_request
    return Response(self.session.request(req.method, req.url,
                    ^^^^^^^^^^^^^^^^^^^^^^^^^^^^^^^^^^^^^^^^^
  File "G:\1_Personal_File\chessAssistant\gitHub_Code\ChessAssistantCode\cloud\local_oss_ai_worker\.venv\Lib\site-packages\requests\sessions.py", line 651, in request
    resp = self.send(prep, **send_kwargs)
           ^^^^^^^^^^^^^^^^^^^^^^^^^^^^^^
  File "G:\1_Personal_File\chessAssistant\gitHub_Code\ChessAssistantCode\cloud\local_oss_ai_worker\.venv\Lib\site-packages\requests\sessions.py", line 784, in send
    r = adapter.send(request, **kwargs)
        ^^^^^^^^^^^^^^^^^^^^^^^^^^^^^^^
  File "G:\1_Personal_File\chessAssistant\gitHub_Code\ChessAssistantCode\cloud\local_oss_ai_worker\.venv\Lib\site-packages\requests\adapters.py", line 727, in send
    raise SSLError(e, request=request)
requests.exceptions.SSLError: HTTPSConnectionPool(host='esp32-chess-assistant.oss-cn-hangzhou.aliyuncs.com', port=443): Max retries exceeded with url: /devices%2Fesp32-8B2D54%2Frequests%2Flatest.json (Caused by SSLError(SSLEOFError(8, 'EOF occurred in violation of protocol (_ssl.c:1002)')))

During handling of the above exception, another exception occurred:

Traceback (most recent call last):
  File "G:\1_Personal_File\chessAssistant\gitHub_Code\ChessAssistantCode\cloud\local_oss_ai_worker\worker.py", line 761, in main
    processed = process_one(bucket, args, state, device_id)
                ^^^^^^^^^^^^^^^^^^^^^^^^^^^^^^^^^^^^^^^^^^^
  File "G:\1_Personal_File\chessAssistant\gitHub_Code\ChessAssistantCode\cloud\local_oss_ai_worker\worker.py", line 644, in process_one
    manifest_key, manifest = read_manifest(bucket, device_id)
                             ^^^^^^^^^^^^^^^^^^^^^^^^^^^^^^^^
  File "G:\1_Personal_File\chessAssistant\gitHub_Code\ChessAssistantCode\cloud\local_oss_ai_worker\worker.py", line 597, in read_manifest
    body = bucket.get_object(manifest_key).read()
           ^^^^^^^^^^^^^^^^^^^^^^^^^^^^^^^
  File "G:\1_Personal_File\chessAssistant\gitHub_Code\ChessAssistantCode\cloud\local_oss_ai_worker\.venv\Lib\site-packages\oss2\api.py", line 1023, in get_object
    resp = self.__do_object('GET', key, headers=headers, params=params)
           ^^^^^^^^^^^^^^^^^^^^^^^^^^^^^^^^^^^^^^^^^^^^^^^^^^^^^^^^^^^^
  File "G:\1_Personal_File\chessAssistant\gitHub_Code\ChessAssistantCode\cloud\local_oss_ai_worker\.venv\Lib\site-packages\oss2\api.py", line 3392, in __do_object
    return self._do(method, self.bucket_name, key, **kwargs)
           ^^^^^^^^^^^^^^^^^^^^^^^^^^^^^^^^^^^^^^^^^^^^^^^^^
  File "G:\1_Personal_File\chessAssistant\gitHub_Code\ChessAssistantCode\cloud\local_oss_ai_worker\.venv\Lib\site-packages\oss2\api.py", line 237, in _do
    resp = self.session.do_request(req, timeout=self.timeout)
           ^^^^^^^^^^^^^^^^^^^^^^^^^^^^^^^^^^^^^^^^^^^^^^^^^^
  File "G:\1_Personal_File\chessAssistant\gitHub_Code\ChessAssistantCode\cloud\local_oss_ai_worker\.venv\Lib\site-packages\oss2\http.py", line 55, in do_request
    raise RequestError(e)
oss2.exceptions.RequestError: {'status': -2, 'x-oss-request-id': '', 'details': "RequestError: HTTPSConnectionPool(host='esp32-chess-assistant.oss-cn-hangzhou.aliyuncs.com', port=443): Max retries exceeded with url: /devices%2Fesp32-8B2D54%2Frequests%2Flatest.json (Caused by SSLError(SSLEOFError(8, 'EOF occurred in violation of protocol (_ssl.c:1002)')))"}
2026-07-15 23:39:12,830 ERROR oss_ai_worker: Worker iteration failed for device_id=esp32-C3F8D0
urllib3.exceptions.SSLError: EOF occurred in violation of protocol (_ssl.c:1002)

The above exception was the direct cause of the following exception:

Traceback (most recent call last):
  File "G:\1_Personal_File\chessAssistant\gitHub_Code\ChessAssistantCode\cloud\local_oss_ai_worker\.venv\Lib\site-packages\requests\adapters.py", line 696, in send
    resp = conn.urlopen(
           ^^^^^^^^^^^^^
  File "G:\1_Personal_File\chessAssistant\gitHub_Code\ChessAssistantCode\cloud\local_oss_ai_worker\.venv\Lib\site-packages\urllib3\connectionpool.py", line 842, in urlopen
    retries = retries.increment(
              ^^^^^^^^^^^^^^^^^^
  File "G:\1_Personal_File\chessAssistant\gitHub_Code\ChessAssistantCode\cloud\local_oss_ai_worker\.venv\Lib\site-packages\urllib3\util\retry.py", line 543, in increment
    raise MaxRetryError(_pool, url, reason) from reason  # type: ignore[arg-type]
    ^^^^^^^^^^^^^^^^^^^^^^^^^^^^^^^^^^^^^^^^^^^^^^^^^^^
urllib3.exceptions.MaxRetryError: HTTPSConnectionPool(host='esp32-chess-assistant.oss-cn-hangzhou.aliyuncs.com', port=443): Max retries exceeded with url: /devices%2Fesp32-C3F8D0%2Frequests%2Flatest.json (Caused by SSLError(SSLEOFError(8, 'EOF occurred in violation of protocol (_ssl.c:1002)')))

During handling of the above exception, another exception occurred:

Traceback (most recent call last):
  File "G:\1_Personal_File\chessAssistant\gitHub_Code\ChessAssistantCode\cloud\local_oss_ai_worker\.venv\Lib\site-packages\oss2\http.py", line 47, in do_request
    return Response(self.session.request(req.method, req.url,
                    ^^^^^^^^^^^^^^^^^^^^^^^^^^^^^^^^^^^^^^^^^
  File "G:\1_Personal_File\chessAssistant\gitHub_Code\ChessAssistantCode\cloud\local_oss_ai_worker\.venv\Lib\site-packages\requests\sessions.py", line 651, in request
    resp = self.send(prep, **send_kwargs)
           ^^^^^^^^^^^^^^^^^^^^^^^^^^^^^^
  File "G:\1_Personal_File\chessAssistant\gitHub_Code\ChessAssistantCode\cloud\local_oss_ai_worker\.venv\Lib\site-packages\requests\sessions.py", line 784, in send
    r = adapter.send(request, **kwargs)
        ^^^^^^^^^^^^^^^^^^^^^^^^^^^^^^^
  File "G:\1_Personal_File\chessAssistant\gitHub_Code\ChessAssistantCode\cloud\local_oss_ai_worker\.venv\Lib\site-packages\requests\adapters.py", line 727, in send
    raise SSLError(e, request=request)
requests.exceptions.SSLError: HTTPSConnectionPool(host='esp32-chess-assistant.oss-cn-hangzhou.aliyuncs.com', port=443): Max retries exceeded with url: /devices%2Fesp32-C3F8D0%2Frequests%2Flatest.json (Caused by SSLError(SSLEOFError(8, 'EOF occurred in violation of protocol (_ssl.c:1002)')))

During handling of the above exception, another exception occurred:

Traceback (most recent call last):
  File "G:\1_Personal_File\chessAssistant\gitHub_Code\ChessAssistantCode\cloud\local_oss_ai_worker\worker.py", line 761, in main
    processed = process_one(bucket, args, state, device_id)
                ^^^^^^^^^^^^^^^^^^^^^^^^^^^^^^^^^^^^^^^^^^^
  File "G:\1_Personal_File\chessAssistant\gitHub_Code\ChessAssistantCode\cloud\local_oss_ai_worker\worker.py", line 644, in process_one
    manifest_key, manifest = read_manifest(bucket, device_id)
                             ^^^^^^^^^^^^^^^^^^^^^^^^^^^^^^^^
  File "G:\1_Personal_File\chessAssistant\gitHub_Code\ChessAssistantCode\cloud\local_oss_ai_worker\worker.py", line 597, in read_manifest
    body = bucket.get_object(manifest_key).read()
           ^^^^^^^^^^^^^^^^^^^^^^^^^^^^^^^
  File "G:\1_Personal_File\chessAssistant\gitHub_Code\ChessAssistantCode\cloud\local_oss_ai_worker\.venv\Lib\site-packages\oss2\api.py", line 1023, in get_object
    resp = self.__do_object('GET', key, headers=headers, params=params)
           ^^^^^^^^^^^^^^^^^^^^^^^^^^^^^^^^^^^^^^^^^^^^^^^^^^^^^^^^^^^^
  File "G:\1_Personal_File\chessAssistant\gitHub_Code\ChessAssistantCode\cloud\local_oss_ai_worker\.venv\Lib\site-packages\oss2\api.py", line 3392, in __do_object
    return self._do(method, self.bucket_name, key, **kwargs)
           ^^^^^^^^^^^^^^^^^^^^^^^^^^^^^^^^^^^^^^^^^^^^^^^^^
  File "G:\1_Personal_File\chessAssistant\gitHub_Code\ChessAssistantCode\cloud\local_oss_ai_worker\.venv\Lib\site-packages\oss2\api.py", line 237, in _do
    resp = self.session.do_request(req, timeout=self.timeout)
           ^^^^^^^^^^^^^^^^^^^^^^^^^^^^^^^^^^^^^^^^^^^^^^^^^^
  File "G:\1_Personal_File\chessAssistant\gitHub_Code\ChessAssistantCode\cloud\local_oss_ai_worker\.venv\Lib\site-packages\oss2\http.py", line 55, in do_request
    raise RequestError(e)
oss2.exceptions.RequestError: {'status': -2, 'x-oss-request-id': '', 'details': "RequestError: HTTPSConnectionPool(host='esp32-chess-assistant.oss-cn-hangzhou.aliyuncs.com', port=443): Max retries exceeded with url: /devices%2Fesp32-C3F8D0%2Frequests%2Flatest.json (Caused by SSLError(SSLEOFError(8, 'EOF occurred in violation of protocol (_ssl.c:1002)')))"}
2026-07-15 23:39:13,971 ERROR oss_ai_worker: Worker iteration failed for device_id=chess-441BF6C3F8D0
urllib3.exceptions.SSLError: EOF occurred in violation of protocol (_ssl.c:1002)

The above exception was the direct cause of the following exception:

Traceback (most recent call last):
  File "G:\1_Personal_File\chessAssistant\gitHub_Code\ChessAssistantCode\cloud\local_oss_ai_worker\.venv\Lib\site-packages\requests\adapters.py", line 696, in send
    resp = conn.urlopen(
           ^^^^^^^^^^^^^
  File "G:\1_Personal_File\chessAssistant\gitHub_Code\ChessAssistantCode\cloud\local_oss_ai_worker\.venv\Lib\site-packages\urllib3\connectionpool.py", line 842, in urlopen
    retries = retries.increment(
              ^^^^^^^^^^^^^^^^^^
  File "G:\1_Personal_File\chessAssistant\gitHub_Code\ChessAssistantCode\cloud\local_oss_ai_worker\.venv\Lib\site-packages\urllib3\util\retry.py", line 543, in increment
    raise MaxRetryError(_pool, url, reason) from reason  # type: ignore[arg-type]
    ^^^^^^^^^^^^^^^^^^^^^^^^^^^^^^^^^^^^^^^^^^^^^^^^^^^
urllib3.exceptions.MaxRetryError: HTTPSConnectionPool(host='esp32-chess-assistant.oss-cn-hangzhou.aliyuncs.com', port=443): Max retries exceeded with url: /devices%2Fchess-441BF6C3F8D0%2Frequests%2Flatest.json (Caused by SSLError(SSLEOFError(8, 'EOF occurred in violation of protocol (_ssl.c:1002)')))

During handling of the above exception, another exception occurred:

Traceback (most recent call last):
  File "G:\1_Personal_File\chessAssistant\gitHub_Code\ChessAssistantCode\cloud\local_oss_ai_worker\.venv\Lib\site-packages\oss2\http.py", line 47, in do_request
    return Response(self.session.request(req.method, req.url,
                    ^^^^^^^^^^^^^^^^^^^^^^^^^^^^^^^^^^^^^^^^^
  File "G:\1_Personal_File\chessAssistant\gitHub_Code\ChessAssistantCode\cloud\local_oss_ai_worker\.venv\Lib\site-packages\requests\sessions.py", line 651, in request
    resp = self.send(prep, **send_kwargs)
           ^^^^^^^^^^^^^^^^^^^^^^^^^^^^^^
  File "G:\1_Personal_File\chessAssistant\gitHub_Code\ChessAssistantCode\cloud\local_oss_ai_worker\.venv\Lib\site-packages\requests\sessions.py", line 784, in send
    r = adapter.send(request, **kwargs)
        ^^^^^^^^^^^^^^^^^^^^^^^^^^^^^^^
  File "G:\1_Personal_File\chessAssistant\gitHub_Code\ChessAssistantCode\cloud\local_oss_ai_worker\.venv\Lib\site-packages\requests\adapters.py", line 727, in send
    raise SSLError(e, request=request)
requests.exceptions.SSLError: HTTPSConnectionPool(host='esp32-chess-assistant.oss-cn-hangzhou.aliyuncs.com', port=443): Max retries exceeded with url: /devices%2Fchess-441BF6C3F8D0%2Frequests%2Flatest.json (Caused by SSLError(SSLEOFError(8, 'EOF occurred in violation of protocol (_ssl.c:1002)')))

During handling of the above exception, another exception occurred:

Traceback (most recent call last):
  File "G:\1_Personal_File\chessAssistant\gitHub_Code\ChessAssistantCode\cloud\local_oss_ai_worker\worker.py", line 761, in main
    processed = process_one(bucket, args, state, device_id)
                ^^^^^^^^^^^^^^^^^^^^^^^^^^^^^^^^^^^^^^^^^^^
  File "G:\1_Personal_File\chessAssistant\gitHub_Code\ChessAssistantCode\cloud\local_oss_ai_worker\worker.py", line 644, in process_one
    manifest_key, manifest = read_manifest(bucket, device_id)
                             ^^^^^^^^^^^^^^^^^^^^^^^^^^^^^^^^
  File "G:\1_Personal_File\chessAssistant\gitHub_Code\ChessAssistantCode\cloud\local_oss_ai_worker\worker.py", line 597, in read_manifest
    body = bucket.get_object(manifest_key).read()
           ^^^^^^^^^^^^^^^^^^^^^^^^^^^^^^^
  File "G:\1_Personal_File\chessAssistant\gitHub_Code\ChessAssistantCode\cloud\local_oss_ai_worker\.venv\Lib\site-packages\oss2\api.py", line 1023, in get_object
    resp = self.__do_object('GET', key, headers=headers, params=params)
           ^^^^^^^^^^^^^^^^^^^^^^^^^^^^^^^^^^^^^^^^^^^^^^^^^^^^^^^^^^^^
  File "G:\1_Personal_File\chessAssistant\gitHub_Code\ChessAssistantCode\cloud\local_oss_ai_worker\.venv\Lib\site-packages\oss2\api.py", line 3392, in __do_object
    return self._do(method, self.bucket_name, key, **kwargs)
           ^^^^^^^^^^^^^^^^^^^^^^^^^^^^^^^^^^^^^^^^^^^^^^^^^
  File "G:\1_Personal_File\chessAssistant\gitHub_Code\ChessAssistantCode\cloud\local_oss_ai_worker\.venv\Lib\site-packages\oss2\api.py", line 237, in _do
    resp = self.session.do_request(req, timeout=self.timeout)
           ^^^^^^^^^^^^^^^^^^^^^^^^^^^^^^^^^^^^^^^^^^^^^^^^^^
  File "G:\1_Personal_File\chessAssistant\gitHub_Code\ChessAssistantCode\cloud\local_oss_ai_worker\.venv\Lib\site-packages\oss2\http.py", line 55, in do_request
    raise RequestError(e)
oss2.exceptions.RequestError: {'status': -2, 'x-oss-request-id': '', 'details': "RequestError: HTTPSConnectionPool(host='esp32-chess-assistant.oss-cn-hangzhou.aliyuncs.com', port=443): Max retries exceeded with url: /devices%2Fchess-441BF6C3F8D0%2Frequests%2Flatest.json (Caused by SSLError(SSLEOFError(8, 'EOF occurred in violation of protocol (_ssl.c:1002)')))"}
2026-07-15 23:39:14,101 ERROR oss_ai_worker: Worker iteration failed for device_id=esp32-8B2D54
urllib3.exceptions.SSLError: EOF occurred in violation of protocol (_ssl.c:1002)

The above exception was the direct cause of the following exception:

Traceback (most recent call last):
  File "G:\1_Personal_File\chessAssistant\gitHub_Code\ChessAssistantCode\cloud\local_oss_ai_worker\.venv\Lib\site-packages\requests\adapters.py", line 696, in send
    resp = conn.urlopen(
           ^^^^^^^^^^^^^
  File "G:\1_Personal_File\chessAssistant\gitHub_Code\ChessAssistantCode\cloud\local_oss_ai_worker\.venv\Lib\site-packages\urllib3\connectionpool.py", line 842, in urlopen
    retries = retries.increment(
              ^^^^^^^^^^^^^^^^^^
  File "G:\1_Personal_File\chessAssistant\gitHub_Code\ChessAssistantCode\cloud\local_oss_ai_worker\.venv\Lib\site-packages\urllib3\util\retry.py", line 543, in increment
    raise MaxRetryError(_pool, url, reason) from reason  # type: ignore[arg-type]
    ^^^^^^^^^^^^^^^^^^^^^^^^^^^^^^^^^^^^^^^^^^^^^^^^^^^
urllib3.exceptions.MaxRetryError: HTTPSConnectionPool(host='esp32-chess-assistant.oss-cn-hangzhou.aliyuncs.com', port=443): Max retries exceeded with url: /devices%2Fesp32-8B2D54%2Frequests%2Flatest.json (Caused by SSLError(SSLEOFError(8, 'EOF occurred in violation of protocol (_ssl.c:1002)')))

During handling of the above exception, another exception occurred:

Traceback (most recent call last):
  File "G:\1_Personal_File\chessAssistant\gitHub_Code\ChessAssistantCode\cloud\local_oss_ai_worker\.venv\Lib\site-packages\oss2\http.py", line 47, in do_request
    return Response(self.session.request(req.method, req.url,
                    ^^^^^^^^^^^^^^^^^^^^^^^^^^^^^^^^^^^^^^^^^
  File "G:\1_Personal_File\chessAssistant\gitHub_Code\ChessAssistantCode\cloud\local_oss_ai_worker\.venv\Lib\site-packages\requests\sessions.py", line 651, in request
    resp = self.send(prep, **send_kwargs)
           ^^^^^^^^^^^^^^^^^^^^^^^^^^^^^^
  File "G:\1_Personal_File\chessAssistant\gitHub_Code\ChessAssistantCode\cloud\local_oss_ai_worker\.venv\Lib\site-packages\requests\sessions.py", line 784, in send
    r = adapter.send(request, **kwargs)
        ^^^^^^^^^^^^^^^^^^^^^^^^^^^^^^^
  File "G:\1_Personal_File\chessAssistant\gitHub_Code\ChessAssistantCode\cloud\local_oss_ai_worker\.venv\Lib\site-packages\requests\adapters.py", line 727, in send
    raise SSLError(e, request=request)
requests.exceptions.SSLError: HTTPSConnectionPool(host='esp32-chess-assistant.oss-cn-hangzhou.aliyuncs.com', port=443): Max retries exceeded with url: /devices%2Fesp32-8B2D54%2Frequests%2Flatest.json (Caused by SSLError(SSLEOFError(8, 'EOF occurred in violation of protocol (_ssl.c:1002)')))

During handling of the above exception, another exception occurred:

Traceback (most recent call last):
  File "G:\1_Personal_File\chessAssistant\gitHub_Code\ChessAssistantCode\cloud\local_oss_ai_worker\worker.py", line 761, in main
    processed = process_one(bucket, args, state, device_id)
                ^^^^^^^^^^^^^^^^^^^^^^^^^^^^^^^^^^^^^^^^^^^
  File "G:\1_Personal_File\chessAssistant\gitHub_Code\ChessAssistantCode\cloud\local_oss_ai_worker\worker.py", line 644, in process_one
    manifest_key, manifest = read_manifest(bucket, device_id)
                             ^^^^^^^^^^^^^^^^^^^^^^^^^^^^^^^^
  File "G:\1_Personal_File\chessAssistant\gitHub_Code\ChessAssistantCode\cloud\local_oss_ai_worker\worker.py", line 597, in read_manifest
    body = bucket.get_object(manifest_key).read()
           ^^^^^^^^^^^^^^^^^^^^^^^^^^^^^^^
  File "G:\1_Personal_File\chessAssistant\gitHub_Code\ChessAssistantCode\cloud\local_oss_ai_worker\.venv\Lib\site-packages\oss2\api.py", line 1023, in get_object
    resp = self.__do_object('GET', key, headers=headers, params=params)
           ^^^^^^^^^^^^^^^^^^^^^^^^^^^^^^^^^^^^^^^^^^^^^^^^^^^^^^^^^^^^
  File "G:\1_Personal_File\chessAssistant\gitHub_Code\ChessAssistantCode\cloud\local_oss_ai_worker\.venv\Lib\site-packages\oss2\api.py", line 3392, in __do_object
    return self._do(method, self.bucket_name, key, **kwargs)
           ^^^^^^^^^^^^^^^^^^^^^^^^^^^^^^^^^^^^^^^^^^^^^^^^^
  File "G:\1_Personal_File\chessAssistant\gitHub_Code\ChessAssistantCode\cloud\local_oss_ai_worker\.venv\Lib\site-packages\oss2\api.py", line 237, in _do
    resp = self.session.do_request(req, timeout=self.timeout)
           ^^^^^^^^^^^^^^^^^^^^^^^^^^^^^^^^^^^^^^^^^^^^^^^^^^
  File "G:\1_Personal_File\chessAssistant\gitHub_Code\ChessAssistantCode\cloud\local_oss_ai_worker\.venv\Lib\site-packages\oss2\http.py", line 55, in do_request
    raise RequestError(e)
oss2.exceptions.RequestError: {'status': -2, 'x-oss-request-id': '', 'details': "RequestError: HTTPSConnectionPool(host='esp32-chess-assistant.oss-cn-hangzhou.aliyuncs.com', port=443): Max retries exceeded with url: /devices%2Fesp32-8B2D54%2Frequests%2Flatest.json (Caused by SSLError(SSLEOFError(8, 'EOF occurred in violation of protocol (_ssl.c:1002)')))"}
2026-07-15 23:39:14,222 ERROR oss_ai_worker: Worker iteration failed for device_id=esp32-C3F8D0
urllib3.exceptions.SSLError: EOF occurred in violation of protocol (_ssl.c:1002)

The above exception was the direct cause of the following exception:

Traceback (most recent call last):
  File "G:\1_Personal_File\chessAssistant\gitHub_Code\ChessAssistantCode\cloud\local_oss_ai_worker\.venv\Lib\site-packages\requests\adapters.py", line 696, in send
    resp = conn.urlopen(
           ^^^^^^^^^^^^^
  File "G:\1_Personal_File\chessAssistant\gitHub_Code\ChessAssistantCode\cloud\local_oss_ai_worker\.venv\Lib\site-packages\urllib3\connectionpool.py", line 842, in urlopen
    retries = retries.increment(
              ^^^^^^^^^^^^^^^^^^
  File "G:\1_Personal_File\chessAssistant\gitHub_Code\ChessAssistantCode\cloud\local_oss_ai_worker\.venv\Lib\site-packages\urllib3\util\retry.py", line 543, in increment
    raise MaxRetryError(_pool, url, reason) from reason  # type: ignore[arg-type]
    ^^^^^^^^^^^^^^^^^^^^^^^^^^^^^^^^^^^^^^^^^^^^^^^^^^^
urllib3.exceptions.MaxRetryError: HTTPSConnectionPool(host='esp32-chess-assistant.oss-cn-hangzhou.aliyuncs.com', port=443): Max retries exceeded with url: /devices%2Fesp32-C3F8D0%2Frequests%2Flatest.json (Caused by SSLError(SSLEOFError(8, 'EOF occurred in violation of protocol (_ssl.c:1002)')))

During handling of the above exception, another exception occurred:

Traceback (most recent call last):
  File "G:\1_Personal_File\chessAssistant\gitHub_Code\ChessAssistantCode\cloud\local_oss_ai_worker\.venv\Lib\site-packages\oss2\http.py", line 47, in do_request
    return Response(self.session.request(req.method, req.url,
                    ^^^^^^^^^^^^^^^^^^^^^^^^^^^^^^^^^^^^^^^^^
  File "G:\1_Personal_File\chessAssistant\gitHub_Code\ChessAssistantCode\cloud\local_oss_ai_worker\.venv\Lib\site-packages\requests\sessions.py", line 651, in request
    resp = self.send(prep, **send_kwargs)
           ^^^^^^^^^^^^^^^^^^^^^^^^^^^^^^
  File "G:\1_Personal_File\chessAssistant\gitHub_Code\ChessAssistantCode\cloud\local_oss_ai_worker\.venv\Lib\site-packages\requests\sessions.py", line 784, in send
    r = adapter.send(request, **kwargs)
        ^^^^^^^^^^^^^^^^^^^^^^^^^^^^^^^
  File "G:\1_Personal_File\chessAssistant\gitHub_Code\ChessAssistantCode\cloud\local_oss_ai_worker\.venv\Lib\site-packages\requests\adapters.py", line 727, in send
    raise SSLError(e, request=request)
requests.exceptions.SSLError: HTTPSConnectionPool(host='esp32-chess-assistant.oss-cn-hangzhou.aliyuncs.com', port=443): Max retries exceeded with url: /devices%2Fesp32-C3F8D0%2Frequests%2Flatest.json (Caused by SSLError(SSLEOFError(8, 'EOF occurred in violation of protocol (_ssl.c:1002)')))

During handling of the above exception, another exception occurred:

Traceback (most recent call last):
  File "G:\1_Personal_File\chessAssistant\gitHub_Code\ChessAssistantCode\cloud\local_oss_ai_worker\worker.py", line 761, in main
    processed = process_one(bucket, args, state, device_id)
                ^^^^^^^^^^^^^^^^^^^^^^^^^^^^^^^^^^^^^^^^^^^
  File "G:\1_Personal_File\chessAssistant\gitHub_Code\ChessAssistantCode\cloud\local_oss_ai_worker\worker.py", line 644, in process_one
    manifest_key, manifest = read_manifest(bucket, device_id)
                             ^^^^^^^^^^^^^^^^^^^^^^^^^^^^^^^^
  File "G:\1_Personal_File\chessAssistant\gitHub_Code\ChessAssistantCode\cloud\local_oss_ai_worker\worker.py", line 597, in read_manifest
    body = bucket.get_object(manifest_key).read()
           ^^^^^^^^^^^^^^^^^^^^^^^^^^^^^^^
  File "G:\1_Personal_File\chessAssistant\gitHub_Code\ChessAssistantCode\cloud\local_oss_ai_worker\.venv\Lib\site-packages\oss2\api.py", line 1023, in get_object
    resp = self.__do_object('GET', key, headers=headers, params=params)
           ^^^^^^^^^^^^^^^^^^^^^^^^^^^^^^^^^^^^^^^^^^^^^^^^^^^^^^^^^^^^
  File "G:\1_Personal_File\chessAssistant\gitHub_Code\ChessAssistantCode\cloud\local_oss_ai_worker\.venv\Lib\site-packages\oss2\api.py", line 3392, in __do_object
    return self._do(method, self.bucket_name, key, **kwargs)
           ^^^^^^^^^^^^^^^^^^^^^^^^^^^^^^^^^^^^^^^^^^^^^^^^^
  File "G:\1_Personal_File\chessAssistant\gitHub_Code\ChessAssistantCode\cloud\local_oss_ai_worker\.venv\Lib\site-packages\oss2\api.py", line 237, in _do
    resp = self.session.do_request(req, timeout=self.timeout)
           ^^^^^^^^^^^^^^^^^^^^^^^^^^^^^^^^^^^^^^^^^^^^^^^^^^
  File "G:\1_Personal_File\chessAssistant\gitHub_Code\ChessAssistantCode\cloud\local_oss_ai_worker\.venv\Lib\site-packages\oss2\http.py", line 55, in do_request
    raise RequestError(e)
oss2.exceptions.RequestError: {'status': -2, 'x-oss-request-id': '', 'details': "RequestError: HTTPSConnectionPool(host='esp32-chess-assistant.oss-cn-hangzhou.aliyuncs.com', port=443): Max retries exceeded with url: /devices%2Fesp32-C3F8D0%2Frequests%2Flatest.json (Caused by SSLError(SSLEOFError(8, 'EOF occurred in violation of protocol (_ssl.c:1002)')))"}
2026-07-15 23:39:15,726 ERROR oss_ai_worker: Worker iteration failed for device_id=chess-441BF6C3F8D0
urllib3.exceptions.SSLError: EOF occurred in violation of protocol (_ssl.c:1002)

The above exception was the direct cause of the following exception:

Traceback (most recent call last):
  File "G:\1_Personal_File\chessAssistant\gitHub_Code\ChessAssistantCode\cloud\local_oss_ai_worker\.venv\Lib\site-packages\requests\adapters.py", line 696, in send
    resp = conn.urlopen(
           ^^^^^^^^^^^^^
  File "G:\1_Personal_File\chessAssistant\gitHub_Code\ChessAssistantCode\cloud\local_oss_ai_worker\.venv\Lib\site-packages\urllib3\connectionpool.py", line 842, in urlopen
    retries = retries.increment(
              ^^^^^^^^^^^^^^^^^^
  File "G:\1_Personal_File\chessAssistant\gitHub_Code\ChessAssistantCode\cloud\local_oss_ai_worker\.venv\Lib\site-packages\urllib3\util\retry.py", line 543, in increment
    raise MaxRetryError(_pool, url, reason) from reason  # type: ignore[arg-type]
    ^^^^^^^^^^^^^^^^^^^^^^^^^^^^^^^^^^^^^^^^^^^^^^^^^^^
urllib3.exceptions.MaxRetryError: HTTPSConnectionPool(host='esp32-chess-assistant.oss-cn-hangzhou.aliyuncs.com', port=443): Max retries exceeded with url: /devices%2Fchess-441BF6C3F8D0%2Frequests%2Flatest.json (Caused by SSLError(SSLEOFError(8, 'EOF occurred in violation of protocol (_ssl.c:1002)')))

During handling of the above exception, another exception occurred:

Traceback (most recent call last):
  File "G:\1_Personal_File\chessAssistant\gitHub_Code\ChessAssistantCode\cloud\local_oss_ai_worker\.venv\Lib\site-packages\oss2\http.py", line 47, in do_request
    return Response(self.session.request(req.method, req.url,
                    ^^^^^^^^^^^^^^^^^^^^^^^^^^^^^^^^^^^^^^^^^
  File "G:\1_Personal_File\chessAssistant\gitHub_Code\ChessAssistantCode\cloud\local_oss_ai_worker\.venv\Lib\site-packages\requests\sessions.py", line 651, in request
    resp = self.send(prep, **send_kwargs)
           ^^^^^^^^^^^^^^^^^^^^^^^^^^^^^^
  File "G:\1_Personal_File\chessAssistant\gitHub_Code\ChessAssistantCode\cloud\local_oss_ai_worker\.venv\Lib\site-packages\requests\sessions.py", line 784, in send
    r = adapter.send(request, **kwargs)
        ^^^^^^^^^^^^^^^^^^^^^^^^^^^^^^^
  File "G:\1_Personal_File\chessAssistant\gitHub_Code\ChessAssistantCode\cloud\local_oss_ai_worker\.venv\Lib\site-packages\requests\adapters.py", line 727, in send
    raise SSLError(e, request=request)
requests.exceptions.SSLError: HTTPSConnectionPool(host='esp32-chess-assistant.oss-cn-hangzhou.aliyuncs.com', port=443): Max retries exceeded with url: /devices%2Fchess-441BF6C3F8D0%2Frequests%2Flatest.json (Caused by SSLError(SSLEOFError(8, 'EOF occurred in violation of protocol (_ssl.c:1002)')))

During handling of the above exception, another exception occurred:

Traceback (most recent call last):
  File "G:\1_Personal_File\chessAssistant\gitHub_Code\ChessAssistantCode\cloud\local_oss_ai_worker\worker.py", line 761, in main
    processed = process_one(bucket, args, state, device_id)
                ^^^^^^^^^^^^^^^^^^^^^^^^^^^^^^^^^^^^^^^^^^^
  File "G:\1_Personal_File\chessAssistant\gitHub_Code\ChessAssistantCode\cloud\local_oss_ai_worker\worker.py", line 644, in process_one
    manifest_key, manifest = read_manifest(bucket, device_id)
                             ^^^^^^^^^^^^^^^^^^^^^^^^^^^^^^^^
  File "G:\1_Personal_File\chessAssistant\gitHub_Code\ChessAssistantCode\cloud\local_oss_ai_worker\worker.py", line 597, in read_manifest
    body = bucket.get_object(manifest_key).read()
           ^^^^^^^^^^^^^^^^^^^^^^^^^^^^^^^
  File "G:\1_Personal_File\chessAssistant\gitHub_Code\ChessAssistantCode\cloud\local_oss_ai_worker\.venv\Lib\site-packages\oss2\api.py", line 1023, in get_object
    resp = self.__do_object('GET', key, headers=headers, params=params)
           ^^^^^^^^^^^^^^^^^^^^^^^^^^^^^^^^^^^^^^^^^^^^^^^^^^^^^^^^^^^^
  File "G:\1_Personal_File\chessAssistant\gitHub_Code\ChessAssistantCode\cloud\local_oss_ai_worker\.venv\Lib\site-packages\oss2\api.py", line 3392, in __do_object
    return self._do(method, self.bucket_name, key, **kwargs)
           ^^^^^^^^^^^^^^^^^^^^^^^^^^^^^^^^^^^^^^^^^^^^^^^^^
  File "G:\1_Personal_File\chessAssistant\gitHub_Code\ChessAssistantCode\cloud\local_oss_ai_worker\.venv\Lib\site-packages\oss2\api.py", line 237, in _do
    resp = self.session.do_request(req, timeout=self.timeout)
           ^^^^^^^^^^^^^^^^^^^^^^^^^^^^^^^^^^^^^^^^^^^^^^^^^^
  File "G:\1_Personal_File\chessAssistant\gitHub_Code\ChessAssistantCode\cloud\local_oss_ai_worker\.venv\Lib\site-packages\oss2\http.py", line 55, in do_request
    raise RequestError(e)
oss2.exceptions.RequestError: {'status': -2, 'x-oss-request-id': '', 'details': "RequestError: HTTPSConnectionPool(host='esp32-chess-assistant.oss-cn-hangzhou.aliyuncs.com', port=443): Max retries exceeded with url: /devices%2Fchess-441BF6C3F8D0%2Frequests%2Flatest.json (Caused by SSLError(SSLEOFError(8, 'EOF occurred in violation of protocol (_ssl.c:1002)')))"}
2026-07-15 23:39:15,864 ERROR oss_ai_worker: Worker iteration failed for device_id=esp32-8B2D54
urllib3.exceptions.SSLError: EOF occurred in violation of protocol (_ssl.c:1002)

The above exception was the direct cause of the following exception:

Traceback (most recent call last):
  File "G:\1_Personal_File\chessAssistant\gitHub_Code\ChessAssistantCode\cloud\local_oss_ai_worker\.venv\Lib\site-packages\requests\adapters.py", line 696, in send
    resp = conn.urlopen(
           ^^^^^^^^^^^^^
  File "G:\1_Personal_File\chessAssistant\gitHub_Code\ChessAssistantCode\cloud\local_oss_ai_worker\.venv\Lib\site-packages\urllib3\connectionpool.py", line 842, in urlopen
    retries = retries.increment(
              ^^^^^^^^^^^^^^^^^^
  File "G:\1_Personal_File\chessAssistant\gitHub_Code\ChessAssistantCode\cloud\local_oss_ai_worker\.venv\Lib\site-packages\urllib3\util\retry.py", line 543, in increment
    raise MaxRetryError(_pool, url, reason) from reason  # type: ignore[arg-type]
    ^^^^^^^^^^^^^^^^^^^^^^^^^^^^^^^^^^^^^^^^^^^^^^^^^^^
urllib3.exceptions.MaxRetryError: HTTPSConnectionPool(host='esp32-chess-assistant.oss-cn-hangzhou.aliyuncs.com', port=443): Max retries exceeded with url: /devices%2Fesp32-8B2D54%2Frequests%2Flatest.json (Caused by SSLError(SSLEOFError(8, 'EOF occurred in violation of protocol (_ssl.c:1002)')))

During handling of the above exception, another exception occurred:

Traceback (most recent call last):
  File "G:\1_Personal_File\chessAssistant\gitHub_Code\ChessAssistantCode\cloud\local_oss_ai_worker\.venv\Lib\site-packages\oss2\http.py", line 47, in do_request
    return Response(self.session.request(req.method, req.url,
                    ^^^^^^^^^^^^^^^^^^^^^^^^^^^^^^^^^^^^^^^^^
  File "G:\1_Personal_File\chessAssistant\gitHub_Code\ChessAssistantCode\cloud\local_oss_ai_worker\.venv\Lib\site-packages\requests\sessions.py", line 651, in request
    resp = self.send(prep, **send_kwargs)
           ^^^^^^^^^^^^^^^^^^^^^^^^^^^^^^
  File "G:\1_Personal_File\chessAssistant\gitHub_Code\ChessAssistantCode\cloud\local_oss_ai_worker\.venv\Lib\site-packages\requests\sessions.py", line 784, in send
    r = adapter.send(request, **kwargs)
        ^^^^^^^^^^^^^^^^^^^^^^^^^^^^^^^
  File "G:\1_Personal_File\chessAssistant\gitHub_Code\ChessAssistantCode\cloud\local_oss_ai_worker\.venv\Lib\site-packages\requests\adapters.py", line 727, in send
    raise SSLError(e, request=request)
requests.exceptions.SSLError: HTTPSConnectionPool(host='esp32-chess-assistant.oss-cn-hangzhou.aliyuncs.com', port=443): Max retries exceeded with url: /devices%2Fesp32-8B2D54%2Frequests%2Flatest.json (Caused by SSLError(SSLEOFError(8, 'EOF occurred in violation of protocol (_ssl.c:1002)')))

During handling of the above exception, another exception occurred:

Traceback (most recent call last):
  File "G:\1_Personal_File\chessAssistant\gitHub_Code\ChessAssistantCode\cloud\local_oss_ai_worker\worker.py", line 761, in main
    processed = process_one(bucket, args, state, device_id)
                ^^^^^^^^^^^^^^^^^^^^^^^^^^^^^^^^^^^^^^^^^^^
  File "G:\1_Personal_File\chessAssistant\gitHub_Code\ChessAssistantCode\cloud\local_oss_ai_worker\worker.py", line 644, in process_one
    manifest_key, manifest = read_manifest(bucket, device_id)
                             ^^^^^^^^^^^^^^^^^^^^^^^^^^^^^^^^
  File "G:\1_Personal_File\chessAssistant\gitHub_Code\ChessAssistantCode\cloud\local_oss_ai_worker\worker.py", line 597, in read_manifest
    body = bucket.get_object(manifest_key).read()
           ^^^^^^^^^^^^^^^^^^^^^^^^^^^^^^^
  File "G:\1_Personal_File\chessAssistant\gitHub_Code\ChessAssistantCode\cloud\local_oss_ai_worker\.venv\Lib\site-packages\oss2\api.py", line 1023, in get_object
    resp = self.__do_object('GET', key, headers=headers, params=params)
           ^^^^^^^^^^^^^^^^^^^^^^^^^^^^^^^^^^^^^^^^^^^^^^^^^^^^^^^^^^^^
  File "G:\1_Personal_File\chessAssistant\gitHub_Code\ChessAssistantCode\cloud\local_oss_ai_worker\.venv\Lib\site-packages\oss2\api.py", line 3392, in __do_object
    return self._do(method, self.bucket_name, key, **kwargs)
           ^^^^^^^^^^^^^^^^^^^^^^^^^^^^^^^^^^^^^^^^^^^^^^^^^
  File "G:\1_Personal_File\chessAssistant\gitHub_Code\ChessAssistantCode\cloud\local_oss_ai_worker\.venv\Lib\site-packages\oss2\api.py", line 237, in _do
    resp = self.session.do_request(req, timeout=self.timeout)
           ^^^^^^^^^^^^^^^^^^^^^^^^^^^^^^^^^^^^^^^^^^^^^^^^^^
  File "G:\1_Personal_File\chessAssistant\gitHub_Code\ChessAssistantCode\cloud\local_oss_ai_worker\.venv\Lib\site-packages\oss2\http.py", line 55, in do_request
    raise RequestError(e)
oss2.exceptions.RequestError: {'status': -2, 'x-oss-request-id': '', 'details': "RequestError: HTTPSConnectionPool(host='esp32-chess-assistant.oss-cn-hangzhou.aliyuncs.com', port=443): Max retries exceeded with url: /devices%2Fesp32-8B2D54%2Frequests%2Flatest.json (Caused by SSLError(SSLEOFError(8, 'EOF occurred in violation of protocol (_ssl.c:1002)')))"}
2026-07-15 23:39:16,002 ERROR oss_ai_worker: Worker iteration failed for device_id=esp32-C3F8D0
urllib3.exceptions.SSLError: EOF occurred in violation of protocol (_ssl.c:1002)

The above exception was the direct cause of the following exception:

Traceback (most recent call last):
  File "G:\1_Personal_File\chessAssistant\gitHub_Code\ChessAssistantCode\cloud\local_oss_ai_worker\.venv\Lib\site-packages\requests\adapters.py", line 696, in send
    resp = conn.urlopen(
           ^^^^^^^^^^^^^
  File "G:\1_Personal_File\chessAssistant\gitHub_Code\ChessAssistantCode\cloud\local_oss_ai_worker\.venv\Lib\site-packages\urllib3\connectionpool.py", line 842, in urlopen
    retries = retries.increment(
              ^^^^^^^^^^^^^^^^^^
  File "G:\1_Personal_File\chessAssistant\gitHub_Code\ChessAssistantCode\cloud\local_oss_ai_worker\.venv\Lib\site-packages\urllib3\util\retry.py", line 543, in increment
    raise MaxRetryError(_pool, url, reason) from reason  # type: ignore[arg-type]
    ^^^^^^^^^^^^^^^^^^^^^^^^^^^^^^^^^^^^^^^^^^^^^^^^^^^
urllib3.exceptions.MaxRetryError: HTTPSConnectionPool(host='esp32-chess-assistant.oss-cn-hangzhou.aliyuncs.com', port=443): Max retries exceeded with url: /devices%2Fesp32-C3F8D0%2Frequests%2Flatest.json (Caused by SSLError(SSLEOFError(8, 'EOF occurred in violation of protocol (_ssl.c:1002)')))

During handling of the above exception, another exception occurred:

Traceback (most recent call last):
  File "G:\1_Personal_File\chessAssistant\gitHub_Code\ChessAssistantCode\cloud\local_oss_ai_worker\.venv\Lib\site-packages\oss2\http.py", line 47, in do_request
    return Response(self.session.request(req.method, req.url,
                    ^^^^^^^^^^^^^^^^^^^^^^^^^^^^^^^^^^^^^^^^^
  File "G:\1_Personal_File\chessAssistant\gitHub_Code\ChessAssistantCode\cloud\local_oss_ai_worker\.venv\Lib\site-packages\requests\sessions.py", line 651, in request
    resp = self.send(prep, **send_kwargs)
           ^^^^^^^^^^^^^^^^^^^^^^^^^^^^^^
  File "G:\1_Personal_File\chessAssistant\gitHub_Code\ChessAssistantCode\cloud\local_oss_ai_worker\.venv\Lib\site-packages\requests\sessions.py", line 784, in send
    r = adapter.send(request, **kwargs)
        ^^^^^^^^^^^^^^^^^^^^^^^^^^^^^^^
  File "G:\1_Personal_File\chessAssistant\gitHub_Code\ChessAssistantCode\cloud\local_oss_ai_worker\.venv\Lib\site-packages\requests\adapters.py", line 727, in send
    raise SSLError(e, request=request)
requests.exceptions.SSLError: HTTPSConnectionPool(host='esp32-chess-assistant.oss-cn-hangzhou.aliyuncs.com', port=443): Max retries exceeded with url: /devices%2Fesp32-C3F8D0%2Frequests%2Flatest.json (Caused by SSLError(SSLEOFError(8, 'EOF occurred in violation of protocol (_ssl.c:1002)')))

During handling of the above exception, another exception occurred:

Traceback (most recent call last):
  File "G:\1_Personal_File\chessAssistant\gitHub_Code\ChessAssistantCode\cloud\local_oss_ai_worker\worker.py", line 761, in main
    processed = process_one(bucket, args, state, device_id)
                ^^^^^^^^^^^^^^^^^^^^^^^^^^^^^^^^^^^^^^^^^^^
  File "G:\1_Personal_File\chessAssistant\gitHub_Code\ChessAssistantCode\cloud\local_oss_ai_worker\worker.py", line 644, in process_one
    manifest_key, manifest = read_manifest(bucket, device_id)
                             ^^^^^^^^^^^^^^^^^^^^^^^^^^^^^^^^
  File "G:\1_Personal_File\chessAssistant\gitHub_Code\ChessAssistantCode\cloud\local_oss_ai_worker\worker.py", line 597, in read_manifest
    body = bucket.get_object(manifest_key).read()
           ^^^^^^^^^^^^^^^^^^^^^^^^^^^^^^^
  File "G:\1_Personal_File\chessAssistant\gitHub_Code\ChessAssistantCode\cloud\local_oss_ai_worker\.venv\Lib\site-packages\oss2\api.py", line 1023, in get_object
    resp = self.__do_object('GET', key, headers=headers, params=params)
           ^^^^^^^^^^^^^^^^^^^^^^^^^^^^^^^^^^^^^^^^^^^^^^^^^^^^^^^^^^^^
  File "G:\1_Personal_File\chessAssistant\gitHub_Code\ChessAssistantCode\cloud\local_oss_ai_worker\.venv\Lib\site-packages\oss2\api.py", line 3392, in __do_object
    return self._do(method, self.bucket_name, key, **kwargs)
           ^^^^^^^^^^^^^^^^^^^^^^^^^^^^^^^^^^^^^^^^^^^^^^^^^
  File "G:\1_Personal_File\chessAssistant\gitHub_Code\ChessAssistantCode\cloud\local_oss_ai_worker\.venv\Lib\site-packages\oss2\api.py", line 237, in _do
    resp = self.session.do_request(req, timeout=self.timeout)
           ^^^^^^^^^^^^^^^^^^^^^^^^^^^^^^^^^^^^^^^^^^^^^^^^^^
  File "G:\1_Personal_File\chessAssistant\gitHub_Code\ChessAssistantCode\cloud\local_oss_ai_worker\.venv\Lib\site-packages\oss2\http.py", line 55, in do_request
    raise RequestError(e)
oss2.exceptions.RequestError: {'status': -2, 'x-oss-request-id': '', 'details': "RequestError: HTTPSConnectionPool(host='esp32-chess-assistant.oss-cn-hangzhou.aliyuncs.com', port=443): Max retries exceeded with url: /devices%2Fesp32-C3F8D0%2Frequests%2Flatest.json (Caused by SSLError(SSLEOFError(8, 'EOF occurred in violation of protocol (_ssl.c:1002)')))"}
2026-07-15 23:39:17,153 ERROR oss_ai_worker: Worker iteration failed for device_id=chess-441BF6C3F8D0
urllib3.exceptions.SSLError: EOF occurred in violation of protocol (_ssl.c:1002)

The above exception was the direct cause of the following exception:

Traceback (most recent call last):
  File "G:\1_Personal_File\chessAssistant\gitHub_Code\ChessAssistantCode\cloud\local_oss_ai_worker\.venv\Lib\site-packages\requests\adapters.py", line 696, in send
    resp = conn.urlopen(
           ^^^^^^^^^^^^^
  File "G:\1_Personal_File\chessAssistant\gitHub_Code\ChessAssistantCode\cloud\local_oss_ai_worker\.venv\Lib\site-packages\urllib3\connectionpool.py", line 842, in urlopen
    retries = retries.increment(
              ^^^^^^^^^^^^^^^^^^
  File "G:\1_Personal_File\chessAssistant\gitHub_Code\ChessAssistantCode\cloud\local_oss_ai_worker\.venv\Lib\site-packages\urllib3\util\retry.py", line 543, in increment
    raise MaxRetryError(_pool, url, reason) from reason  # type: ignore[arg-type]
    ^^^^^^^^^^^^^^^^^^^^^^^^^^^^^^^^^^^^^^^^^^^^^^^^^^^
urllib3.exceptions.MaxRetryError: HTTPSConnectionPool(host='esp32-chess-assistant.oss-cn-hangzhou.aliyuncs.com', port=443): Max retries exceeded with url: /devices%2Fchess-441BF6C3F8D0%2Frequests%2Flatest.json (Caused by SSLError(SSLEOFError(8, 'EOF occurred in violation of protocol (_ssl.c:1002)')))

During handling of the above exception, another exception occurred:

Traceback (most recent call last):
  File "G:\1_Personal_File\chessAssistant\gitHub_Code\ChessAssistantCode\cloud\local_oss_ai_worker\.venv\Lib\site-packages\oss2\http.py", line 47, in do_request
    return Response(self.session.request(req.method, req.url,
                    ^^^^^^^^^^^^^^^^^^^^^^^^^^^^^^^^^^^^^^^^^
  File "G:\1_Personal_File\chessAssistant\gitHub_Code\ChessAssistantCode\cloud\local_oss_ai_worker\.venv\Lib\site-packages\requests\sessions.py", line 651, in request
    resp = self.send(prep, **send_kwargs)
           ^^^^^^^^^^^^^^^^^^^^^^^^^^^^^^
  File "G:\1_Personal_File\chessAssistant\gitHub_Code\ChessAssistantCode\cloud\local_oss_ai_worker\.venv\Lib\site-packages\requests\sessions.py", line 784, in send
    r = adapter.send(request, **kwargs)
        ^^^^^^^^^^^^^^^^^^^^^^^^^^^^^^^
  File "G:\1_Personal_File\chessAssistant\gitHub_Code\ChessAssistantCode\cloud\local_oss_ai_worker\.venv\Lib\site-packages\requests\adapters.py", line 727, in send
    raise SSLError(e, request=request)
requests.exceptions.SSLError: HTTPSConnectionPool(host='esp32-chess-assistant.oss-cn-hangzhou.aliyuncs.com', port=443): Max retries exceeded with url: /devices%2Fchess-441BF6C3F8D0%2Frequests%2Flatest.json (Caused by SSLError(SSLEOFError(8, 'EOF occurred in violation of protocol (_ssl.c:1002)')))

During handling of the above exception, another exception occurred:

Traceback (most recent call last):
  File "G:\1_Personal_File\chessAssistant\gitHub_Code\ChessAssistantCode\cloud\local_oss_ai_worker\worker.py", line 761, in main
    processed = process_one(bucket, args, state, device_id)
                ^^^^^^^^^^^^^^^^^^^^^^^^^^^^^^^^^^^^^^^^^^^
  File "G:\1_Personal_File\chessAssistant\gitHub_Code\ChessAssistantCode\cloud\local_oss_ai_worker\worker.py", line 644, in process_one
    manifest_key, manifest = read_manifest(bucket, device_id)
                             ^^^^^^^^^^^^^^^^^^^^^^^^^^^^^^^^
  File "G:\1_Personal_File\chessAssistant\gitHub_Code\ChessAssistantCode\cloud\local_oss_ai_worker\worker.py", line 597, in read_manifest
    body = bucket.get_object(manifest_key).read()
           ^^^^^^^^^^^^^^^^^^^^^^^^^^^^^^^
  File "G:\1_Personal_File\chessAssistant\gitHub_Code\ChessAssistantCode\cloud\local_oss_ai_worker\.venv\Lib\site-packages\oss2\api.py", line 1023, in get_object
    resp = self.__do_object('GET', key, headers=headers, params=params)
           ^^^^^^^^^^^^^^^^^^^^^^^^^^^^^^^^^^^^^^^^^^^^^^^^^^^^^^^^^^^^
  File "G:\1_Personal_File\chessAssistant\gitHub_Code\ChessAssistantCode\cloud\local_oss_ai_worker\.venv\Lib\site-packages\oss2\api.py", line 3392, in __do_object
    return self._do(method, self.bucket_name, key, **kwargs)
           ^^^^^^^^^^^^^^^^^^^^^^^^^^^^^^^^^^^^^^^^^^^^^^^^^
  File "G:\1_Personal_File\chessAssistant\gitHub_Code\ChessAssistantCode\cloud\local_oss_ai_worker\.venv\Lib\site-packages\oss2\api.py", line 237, in _do
    resp = self.session.do_request(req, timeout=self.timeout)
           ^^^^^^^^^^^^^^^^^^^^^^^^^^^^^^^^^^^^^^^^^^^^^^^^^^
  File "G:\1_Personal_File\chessAssistant\gitHub_Code\ChessAssistantCode\cloud\local_oss_ai_worker\.venv\Lib\site-packages\oss2\http.py", line 55, in do_request
    raise RequestError(e)
oss2.exceptions.RequestError: {'status': -2, 'x-oss-request-id': '', 'details': "RequestError: HTTPSConnectionPool(host='esp32-chess-assistant.oss-cn-hangzhou.aliyuncs.com', port=443): Max retries exceeded with url: /devices%2Fchess-441BF6C3F8D0%2Frequests%2Flatest.json (Caused by SSLError(SSLEOFError(8, 'EOF occurred in violation of protocol (_ssl.c:1002)')))"}
2026-07-15 23:39:17,282 ERROR oss_ai_worker: Worker iteration failed for device_id=esp32-8B2D54
urllib3.exceptions.SSLError: EOF occurred in violation of protocol (_ssl.c:1002)

The above exception was the direct cause of the following exception:

Traceback (most recent call last):
  File "G:\1_Personal_File\chessAssistant\gitHub_Code\ChessAssistantCode\cloud\local_oss_ai_worker\.venv\Lib\site-packages\requests\adapters.py", line 696, in send
    resp = conn.urlopen(
           ^^^^^^^^^^^^^
  File "G:\1_Personal_File\chessAssistant\gitHub_Code\ChessAssistantCode\cloud\local_oss_ai_worker\.venv\Lib\site-packages\urllib3\connectionpool.py", line 842, in urlopen
    retries = retries.increment(
              ^^^^^^^^^^^^^^^^^^
  File "G:\1_Personal_File\chessAssistant\gitHub_Code\ChessAssistantCode\cloud\local_oss_ai_worker\.venv\Lib\site-packages\urllib3\util\retry.py", line 543, in increment
    raise MaxRetryError(_pool, url, reason) from reason  # type: ignore[arg-type]
    ^^^^^^^^^^^^^^^^^^^^^^^^^^^^^^^^^^^^^^^^^^^^^^^^^^^
urllib3.exceptions.MaxRetryError: HTTPSConnectionPool(host='esp32-chess-assistant.oss-cn-hangzhou.aliyuncs.com', port=443): Max retries exceeded with url: /devices%2Fesp32-8B2D54%2Frequests%2Flatest.json (Caused by SSLError(SSLEOFError(8, 'EOF occurred in violation of protocol (_ssl.c:1002)')))

During handling of the above exception, another exception occurred:

Traceback (most recent call last):
  File "G:\1_Personal_File\chessAssistant\gitHub_Code\ChessAssistantCode\cloud\local_oss_ai_worker\.venv\Lib\site-packages\oss2\http.py", line 47, in do_request
    return Response(self.session.request(req.method, req.url,
                    ^^^^^^^^^^^^^^^^^^^^^^^^^^^^^^^^^^^^^^^^^
  File "G:\1_Personal_File\chessAssistant\gitHub_Code\ChessAssistantCode\cloud\local_oss_ai_worker\.venv\Lib\site-packages\requests\sessions.py", line 651, in request
    resp = self.send(prep, **send_kwargs)
           ^^^^^^^^^^^^^^^^^^^^^^^^^^^^^^
  File "G:\1_Personal_File\chessAssistant\gitHub_Code\ChessAssistantCode\cloud\local_oss_ai_worker\.venv\Lib\site-packages\requests\sessions.py", line 784, in send
    r = adapter.send(request, **kwargs)
        ^^^^^^^^^^^^^^^^^^^^^^^^^^^^^^^
  File "G:\1_Personal_File\chessAssistant\gitHub_Code\ChessAssistantCode\cloud\local_oss_ai_worker\.venv\Lib\site-packages\requests\adapters.py", line 727, in send
    raise SSLError(e, request=request)
requests.exceptions.SSLError: HTTPSConnectionPool(host='esp32-chess-assistant.oss-cn-hangzhou.aliyuncs.com', port=443): Max retries exceeded with url: /devices%2Fesp32-8B2D54%2Frequests%2Flatest.json (Caused by SSLError(SSLEOFError(8, 'EOF occurred in violation of protocol (_ssl.c:1002)')))

During handling of the above exception, another exception occurred:

Traceback (most recent call last):
  File "G:\1_Personal_File\chessAssistant\gitHub_Code\ChessAssistantCode\cloud\local_oss_ai_worker\worker.py", line 761, in main
    processed = process_one(bucket, args, state, device_id)
                ^^^^^^^^^^^^^^^^^^^^^^^^^^^^^^^^^^^^^^^^^^^
  File "G:\1_Personal_File\chessAssistant\gitHub_Code\ChessAssistantCode\cloud\local_oss_ai_worker\worker.py", line 644, in process_one
    manifest_key, manifest = read_manifest(bucket, device_id)
                             ^^^^^^^^^^^^^^^^^^^^^^^^^^^^^^^^
  File "G:\1_Personal_File\chessAssistant\gitHub_Code\ChessAssistantCode\cloud\local_oss_ai_worker\worker.py", line 597, in read_manifest
    body = bucket.get_object(manifest_key).read()
           ^^^^^^^^^^^^^^^^^^^^^^^^^^^^^^^
  File "G:\1_Personal_File\chessAssistant\gitHub_Code\ChessAssistantCode\cloud\local_oss_ai_worker\.venv\Lib\site-packages\oss2\api.py", line 1023, in get_object
    resp = self.__do_object('GET', key, headers=headers, params=params)
           ^^^^^^^^^^^^^^^^^^^^^^^^^^^^^^^^^^^^^^^^^^^^^^^^^^^^^^^^^^^^
  File "G:\1_Personal_File\chessAssistant\gitHub_Code\ChessAssistantCode\cloud\local_oss_ai_worker\.venv\Lib\site-packages\oss2\api.py", line 3392, in __do_object
    return self._do(method, self.bucket_name, key, **kwargs)
           ^^^^^^^^^^^^^^^^^^^^^^^^^^^^^^^^^^^^^^^^^^^^^^^^^
  File "G:\1_Personal_File\chessAssistant\gitHub_Code\ChessAssistantCode\cloud\local_oss_ai_worker\.venv\Lib\site-packages\oss2\api.py", line 237, in _do
    resp = self.session.do_request(req, timeout=self.timeout)
           ^^^^^^^^^^^^^^^^^^^^^^^^^^^^^^^^^^^^^^^^^^^^^^^^^^
  File "G:\1_Personal_File\chessAssistant\gitHub_Code\ChessAssistantCode\cloud\local_oss_ai_worker\.venv\Lib\site-packages\oss2\http.py", line 55, in do_request
    raise RequestError(e)
oss2.exceptions.RequestError: {'status': -2, 'x-oss-request-id': '', 'details': "RequestError: HTTPSConnectionPool(host='esp32-chess-assistant.oss-cn-hangzhou.aliyuncs.com', port=443): Max retries exceeded with url: /devices%2Fesp32-8B2D54%2Frequests%2Flatest.json (Caused by SSLError(SSLEOFError(8, 'EOF occurred in violation of protocol (_ssl.c:1002)')))"}
2026-07-15 23:39:17,432 ERROR oss_ai_worker: Worker iteration failed for device_id=esp32-C3F8D0
urllib3.exceptions.SSLError: EOF occurred in violation of protocol (_ssl.c:1002)

The above exception was the direct cause of the following exception:

Traceback (most recent call last):
  File "G:\1_Personal_File\chessAssistant\gitHub_Code\ChessAssistantCode\cloud\local_oss_ai_worker\.venv\Lib\site-packages\requests\adapters.py", line 696, in send
    resp = conn.urlopen(
           ^^^^^^^^^^^^^
  File "G:\1_Personal_File\chessAssistant\gitHub_Code\ChessAssistantCode\cloud\local_oss_ai_worker\.venv\Lib\site-packages\urllib3\connectionpool.py", line 842, in urlopen
    retries = retries.increment(
              ^^^^^^^^^^^^^^^^^^
  File "G:\1_Personal_File\chessAssistant\gitHub_Code\ChessAssistantCode\cloud\local_oss_ai_worker\.venv\Lib\site-packages\urllib3\util\retry.py", line 543, in increment
    raise MaxRetryError(_pool, url, reason) from reason  # type: ignore[arg-type]
    ^^^^^^^^^^^^^^^^^^^^^^^^^^^^^^^^^^^^^^^^^^^^^^^^^^^
urllib3.exceptions.MaxRetryError: HTTPSConnectionPool(host='esp32-chess-assistant.oss-cn-hangzhou.aliyuncs.com', port=443): Max retries exceeded with url: /devices%2Fesp32-C3F8D0%2Frequests%2Flatest.json (Caused by SSLError(SSLEOFError(8, 'EOF occurred in violation of protocol (_ssl.c:1002)')))

During handling of the above exception, another exception occurred:

Traceback (most recent call last):
  File "G:\1_Personal_File\chessAssistant\gitHub_Code\ChessAssistantCode\cloud\local_oss_ai_worker\.venv\Lib\site-packages\oss2\http.py", line 47, in do_request
    return Response(self.session.request(req.method, req.url,
                    ^^^^^^^^^^^^^^^^^^^^^^^^^^^^^^^^^^^^^^^^^
  File "G:\1_Personal_File\chessAssistant\gitHub_Code\ChessAssistantCode\cloud\local_oss_ai_worker\.venv\Lib\site-packages\requests\sessions.py", line 651, in request
    resp = self.send(prep, **send_kwargs)
           ^^^^^^^^^^^^^^^^^^^^^^^^^^^^^^
  File "G:\1_Personal_File\chessAssistant\gitHub_Code\ChessAssistantCode\cloud\local_oss_ai_worker\.venv\Lib\site-packages\requests\sessions.py", line 784, in send
    r = adapter.send(request, **kwargs)
        ^^^^^^^^^^^^^^^^^^^^^^^^^^^^^^^
  File "G:\1_Personal_File\chessAssistant\gitHub_Code\ChessAssistantCode\cloud\local_oss_ai_worker\.venv\Lib\site-packages\requests\adapters.py", line 727, in send
    raise SSLError(e, request=request)
requests.exceptions.SSLError: HTTPSConnectionPool(host='esp32-chess-assistant.oss-cn-hangzhou.aliyuncs.com', port=443): Max retries exceeded with url: /devices%2Fesp32-C3F8D0%2Frequests%2Flatest.json (Caused by SSLError(SSLEOFError(8, 'EOF occurred in violation of protocol (_ssl.c:1002)')))

During handling of the above exception, another exception occurred:

Traceback (most recent call last):
  File "G:\1_Personal_File\chessAssistant\gitHub_Code\ChessAssistantCode\cloud\local_oss_ai_worker\worker.py", line 761, in main
    processed = process_one(bucket, args, state, device_id)
                ^^^^^^^^^^^^^^^^^^^^^^^^^^^^^^^^^^^^^^^^^^^
  File "G:\1_Personal_File\chessAssistant\gitHub_Code\ChessAssistantCode\cloud\local_oss_ai_worker\worker.py", line 644, in process_one
    manifest_key, manifest = read_manifest(bucket, device_id)
                             ^^^^^^^^^^^^^^^^^^^^^^^^^^^^^^^^
  File "G:\1_Personal_File\chessAssistant\gitHub_Code\ChessAssistantCode\cloud\local_oss_ai_worker\worker.py", line 597, in read_manifest
    body = bucket.get_object(manifest_key).read()
           ^^^^^^^^^^^^^^^^^^^^^^^^^^^^^^^
  File "G:\1_Personal_File\chessAssistant\gitHub_Code\ChessAssistantCode\cloud\local_oss_ai_worker\.venv\Lib\site-packages\oss2\api.py", line 1023, in get_object
    resp = self.__do_object('GET', key, headers=headers, params=params)
           ^^^^^^^^^^^^^^^^^^^^^^^^^^^^^^^^^^^^^^^^^^^^^^^^^^^^^^^^^^^^
  File "G:\1_Personal_File\chessAssistant\gitHub_Code\ChessAssistantCode\cloud\local_oss_ai_worker\.venv\Lib\site-packages\oss2\api.py", line 3392, in __do_object
    return self._do(method, self.bucket_name, key, **kwargs)
           ^^^^^^^^^^^^^^^^^^^^^^^^^^^^^^^^^^^^^^^^^^^^^^^^^
  File "G:\1_Personal_File\chessAssistant\gitHub_Code\ChessAssistantCode\cloud\local_oss_ai_worker\.venv\Lib\site-packages\oss2\api.py", line 237, in _do
    resp = self.session.do_request(req, timeout=self.timeout)
           ^^^^^^^^^^^^^^^^^^^^^^^^^^^^^^^^^^^^^^^^^^^^^^^^^^
  File "G:\1_Personal_File\chessAssistant\gitHub_Code\ChessAssistantCode\cloud\local_oss_ai_worker\.venv\Lib\site-packages\oss2\http.py", line 55, in do_request
    raise RequestError(e)
oss2.exceptions.RequestError: {'status': -2, 'x-oss-request-id': '', 'details': "RequestError: HTTPSConnectionPool(host='esp32-chess-assistant.oss-cn-hangzhou.aliyuncs.com', port=443): Max retries exceeded with url: /devices%2Fesp32-C3F8D0%2Frequests%2Flatest.json (Caused by SSLError(SSLEOFError(8, 'EOF occurred in violation of protocol (_ssl.c:1002)')))"}
2026-07-15 23:39:18,584 ERROR oss_ai_worker: Worker iteration failed for device_id=chess-441BF6C3F8D0
urllib3.exceptions.SSLError: EOF occurred in violation of protocol (_ssl.c:1002)

The above exception was the direct cause of the following exception:

Traceback (most recent call last):
  File "G:\1_Personal_File\chessAssistant\gitHub_Code\ChessAssistantCode\cloud\local_oss_ai_worker\.venv\Lib\site-packages\requests\adapters.py", line 696, in send
    resp = conn.urlopen(
           ^^^^^^^^^^^^^
  File "G:\1_Personal_File\chessAssistant\gitHub_Code\ChessAssistantCode\cloud\local_oss_ai_worker\.venv\Lib\site-packages\urllib3\connectionpool.py", line 842, in urlopen
    retries = retries.increment(
              ^^^^^^^^^^^^^^^^^^
  File "G:\1_Personal_File\chessAssistant\gitHub_Code\ChessAssistantCode\cloud\local_oss_ai_worker\.venv\Lib\site-packages\urllib3\util\retry.py", line 543, in increment
    raise MaxRetryError(_pool, url, reason) from reason  # type: ignore[arg-type]
    ^^^^^^^^^^^^^^^^^^^^^^^^^^^^^^^^^^^^^^^^^^^^^^^^^^^
urllib3.exceptions.MaxRetryError: HTTPSConnectionPool(host='esp32-chess-assistant.oss-cn-hangzhou.aliyuncs.com', port=443): Max retries exceeded with url: /devices%2Fchess-441BF6C3F8D0%2Frequests%2Flatest.json (Caused by SSLError(SSLEOFError(8, 'EOF occurred in violation of protocol (_ssl.c:1002)')))

During handling of the above exception, another exception occurred:

Traceback (most recent call last):
  File "G:\1_Personal_File\chessAssistant\gitHub_Code\ChessAssistantCode\cloud\local_oss_ai_worker\.venv\Lib\site-packages\oss2\http.py", line 47, in do_request
    return Response(self.session.request(req.method, req.url,
                    ^^^^^^^^^^^^^^^^^^^^^^^^^^^^^^^^^^^^^^^^^
  File "G:\1_Personal_File\chessAssistant\gitHub_Code\ChessAssistantCode\cloud\local_oss_ai_worker\.venv\Lib\site-packages\requests\sessions.py", line 651, in request
    resp = self.send(prep, **send_kwargs)
           ^^^^^^^^^^^^^^^^^^^^^^^^^^^^^^
  File "G:\1_Personal_File\chessAssistant\gitHub_Code\ChessAssistantCode\cloud\local_oss_ai_worker\.venv\Lib\site-packages\requests\sessions.py", line 784, in send
    r = adapter.send(request, **kwargs)
        ^^^^^^^^^^^^^^^^^^^^^^^^^^^^^^^
  File "G:\1_Personal_File\chessAssistant\gitHub_Code\ChessAssistantCode\cloud\local_oss_ai_worker\.venv\Lib\site-packages\requests\adapters.py", line 727, in send
    raise SSLError(e, request=request)
requests.exceptions.SSLError: HTTPSConnectionPool(host='esp32-chess-assistant.oss-cn-hangzhou.aliyuncs.com', port=443): Max retries exceeded with url: /devices%2Fchess-441BF6C3F8D0%2Frequests%2Flatest.json (Caused by SSLError(SSLEOFError(8, 'EOF occurred in violation of protocol (_ssl.c:1002)')))

During handling of the above exception, another exception occurred:

Traceback (most recent call last):
  File "G:\1_Personal_File\chessAssistant\gitHub_Code\ChessAssistantCode\cloud\local_oss_ai_worker\worker.py", line 761, in main
    processed = process_one(bucket, args, state, device_id)
                ^^^^^^^^^^^^^^^^^^^^^^^^^^^^^^^^^^^^^^^^^^^
  File "G:\1_Personal_File\chessAssistant\gitHub_Code\ChessAssistantCode\cloud\local_oss_ai_worker\worker.py", line 644, in process_one
    manifest_key, manifest = read_manifest(bucket, device_id)
                             ^^^^^^^^^^^^^^^^^^^^^^^^^^^^^^^^
  File "G:\1_Personal_File\chessAssistant\gitHub_Code\ChessAssistantCode\cloud\local_oss_ai_worker\worker.py", line 597, in read_manifest
    body = bucket.get_object(manifest_key).read()
           ^^^^^^^^^^^^^^^^^^^^^^^^^^^^^^^
  File "G:\1_Personal_File\chessAssistant\gitHub_Code\ChessAssistantCode\cloud\local_oss_ai_worker\.venv\Lib\site-packages\oss2\api.py", line 1023, in get_object
    resp = self.__do_object('GET', key, headers=headers, params=params)
           ^^^^^^^^^^^^^^^^^^^^^^^^^^^^^^^^^^^^^^^^^^^^^^^^^^^^^^^^^^^^
  File "G:\1_Personal_File\chessAssistant\gitHub_Code\ChessAssistantCode\cloud\local_oss_ai_worker\.venv\Lib\site-packages\oss2\api.py", line 3392, in __do_object
    return self._do(method, self.bucket_name, key, **kwargs)
           ^^^^^^^^^^^^^^^^^^^^^^^^^^^^^^^^^^^^^^^^^^^^^^^^^
  File "G:\1_Personal_File\chessAssistant\gitHub_Code\ChessAssistantCode\cloud\local_oss_ai_worker\.venv\Lib\site-packages\oss2\api.py", line 237, in _do
    resp = self.session.do_request(req, timeout=self.timeout)
           ^^^^^^^^^^^^^^^^^^^^^^^^^^^^^^^^^^^^^^^^^^^^^^^^^^
  File "G:\1_Personal_File\chessAssistant\gitHub_Code\ChessAssistantCode\cloud\local_oss_ai_worker\.venv\Lib\site-packages\oss2\http.py", line 55, in do_request
    raise RequestError(e)
oss2.exceptions.RequestError: {'status': -2, 'x-oss-request-id': '', 'details': "RequestError: HTTPSConnectionPool(host='esp32-chess-assistant.oss-cn-hangzhou.aliyuncs.com', port=443): Max retries exceeded with url: /devices%2Fchess-441BF6C3F8D0%2Frequests%2Flatest.json (Caused by SSLError(SSLEOFError(8, 'EOF occurred in violation of protocol (_ssl.c:1002)')))"}
2026-07-15 23:39:18,732 ERROR oss_ai_worker: Worker iteration failed for device_id=esp32-8B2D54
urllib3.exceptions.SSLError: EOF occurred in violation of protocol (_ssl.c:1002)

The above exception was the direct cause of the following exception:

Traceback (most recent call last):
  File "G:\1_Personal_File\chessAssistant\gitHub_Code\ChessAssistantCode\cloud\local_oss_ai_worker\.venv\Lib\site-packages\requests\adapters.py", line 696, in send
    resp = conn.urlopen(
           ^^^^^^^^^^^^^
  File "G:\1_Personal_File\chessAssistant\gitHub_Code\ChessAssistantCode\cloud\local_oss_ai_worker\.venv\Lib\site-packages\urllib3\connectionpool.py", line 842, in urlopen
    retries = retries.increment(
              ^^^^^^^^^^^^^^^^^^
  File "G:\1_Personal_File\chessAssistant\gitHub_Code\ChessAssistantCode\cloud\local_oss_ai_worker\.venv\Lib\site-packages\urllib3\util\retry.py", line 543, in increment
    raise MaxRetryError(_pool, url, reason) from reason  # type: ignore[arg-type]
    ^^^^^^^^^^^^^^^^^^^^^^^^^^^^^^^^^^^^^^^^^^^^^^^^^^^
urllib3.exceptions.MaxRetryError: HTTPSConnectionPool(host='esp32-chess-assistant.oss-cn-hangzhou.aliyuncs.com', port=443): Max retries exceeded with url: /devices%2Fesp32-8B2D54%2Frequests%2Flatest.json (Caused by SSLError(SSLEOFError(8, 'EOF occurred in violation of protocol (_ssl.c:1002)')))

During handling of the above exception, another exception occurred:

Traceback (most recent call last):
  File "G:\1_Personal_File\chessAssistant\gitHub_Code\ChessAssistantCode\cloud\local_oss_ai_worker\.venv\Lib\site-packages\oss2\http.py", line 47, in do_request
    return Response(self.session.request(req.method, req.url,
                    ^^^^^^^^^^^^^^^^^^^^^^^^^^^^^^^^^^^^^^^^^
  File "G:\1_Personal_File\chessAssistant\gitHub_Code\ChessAssistantCode\cloud\local_oss_ai_worker\.venv\Lib\site-packages\requests\sessions.py", line 651, in request
    resp = self.send(prep, **send_kwargs)
           ^^^^^^^^^^^^^^^^^^^^^^^^^^^^^^
  File "G:\1_Personal_File\chessAssistant\gitHub_Code\ChessAssistantCode\cloud\local_oss_ai_worker\.venv\Lib\site-packages\requests\sessions.py", line 784, in send
    r = adapter.send(request, **kwargs)
        ^^^^^^^^^^^^^^^^^^^^^^^^^^^^^^^
  File "G:\1_Personal_File\chessAssistant\gitHub_Code\ChessAssistantCode\cloud\local_oss_ai_worker\.venv\Lib\site-packages\requests\adapters.py", line 727, in send
    raise SSLError(e, request=request)
requests.exceptions.SSLError: HTTPSConnectionPool(host='esp32-chess-assistant.oss-cn-hangzhou.aliyuncs.com', port=443): Max retries exceeded with url: /devices%2Fesp32-8B2D54%2Frequests%2Flatest.json (Caused by SSLError(SSLEOFError(8, 'EOF occurred in violation of protocol (_ssl.c:1002)')))

During handling of the above exception, another exception occurred:

Traceback (most recent call last):
  File "G:\1_Personal_File\chessAssistant\gitHub_Code\ChessAssistantCode\cloud\local_oss_ai_worker\worker.py", line 761, in main
    processed = process_one(bucket, args, state, device_id)
                ^^^^^^^^^^^^^^^^^^^^^^^^^^^^^^^^^^^^^^^^^^^
  File "G:\1_Personal_File\chessAssistant\gitHub_Code\ChessAssistantCode\cloud\local_oss_ai_worker\worker.py", line 644, in process_one
    manifest_key, manifest = read_manifest(bucket, device_id)
                             ^^^^^^^^^^^^^^^^^^^^^^^^^^^^^^^^
  File "G:\1_Personal_File\chessAssistant\gitHub_Code\ChessAssistantCode\cloud\local_oss_ai_worker\worker.py", line 597, in read_manifest
    body = bucket.get_object(manifest_key).read()
           ^^^^^^^^^^^^^^^^^^^^^^^^^^^^^^^
  File "G:\1_Personal_File\chessAssistant\gitHub_Code\ChessAssistantCode\cloud\local_oss_ai_worker\.venv\Lib\site-packages\oss2\api.py", line 1023, in get_object
    resp = self.__do_object('GET', key, headers=headers, params=params)
           ^^^^^^^^^^^^^^^^^^^^^^^^^^^^^^^^^^^^^^^^^^^^^^^^^^^^^^^^^^^^
  File "G:\1_Personal_File\chessAssistant\gitHub_Code\ChessAssistantCode\cloud\local_oss_ai_worker\.venv\Lib\site-packages\oss2\api.py", line 3392, in __do_object
    return self._do(method, self.bucket_name, key, **kwargs)
           ^^^^^^^^^^^^^^^^^^^^^^^^^^^^^^^^^^^^^^^^^^^^^^^^^
  File "G:\1_Personal_File\chessAssistant\gitHub_Code\ChessAssistantCode\cloud\local_oss_ai_worker\.venv\Lib\site-packages\oss2\api.py", line 237, in _do
    resp = self.session.do_request(req, timeout=self.timeout)
           ^^^^^^^^^^^^^^^^^^^^^^^^^^^^^^^^^^^^^^^^^^^^^^^^^^
  File "G:\1_Personal_File\chessAssistant\gitHub_Code\ChessAssistantCode\cloud\local_oss_ai_worker\.venv\Lib\site-packages\oss2\http.py", line 55, in do_request
    raise RequestError(e)
oss2.exceptions.RequestError: {'status': -2, 'x-oss-request-id': '', 'details': "RequestError: HTTPSConnectionPool(host='esp32-chess-assistant.oss-cn-hangzhou.aliyuncs.com', port=443): Max retries exceeded with url: /devices%2Fesp32-8B2D54%2Frequests%2Flatest.json (Caused by SSLError(SSLEOFError(8, 'EOF occurred in violation of protocol (_ssl.c:1002)')))"}
2026-07-15 23:39:18,908 ERROR oss_ai_worker: Worker iteration failed for device_id=esp32-C3F8D0
urllib3.exceptions.SSLError: EOF occurred in violation of protocol (_ssl.c:1002)

The above exception was the direct cause of the following exception:

Traceback (most recent call last):
  File "G:\1_Personal_File\chessAssistant\gitHub_Code\ChessAssistantCode\cloud\local_oss_ai_worker\.venv\Lib\site-packages\requests\adapters.py", line 696, in send
    resp = conn.urlopen(
           ^^^^^^^^^^^^^
  File "G:\1_Personal_File\chessAssistant\gitHub_Code\ChessAssistantCode\cloud\local_oss_ai_worker\.venv\Lib\site-packages\urllib3\connectionpool.py", line 842, in urlopen
    retries = retries.increment(
              ^^^^^^^^^^^^^^^^^^
  File "G:\1_Personal_File\chessAssistant\gitHub_Code\ChessAssistantCode\cloud\local_oss_ai_worker\.venv\Lib\site-packages\urllib3\util\retry.py", line 543, in increment
    raise MaxRetryError(_pool, url, reason) from reason  # type: ignore[arg-type]
    ^^^^^^^^^^^^^^^^^^^^^^^^^^^^^^^^^^^^^^^^^^^^^^^^^^^
urllib3.exceptions.MaxRetryError: HTTPSConnectionPool(host='esp32-chess-assistant.oss-cn-hangzhou.aliyuncs.com', port=443): Max retries exceeded with url: /devices%2Fesp32-C3F8D0%2Frequests%2Flatest.json (Caused by SSLError(SSLEOFError(8, 'EOF occurred in violation of protocol (_ssl.c:1002)')))

During handling of the above exception, another exception occurred:

Traceback (most recent call last):
  File "G:\1_Personal_File\chessAssistant\gitHub_Code\ChessAssistantCode\cloud\local_oss_ai_worker\.venv\Lib\site-packages\oss2\http.py", line 47, in do_request
    return Response(self.session.request(req.method, req.url,
                    ^^^^^^^^^^^^^^^^^^^^^^^^^^^^^^^^^^^^^^^^^
  File "G:\1_Personal_File\chessAssistant\gitHub_Code\ChessAssistantCode\cloud\local_oss_ai_worker\.venv\Lib\site-packages\requests\sessions.py", line 651, in request
    resp = self.send(prep, **send_kwargs)
           ^^^^^^^^^^^^^^^^^^^^^^^^^^^^^^
  File "G:\1_Personal_File\chessAssistant\gitHub_Code\ChessAssistantCode\cloud\local_oss_ai_worker\.venv\Lib\site-packages\requests\sessions.py", line 784, in send
    r = adapter.send(request, **kwargs)
        ^^^^^^^^^^^^^^^^^^^^^^^^^^^^^^^
  File "G:\1_Personal_File\chessAssistant\gitHub_Code\ChessAssistantCode\cloud\local_oss_ai_worker\.venv\Lib\site-packages\requests\adapters.py", line 727, in send
    raise SSLError(e, request=request)
requests.exceptions.SSLError: HTTPSConnectionPool(host='esp32-chess-assistant.oss-cn-hangzhou.aliyuncs.com', port=443): Max retries exceeded with url: /devices%2Fesp32-C3F8D0%2Frequests%2Flatest.json (Caused by SSLError(SSLEOFError(8, 'EOF occurred in violation of protocol (_ssl.c:1002)')))

During handling of the above exception, another exception occurred:

Traceback (most recent call last):
  File "G:\1_Personal_File\chessAssistant\gitHub_Code\ChessAssistantCode\cloud\local_oss_ai_worker\worker.py", line 761, in main
    processed = process_one(bucket, args, state, device_id)
                ^^^^^^^^^^^^^^^^^^^^^^^^^^^^^^^^^^^^^^^^^^^
  File "G:\1_Personal_File\chessAssistant\gitHub_Code\ChessAssistantCode\cloud\local_oss_ai_worker\worker.py", line 644, in process_one
    manifest_key, manifest = read_manifest(bucket, device_id)
                             ^^^^^^^^^^^^^^^^^^^^^^^^^^^^^^^^
  File "G:\1_Personal_File\chessAssistant\gitHub_Code\ChessAssistantCode\cloud\local_oss_ai_worker\worker.py", line 597, in read_manifest
    body = bucket.get_object(manifest_key).read()
           ^^^^^^^^^^^^^^^^^^^^^^^^^^^^^^^
  File "G:\1_Personal_File\chessAssistant\gitHub_Code\ChessAssistantCode\cloud\local_oss_ai_worker\.venv\Lib\site-packages\oss2\api.py", line 1023, in get_object
    resp = self.__do_object('GET', key, headers=headers, params=params)
           ^^^^^^^^^^^^^^^^^^^^^^^^^^^^^^^^^^^^^^^^^^^^^^^^^^^^^^^^^^^^
  File "G:\1_Personal_File\chessAssistant\gitHub_Code\ChessAssistantCode\cloud\local_oss_ai_worker\.venv\Lib\site-packages\oss2\api.py", line 3392, in __do_object
    return self._do(method, self.bucket_name, key, **kwargs)
           ^^^^^^^^^^^^^^^^^^^^^^^^^^^^^^^^^^^^^^^^^^^^^^^^^
  File "G:\1_Personal_File\chessAssistant\gitHub_Code\ChessAssistantCode\cloud\local_oss_ai_worker\.venv\Lib\site-packages\oss2\api.py", line 237, in _do
    resp = self.session.do_request(req, timeout=self.timeout)
           ^^^^^^^^^^^^^^^^^^^^^^^^^^^^^^^^^^^^^^^^^^^^^^^^^^
  File "G:\1_Personal_File\chessAssistant\gitHub_Code\ChessAssistantCode\cloud\local_oss_ai_worker\.venv\Lib\site-packages\oss2\http.py", line 55, in do_request
    raise RequestError(e)
oss2.exceptions.RequestError: {'status': -2, 'x-oss-request-id': '', 'details': "RequestError: HTTPSConnectionPool(host='esp32-chess-assistant.oss-cn-hangzhou.aliyuncs.com', port=443): Max retries exceeded with url: /devices%2Fesp32-C3F8D0%2Frequests%2Flatest.json (Caused by SSLError(SSLEOFError(8, 'EOF occurred in violation of protocol (_ssl.c:1002)')))"}
2026-07-15 23:39:20,065 ERROR oss_ai_worker: Worker iteration failed for device_id=chess-441BF6C3F8D0
urllib3.exceptions.SSLError: EOF occurred in violation of protocol (_ssl.c:1002)

The above exception was the direct cause of the following exception:

Traceback (most recent call last):
  File "G:\1_Personal_File\chessAssistant\gitHub_Code\ChessAssistantCode\cloud\local_oss_ai_worker\.venv\Lib\site-packages\requests\adapters.py", line 696, in send
    resp = conn.urlopen(
           ^^^^^^^^^^^^^
  File "G:\1_Personal_File\chessAssistant\gitHub_Code\ChessAssistantCode\cloud\local_oss_ai_worker\.venv\Lib\site-packages\urllib3\connectionpool.py", line 842, in urlopen
    retries = retries.increment(
              ^^^^^^^^^^^^^^^^^^
  File "G:\1_Personal_File\chessAssistant\gitHub_Code\ChessAssistantCode\cloud\local_oss_ai_worker\.venv\Lib\site-packages\urllib3\util\retry.py", line 543, in increment
    raise MaxRetryError(_pool, url, reason) from reason  # type: ignore[arg-type]
    ^^^^^^^^^^^^^^^^^^^^^^^^^^^^^^^^^^^^^^^^^^^^^^^^^^^
urllib3.exceptions.MaxRetryError: HTTPSConnectionPool(host='esp32-chess-assistant.oss-cn-hangzhou.aliyuncs.com', port=443): Max retries exceeded with url: /devices%2Fchess-441BF6C3F8D0%2Frequests%2Flatest.json (Caused by SSLError(SSLEOFError(8, 'EOF occurred in violation of protocol (_ssl.c:1002)')))

During handling of the above exception, another exception occurred:

Traceback (most recent call last):
  File "G:\1_Personal_File\chessAssistant\gitHub_Code\ChessAssistantCode\cloud\local_oss_ai_worker\.venv\Lib\site-packages\oss2\http.py", line 47, in do_request
    return Response(self.session.request(req.method, req.url,
                    ^^^^^^^^^^^^^^^^^^^^^^^^^^^^^^^^^^^^^^^^^
  File "G:\1_Personal_File\chessAssistant\gitHub_Code\ChessAssistantCode\cloud\local_oss_ai_worker\.venv\Lib\site-packages\requests\sessions.py", line 651, in request
    resp = self.send(prep, **send_kwargs)
           ^^^^^^^^^^^^^^^^^^^^^^^^^^^^^^
  File "G:\1_Personal_File\chessAssistant\gitHub_Code\ChessAssistantCode\cloud\local_oss_ai_worker\.venv\Lib\site-packages\requests\sessions.py", line 784, in send
    r = adapter.send(request, **kwargs)
        ^^^^^^^^^^^^^^^^^^^^^^^^^^^^^^^
  File "G:\1_Personal_File\chessAssistant\gitHub_Code\ChessAssistantCode\cloud\local_oss_ai_worker\.venv\Lib\site-packages\requests\adapters.py", line 727, in send
    raise SSLError(e, request=request)
requests.exceptions.SSLError: HTTPSConnectionPool(host='esp32-chess-assistant.oss-cn-hangzhou.aliyuncs.com', port=443): Max retries exceeded with url: /devices%2Fchess-441BF6C3F8D0%2Frequests%2Flatest.json (Caused by SSLError(SSLEOFError(8, 'EOF occurred in violation of protocol (_ssl.c:1002)')))

During handling of the above exception, another exception occurred:

Traceback (most recent call last):
  File "G:\1_Personal_File\chessAssistant\gitHub_Code\ChessAssistantCode\cloud\local_oss_ai_worker\worker.py", line 761, in main
    processed = process_one(bucket, args, state, device_id)
                ^^^^^^^^^^^^^^^^^^^^^^^^^^^^^^^^^^^^^^^^^^^
  File "G:\1_Personal_File\chessAssistant\gitHub_Code\ChessAssistantCode\cloud\local_oss_ai_worker\worker.py", line 644, in process_one
    manifest_key, manifest = read_manifest(bucket, device_id)
                             ^^^^^^^^^^^^^^^^^^^^^^^^^^^^^^^^
  File "G:\1_Personal_File\chessAssistant\gitHub_Code\ChessAssistantCode\cloud\local_oss_ai_worker\worker.py", line 597, in read_manifest
    body = bucket.get_object(manifest_key).read()
           ^^^^^^^^^^^^^^^^^^^^^^^^^^^^^^^
  File "G:\1_Personal_File\chessAssistant\gitHub_Code\ChessAssistantCode\cloud\local_oss_ai_worker\.venv\Lib\site-packages\oss2\api.py", line 1023, in get_object
    resp = self.__do_object('GET', key, headers=headers, params=params)
           ^^^^^^^^^^^^^^^^^^^^^^^^^^^^^^^^^^^^^^^^^^^^^^^^^^^^^^^^^^^^
  File "G:\1_Personal_File\chessAssistant\gitHub_Code\ChessAssistantCode\cloud\local_oss_ai_worker\.venv\Lib\site-packages\oss2\api.py", line 3392, in __do_object
    return self._do(method, self.bucket_name, key, **kwargs)
           ^^^^^^^^^^^^^^^^^^^^^^^^^^^^^^^^^^^^^^^^^^^^^^^^^
  File "G:\1_Personal_File\chessAssistant\gitHub_Code\ChessAssistantCode\cloud\local_oss_ai_worker\.venv\Lib\site-packages\oss2\api.py", line 237, in _do
    resp = self.session.do_request(req, timeout=self.timeout)
           ^^^^^^^^^^^^^^^^^^^^^^^^^^^^^^^^^^^^^^^^^^^^^^^^^^
  File "G:\1_Personal_File\chessAssistant\gitHub_Code\ChessAssistantCode\cloud\local_oss_ai_worker\.venv\Lib\site-packages\oss2\http.py", line 55, in do_request
    raise RequestError(e)
oss2.exceptions.RequestError: {'status': -2, 'x-oss-request-id': '', 'details': "RequestError: HTTPSConnectionPool(host='esp32-chess-assistant.oss-cn-hangzhou.aliyuncs.com', port=443): Max retries exceeded with url: /devices%2Fchess-441BF6C3F8D0%2Frequests%2Flatest.json (Caused by SSLError(SSLEOFError(8, 'EOF occurred in violation of protocol (_ssl.c:1002)')))"}
2026-07-15 23:39:20,193 ERROR oss_ai_worker: Worker iteration failed for device_id=esp32-8B2D54
urllib3.exceptions.SSLError: EOF occurred in violation of protocol (_ssl.c:1002)

The above exception was the direct cause of the following exception:

Traceback (most recent call last):
  File "G:\1_Personal_File\chessAssistant\gitHub_Code\ChessAssistantCode\cloud\local_oss_ai_worker\.venv\Lib\site-packages\requests\adapters.py", line 696, in send
    resp = conn.urlopen(
           ^^^^^^^^^^^^^
  File "G:\1_Personal_File\chessAssistant\gitHub_Code\ChessAssistantCode\cloud\local_oss_ai_worker\.venv\Lib\site-packages\urllib3\connectionpool.py", line 842, in urlopen
    retries = retries.increment(
              ^^^^^^^^^^^^^^^^^^
  File "G:\1_Personal_File\chessAssistant\gitHub_Code\ChessAssistantCode\cloud\local_oss_ai_worker\.venv\Lib\site-packages\urllib3\util\retry.py", line 543, in increment
    raise MaxRetryError(_pool, url, reason) from reason  # type: ignore[arg-type]
    ^^^^^^^^^^^^^^^^^^^^^^^^^^^^^^^^^^^^^^^^^^^^^^^^^^^
urllib3.exceptions.MaxRetryError: HTTPSConnectionPool(host='esp32-chess-assistant.oss-cn-hangzhou.aliyuncs.com', port=443): Max retries exceeded with url: /devices%2Fesp32-8B2D54%2Frequests%2Flatest.json (Caused by SSLError(SSLEOFError(8, 'EOF occurred in violation of protocol (_ssl.c:1002)')))

During handling of the above exception, another exception occurred:

Traceback (most recent call last):
  File "G:\1_Personal_File\chessAssistant\gitHub_Code\ChessAssistantCode\cloud\local_oss_ai_worker\.venv\Lib\site-packages\oss2\http.py", line 47, in do_request
    return Response(self.session.request(req.method, req.url,
                    ^^^^^^^^^^^^^^^^^^^^^^^^^^^^^^^^^^^^^^^^^
  File "G:\1_Personal_File\chessAssistant\gitHub_Code\ChessAssistantCode\cloud\local_oss_ai_worker\.venv\Lib\site-packages\requests\sessions.py", line 651, in request
    resp = self.send(prep, **send_kwargs)
           ^^^^^^^^^^^^^^^^^^^^^^^^^^^^^^
  File "G:\1_Personal_File\chessAssistant\gitHub_Code\ChessAssistantCode\cloud\local_oss_ai_worker\.venv\Lib\site-packages\requests\sessions.py", line 784, in send
    r = adapter.send(request, **kwargs)
        ^^^^^^^^^^^^^^^^^^^^^^^^^^^^^^^
  File "G:\1_Personal_File\chessAssistant\gitHub_Code\ChessAssistantCode\cloud\local_oss_ai_worker\.venv\Lib\site-packages\requests\adapters.py", line 727, in send
    raise SSLError(e, request=request)
requests.exceptions.SSLError: HTTPSConnectionPool(host='esp32-chess-assistant.oss-cn-hangzhou.aliyuncs.com', port=443): Max retries exceeded with url: /devices%2Fesp32-8B2D54%2Frequests%2Flatest.json (Caused by SSLError(SSLEOFError(8, 'EOF occurred in violation of protocol (_ssl.c:1002)')))

During handling of the above exception, another exception occurred:

Traceback (most recent call last):
  File "G:\1_Personal_File\chessAssistant\gitHub_Code\ChessAssistantCode\cloud\local_oss_ai_worker\worker.py", line 761, in main
    processed = process_one(bucket, args, state, device_id)
                ^^^^^^^^^^^^^^^^^^^^^^^^^^^^^^^^^^^^^^^^^^^
  File "G:\1_Personal_File\chessAssistant\gitHub_Code\ChessAssistantCode\cloud\local_oss_ai_worker\worker.py", line 644, in process_one
    manifest_key, manifest = read_manifest(bucket, device_id)
                             ^^^^^^^^^^^^^^^^^^^^^^^^^^^^^^^^
  File "G:\1_Personal_File\chessAssistant\gitHub_Code\ChessAssistantCode\cloud\local_oss_ai_worker\worker.py", line 597, in read_manifest
    body = bucket.get_object(manifest_key).read()
           ^^^^^^^^^^^^^^^^^^^^^^^^^^^^^^^
  File "G:\1_Personal_File\chessAssistant\gitHub_Code\ChessAssistantCode\cloud\local_oss_ai_worker\.venv\Lib\site-packages\oss2\api.py", line 1023, in get_object
    resp = self.__do_object('GET', key, headers=headers, params=params)
           ^^^^^^^^^^^^^^^^^^^^^^^^^^^^^^^^^^^^^^^^^^^^^^^^^^^^^^^^^^^^
  File "G:\1_Personal_File\chessAssistant\gitHub_Code\ChessAssistantCode\cloud\local_oss_ai_worker\.venv\Lib\site-packages\oss2\api.py", line 3392, in __do_object
    return self._do(method, self.bucket_name, key, **kwargs)
           ^^^^^^^^^^^^^^^^^^^^^^^^^^^^^^^^^^^^^^^^^^^^^^^^^
  File "G:\1_Personal_File\chessAssistant\gitHub_Code\ChessAssistantCode\cloud\local_oss_ai_worker\.venv\Lib\site-packages\oss2\api.py", line 237, in _do
    resp = self.session.do_request(req, timeout=self.timeout)
           ^^^^^^^^^^^^^^^^^^^^^^^^^^^^^^^^^^^^^^^^^^^^^^^^^^
  File "G:\1_Personal_File\chessAssistant\gitHub_Code\ChessAssistantCode\cloud\local_oss_ai_worker\.venv\Lib\site-packages\oss2\http.py", line 55, in do_request
    raise RequestError(e)
oss2.exceptions.RequestError: {'status': -2, 'x-oss-request-id': '', 'details': "RequestError: HTTPSConnectionPool(host='esp32-chess-assistant.oss-cn-hangzhou.aliyuncs.com', port=443): Max retries exceeded with url: /devices%2Fesp32-8B2D54%2Frequests%2Flatest.json (Caused by SSLError(SSLEOFError(8, 'EOF occurred in violation of protocol (_ssl.c:1002)')))"}
2026-07-15 23:39:20,323 ERROR oss_ai_worker: Worker iteration failed for device_id=esp32-C3F8D0
urllib3.exceptions.SSLError: EOF occurred in violation of protocol (_ssl.c:1002)

The above exception was the direct cause of the following exception:

Traceback (most recent call last):
  File "G:\1_Personal_File\chessAssistant\gitHub_Code\ChessAssistantCode\cloud\local_oss_ai_worker\.venv\Lib\site-packages\requests\adapters.py", line 696, in send
    resp = conn.urlopen(
           ^^^^^^^^^^^^^
  File "G:\1_Personal_File\chessAssistant\gitHub_Code\ChessAssistantCode\cloud\local_oss_ai_worker\.venv\Lib\site-packages\urllib3\connectionpool.py", line 842, in urlopen
    retries = retries.increment(
              ^^^^^^^^^^^^^^^^^^
  File "G:\1_Personal_File\chessAssistant\gitHub_Code\ChessAssistantCode\cloud\local_oss_ai_worker\.venv\Lib\site-packages\urllib3\util\retry.py", line 543, in increment
    raise MaxRetryError(_pool, url, reason) from reason  # type: ignore[arg-type]
    ^^^^^^^^^^^^^^^^^^^^^^^^^^^^^^^^^^^^^^^^^^^^^^^^^^^
urllib3.exceptions.MaxRetryError: HTTPSConnectionPool(host='esp32-chess-assistant.oss-cn-hangzhou.aliyuncs.com', port=443): Max retries exceeded with url: /devices%2Fesp32-C3F8D0%2Frequests%2Flatest.json (Caused by SSLError(SSLEOFError(8, 'EOF occurred in violation of protocol (_ssl.c:1002)')))

During handling of the above exception, another exception occurred:

Traceback (most recent call last):
  File "G:\1_Personal_File\chessAssistant\gitHub_Code\ChessAssistantCode\cloud\local_oss_ai_worker\.venv\Lib\site-packages\oss2\http.py", line 47, in do_request
    return Response(self.session.request(req.method, req.url,
                    ^^^^^^^^^^^^^^^^^^^^^^^^^^^^^^^^^^^^^^^^^
  File "G:\1_Personal_File\chessAssistant\gitHub_Code\ChessAssistantCode\cloud\local_oss_ai_worker\.venv\Lib\site-packages\requests\sessions.py", line 651, in request
    resp = self.send(prep, **send_kwargs)
           ^^^^^^^^^^^^^^^^^^^^^^^^^^^^^^
  File "G:\1_Personal_File\chessAssistant\gitHub_Code\ChessAssistantCode\cloud\local_oss_ai_worker\.venv\Lib\site-packages\requests\sessions.py", line 784, in send
    r = adapter.send(request, **kwargs)
        ^^^^^^^^^^^^^^^^^^^^^^^^^^^^^^^
  File "G:\1_Personal_File\chessAssistant\gitHub_Code\ChessAssistantCode\cloud\local_oss_ai_worker\.venv\Lib\site-packages\requests\adapters.py", line 727, in send
    raise SSLError(e, request=request)
requests.exceptions.SSLError: HTTPSConnectionPool(host='esp32-chess-assistant.oss-cn-hangzhou.aliyuncs.com', port=443): Max retries exceeded with url: /devices%2Fesp32-C3F8D0%2Frequests%2Flatest.json (Caused by SSLError(SSLEOFError(8, 'EOF occurred in violation of protocol (_ssl.c:1002)')))

During handling of the above exception, another exception occurred:

Traceback (most recent call last):
  File "G:\1_Personal_File\chessAssistant\gitHub_Code\ChessAssistantCode\cloud\local_oss_ai_worker\worker.py", line 761, in main
    processed = process_one(bucket, args, state, device_id)
                ^^^^^^^^^^^^^^^^^^^^^^^^^^^^^^^^^^^^^^^^^^^
  File "G:\1_Personal_File\chessAssistant\gitHub_Code\ChessAssistantCode\cloud\local_oss_ai_worker\worker.py", line 644, in process_one
    manifest_key, manifest = read_manifest(bucket, device_id)
                             ^^^^^^^^^^^^^^^^^^^^^^^^^^^^^^^^
  File "G:\1_Personal_File\chessAssistant\gitHub_Code\ChessAssistantCode\cloud\local_oss_ai_worker\worker.py", line 597, in read_manifest
    body = bucket.get_object(manifest_key).read()
           ^^^^^^^^^^^^^^^^^^^^^^^^^^^^^^^
  File "G:\1_Personal_File\chessAssistant\gitHub_Code\ChessAssistantCode\cloud\local_oss_ai_worker\.venv\Lib\site-packages\oss2\api.py", line 1023, in get_object
    resp = self.__do_object('GET', key, headers=headers, params=params)
           ^^^^^^^^^^^^^^^^^^^^^^^^^^^^^^^^^^^^^^^^^^^^^^^^^^^^^^^^^^^^
  File "G:\1_Personal_File\chessAssistant\gitHub_Code\ChessAssistantCode\cloud\local_oss_ai_worker\.venv\Lib\site-packages\oss2\api.py", line 3392, in __do_object
    return self._do(method, self.bucket_name, key, **kwargs)
           ^^^^^^^^^^^^^^^^^^^^^^^^^^^^^^^^^^^^^^^^^^^^^^^^^
  File "G:\1_Personal_File\chessAssistant\gitHub_Code\ChessAssistantCode\cloud\local_oss_ai_worker\.venv\Lib\site-packages\oss2\api.py", line 237, in _do
    resp = self.session.do_request(req, timeout=self.timeout)
           ^^^^^^^^^^^^^^^^^^^^^^^^^^^^^^^^^^^^^^^^^^^^^^^^^^
  File "G:\1_Personal_File\chessAssistant\gitHub_Code\ChessAssistantCode\cloud\local_oss_ai_worker\.venv\Lib\site-packages\oss2\http.py", line 55, in do_request
    raise RequestError(e)
oss2.exceptions.RequestError: {'status': -2, 'x-oss-request-id': '', 'details': "RequestError: HTTPSConnectionPool(host='esp32-chess-assistant.oss-cn-hangzhou.aliyuncs.com', port=443): Max retries exceeded with url: /devices%2Fesp32-C3F8D0%2Frequests%2Flatest.json (Caused by SSLError(SSLEOFError(8, 'EOF occurred in violation of protocol (_ssl.c:1002)')))"}
2026-07-15 23:39:21,792 ERROR oss_ai_worker: Worker iteration failed for device_id=chess-441BF6C3F8D0
urllib3.exceptions.SSLError: EOF occurred in violation of protocol (_ssl.c:1002)

The above exception was the direct cause of the following exception:

Traceback (most recent call last):
  File "G:\1_Personal_File\chessAssistant\gitHub_Code\ChessAssistantCode\cloud\local_oss_ai_worker\.venv\Lib\site-packages\requests\adapters.py", line 696, in send
    resp = conn.urlopen(
           ^^^^^^^^^^^^^
  File "G:\1_Personal_File\chessAssistant\gitHub_Code\ChessAssistantCode\cloud\local_oss_ai_worker\.venv\Lib\site-packages\urllib3\connectionpool.py", line 842, in urlopen
    retries = retries.increment(
              ^^^^^^^^^^^^^^^^^^
  File "G:\1_Personal_File\chessAssistant\gitHub_Code\ChessAssistantCode\cloud\local_oss_ai_worker\.venv\Lib\site-packages\urllib3\util\retry.py", line 543, in increment
    raise MaxRetryError(_pool, url, reason) from reason  # type: ignore[arg-type]
    ^^^^^^^^^^^^^^^^^^^^^^^^^^^^^^^^^^^^^^^^^^^^^^^^^^^
urllib3.exceptions.MaxRetryError: HTTPSConnectionPool(host='esp32-chess-assistant.oss-cn-hangzhou.aliyuncs.com', port=443): Max retries exceeded with url: /devices%2Fchess-441BF6C3F8D0%2Frequests%2Flatest.json (Caused by SSLError(SSLEOFError(8, 'EOF occurred in violation of protocol (_ssl.c:1002)')))

During handling of the above exception, another exception occurred:

Traceback (most recent call last):
  File "G:\1_Personal_File\chessAssistant\gitHub_Code\ChessAssistantCode\cloud\local_oss_ai_worker\.venv\Lib\site-packages\oss2\http.py", line 47, in do_request
    return Response(self.session.request(req.method, req.url,
                    ^^^^^^^^^^^^^^^^^^^^^^^^^^^^^^^^^^^^^^^^^
  File "G:\1_Personal_File\chessAssistant\gitHub_Code\ChessAssistantCode\cloud\local_oss_ai_worker\.venv\Lib\site-packages\requests\sessions.py", line 651, in request
    resp = self.send(prep, **send_kwargs)
           ^^^^^^^^^^^^^^^^^^^^^^^^^^^^^^
  File "G:\1_Personal_File\chessAssistant\gitHub_Code\ChessAssistantCode\cloud\local_oss_ai_worker\.venv\Lib\site-packages\requests\sessions.py", line 784, in send
    r = adapter.send(request, **kwargs)
        ^^^^^^^^^^^^^^^^^^^^^^^^^^^^^^^
  File "G:\1_Personal_File\chessAssistant\gitHub_Code\ChessAssistantCode\cloud\local_oss_ai_worker\.venv\Lib\site-packages\requests\adapters.py", line 727, in send
    raise SSLError(e, request=request)
requests.exceptions.SSLError: HTTPSConnectionPool(host='esp32-chess-assistant.oss-cn-hangzhou.aliyuncs.com', port=443): Max retries exceeded with url: /devices%2Fchess-441BF6C3F8D0%2Frequests%2Flatest.json (Caused by SSLError(SSLEOFError(8, 'EOF occurred in violation of protocol (_ssl.c:1002)')))

During handling of the above exception, another exception occurred:

Traceback (most recent call last):
  File "G:\1_Personal_File\chessAssistant\gitHub_Code\ChessAssistantCode\cloud\local_oss_ai_worker\worker.py", line 761, in main
    processed = process_one(bucket, args, state, device_id)
                ^^^^^^^^^^^^^^^^^^^^^^^^^^^^^^^^^^^^^^^^^^^
  File "G:\1_Personal_File\chessAssistant\gitHub_Code\ChessAssistantCode\cloud\local_oss_ai_worker\worker.py", line 644, in process_one
    manifest_key, manifest = read_manifest(bucket, device_id)
                             ^^^^^^^^^^^^^^^^^^^^^^^^^^^^^^^^
  File "G:\1_Personal_File\chessAssistant\gitHub_Code\ChessAssistantCode\cloud\local_oss_ai_worker\worker.py", line 597, in read_manifest
    body = bucket.get_object(manifest_key).read()
           ^^^^^^^^^^^^^^^^^^^^^^^^^^^^^^^
  File "G:\1_Personal_File\chessAssistant\gitHub_Code\ChessAssistantCode\cloud\local_oss_ai_worker\.venv\Lib\site-packages\oss2\api.py", line 1023, in get_object
    resp = self.__do_object('GET', key, headers=headers, params=params)
           ^^^^^^^^^^^^^^^^^^^^^^^^^^^^^^^^^^^^^^^^^^^^^^^^^^^^^^^^^^^^
  File "G:\1_Personal_File\chessAssistant\gitHub_Code\ChessAssistantCode\cloud\local_oss_ai_worker\.venv\Lib\site-packages\oss2\api.py", line 3392, in __do_object
    return self._do(method, self.bucket_name, key, **kwargs)
           ^^^^^^^^^^^^^^^^^^^^^^^^^^^^^^^^^^^^^^^^^^^^^^^^^
  File "G:\1_Personal_File\chessAssistant\gitHub_Code\ChessAssistantCode\cloud\local_oss_ai_worker\.venv\Lib\site-packages\oss2\api.py", line 237, in _do
    resp = self.session.do_request(req, timeout=self.timeout)
           ^^^^^^^^^^^^^^^^^^^^^^^^^^^^^^^^^^^^^^^^^^^^^^^^^^
  File "G:\1_Personal_File\chessAssistant\gitHub_Code\ChessAssistantCode\cloud\local_oss_ai_worker\.venv\Lib\site-packages\oss2\http.py", line 55, in do_request
    raise RequestError(e)
oss2.exceptions.RequestError: {'status': -2, 'x-oss-request-id': '', 'details': "RequestError: HTTPSConnectionPool(host='esp32-chess-assistant.oss-cn-hangzhou.aliyuncs.com', port=443): Max retries exceeded with url: /devices%2Fchess-441BF6C3F8D0%2Frequests%2Flatest.json (Caused by SSLError(SSLEOFError(8, 'EOF occurred in violation of protocol (_ssl.c:1002)')))"}
2026-07-15 23:39:21,924 ERROR oss_ai_worker: Worker iteration failed for device_id=esp32-8B2D54
urllib3.exceptions.SSLError: EOF occurred in violation of protocol (_ssl.c:1002)

The above exception was the direct cause of the following exception:

Traceback (most recent call last):
  File "G:\1_Personal_File\chessAssistant\gitHub_Code\ChessAssistantCode\cloud\local_oss_ai_worker\.venv\Lib\site-packages\requests\adapters.py", line 696, in send
    resp = conn.urlopen(
           ^^^^^^^^^^^^^
  File "G:\1_Personal_File\chessAssistant\gitHub_Code\ChessAssistantCode\cloud\local_oss_ai_worker\.venv\Lib\site-packages\urllib3\connectionpool.py", line 842, in urlopen
    retries = retries.increment(
              ^^^^^^^^^^^^^^^^^^
  File "G:\1_Personal_File\chessAssistant\gitHub_Code\ChessAssistantCode\cloud\local_oss_ai_worker\.venv\Lib\site-packages\urllib3\util\retry.py", line 543, in increment
    raise MaxRetryError(_pool, url, reason) from reason  # type: ignore[arg-type]
    ^^^^^^^^^^^^^^^^^^^^^^^^^^^^^^^^^^^^^^^^^^^^^^^^^^^
urllib3.exceptions.MaxRetryError: HTTPSConnectionPool(host='esp32-chess-assistant.oss-cn-hangzhou.aliyuncs.com', port=443): Max retries exceeded with url: /devices%2Fesp32-8B2D54%2Frequests%2Flatest.json (Caused by SSLError(SSLEOFError(8, 'EOF occurred in violation of protocol (_ssl.c:1002)')))

During handling of the above exception, another exception occurred:

Traceback (most recent call last):
  File "G:\1_Personal_File\chessAssistant\gitHub_Code\ChessAssistantCode\cloud\local_oss_ai_worker\.venv\Lib\site-packages\oss2\http.py", line 47, in do_request
    return Response(self.session.request(req.method, req.url,
                    ^^^^^^^^^^^^^^^^^^^^^^^^^^^^^^^^^^^^^^^^^
  File "G:\1_Personal_File\chessAssistant\gitHub_Code\ChessAssistantCode\cloud\local_oss_ai_worker\.venv\Lib\site-packages\requests\sessions.py", line 651, in request
    resp = self.send(prep, **send_kwargs)
           ^^^^^^^^^^^^^^^^^^^^^^^^^^^^^^
  File "G:\1_Personal_File\chessAssistant\gitHub_Code\ChessAssistantCode\cloud\local_oss_ai_worker\.venv\Lib\site-packages\requests\sessions.py", line 784, in send
    r = adapter.send(request, **kwargs)
        ^^^^^^^^^^^^^^^^^^^^^^^^^^^^^^^
  File "G:\1_Personal_File\chessAssistant\gitHub_Code\ChessAssistantCode\cloud\local_oss_ai_worker\.venv\Lib\site-packages\requests\adapters.py", line 727, in send
    raise SSLError(e, request=request)
requests.exceptions.SSLError: HTTPSConnectionPool(host='esp32-chess-assistant.oss-cn-hangzhou.aliyuncs.com', port=443): Max retries exceeded with url: /devices%2Fesp32-8B2D54%2Frequests%2Flatest.json (Caused by SSLError(SSLEOFError(8, 'EOF occurred in violation of protocol (_ssl.c:1002)')))

During handling of the above exception, another exception occurred:

Traceback (most recent call last):
  File "G:\1_Personal_File\chessAssistant\gitHub_Code\ChessAssistantCode\cloud\local_oss_ai_worker\worker.py", line 761, in main
    processed = process_one(bucket, args, state, device_id)
                ^^^^^^^^^^^^^^^^^^^^^^^^^^^^^^^^^^^^^^^^^^^
  File "G:\1_Personal_File\chessAssistant\gitHub_Code\ChessAssistantCode\cloud\local_oss_ai_worker\worker.py", line 644, in process_one
    manifest_key, manifest = read_manifest(bucket, device_id)
                             ^^^^^^^^^^^^^^^^^^^^^^^^^^^^^^^^
  File "G:\1_Personal_File\chessAssistant\gitHub_Code\ChessAssistantCode\cloud\local_oss_ai_worker\worker.py", line 597, in read_manifest
    body = bucket.get_object(manifest_key).read()
           ^^^^^^^^^^^^^^^^^^^^^^^^^^^^^^^
  File "G:\1_Personal_File\chessAssistant\gitHub_Code\ChessAssistantCode\cloud\local_oss_ai_worker\.venv\Lib\site-packages\oss2\api.py", line 1023, in get_object
    resp = self.__do_object('GET', key, headers=headers, params=params)
           ^^^^^^^^^^^^^^^^^^^^^^^^^^^^^^^^^^^^^^^^^^^^^^^^^^^^^^^^^^^^
  File "G:\1_Personal_File\chessAssistant\gitHub_Code\ChessAssistantCode\cloud\local_oss_ai_worker\.venv\Lib\site-packages\oss2\api.py", line 3392, in __do_object
    return self._do(method, self.bucket_name, key, **kwargs)
           ^^^^^^^^^^^^^^^^^^^^^^^^^^^^^^^^^^^^^^^^^^^^^^^^^
  File "G:\1_Personal_File\chessAssistant\gitHub_Code\ChessAssistantCode\cloud\local_oss_ai_worker\.venv\Lib\site-packages\oss2\api.py", line 237, in _do
    resp = self.session.do_request(req, timeout=self.timeout)
           ^^^^^^^^^^^^^^^^^^^^^^^^^^^^^^^^^^^^^^^^^^^^^^^^^^
  File "G:\1_Personal_File\chessAssistant\gitHub_Code\ChessAssistantCode\cloud\local_oss_ai_worker\.venv\Lib\site-packages\oss2\http.py", line 55, in do_request
    raise RequestError(e)
oss2.exceptions.RequestError: {'status': -2, 'x-oss-request-id': '', 'details': "RequestError: HTTPSConnectionPool(host='esp32-chess-assistant.oss-cn-hangzhou.aliyuncs.com', port=443): Max retries exceeded with url: /devices%2Fesp32-8B2D54%2Frequests%2Flatest.json (Caused by SSLError(SSLEOFError(8, 'EOF occurred in violation of protocol (_ssl.c:1002)')))"}
2026-07-15 23:39:22,060 ERROR oss_ai_worker: Worker iteration failed for device_id=esp32-C3F8D0
urllib3.exceptions.SSLError: EOF occurred in violation of protocol (_ssl.c:1002)

The above exception was the direct cause of the following exception:

Traceback (most recent call last):
  File "G:\1_Personal_File\chessAssistant\gitHub_Code\ChessAssistantCode\cloud\local_oss_ai_worker\.venv\Lib\site-packages\requests\adapters.py", line 696, in send
    resp = conn.urlopen(
           ^^^^^^^^^^^^^
  File "G:\1_Personal_File\chessAssistant\gitHub_Code\ChessAssistantCode\cloud\local_oss_ai_worker\.venv\Lib\site-packages\urllib3\connectionpool.py", line 842, in urlopen
    retries = retries.increment(
              ^^^^^^^^^^^^^^^^^^
  File "G:\1_Personal_File\chessAssistant\gitHub_Code\ChessAssistantCode\cloud\local_oss_ai_worker\.venv\Lib\site-packages\urllib3\util\retry.py", line 543, in increment
    raise MaxRetryError(_pool, url, reason) from reason  # type: ignore[arg-type]
    ^^^^^^^^^^^^^^^^^^^^^^^^^^^^^^^^^^^^^^^^^^^^^^^^^^^
urllib3.exceptions.MaxRetryError: HTTPSConnectionPool(host='esp32-chess-assistant.oss-cn-hangzhou.aliyuncs.com', port=443): Max retries exceeded with url: /devices%2Fesp32-C3F8D0%2Frequests%2Flatest.json (Caused by SSLError(SSLEOFError(8, 'EOF occurred in violation of protocol (_ssl.c:1002)')))

During handling of the above exception, another exception occurred:

Traceback (most recent call last):
  File "G:\1_Personal_File\chessAssistant\gitHub_Code\ChessAssistantCode\cloud\local_oss_ai_worker\.venv\Lib\site-packages\oss2\http.py", line 47, in do_request
    return Response(self.session.request(req.method, req.url,
                    ^^^^^^^^^^^^^^^^^^^^^^^^^^^^^^^^^^^^^^^^^
  File "G:\1_Personal_File\chessAssistant\gitHub_Code\ChessAssistantCode\cloud\local_oss_ai_worker\.venv\Lib\site-packages\requests\sessions.py", line 651, in request
    resp = self.send(prep, **send_kwargs)
           ^^^^^^^^^^^^^^^^^^^^^^^^^^^^^^
  File "G:\1_Personal_File\chessAssistant\gitHub_Code\ChessAssistantCode\cloud\local_oss_ai_worker\.venv\Lib\site-packages\requests\sessions.py", line 784, in send
    r = adapter.send(request, **kwargs)
        ^^^^^^^^^^^^^^^^^^^^^^^^^^^^^^^
  File "G:\1_Personal_File\chessAssistant\gitHub_Code\ChessAssistantCode\cloud\local_oss_ai_worker\.venv\Lib\site-packages\requests\adapters.py", line 727, in send
    raise SSLError(e, request=request)
requests.exceptions.SSLError: HTTPSConnectionPool(host='esp32-chess-assistant.oss-cn-hangzhou.aliyuncs.com', port=443): Max retries exceeded with url: /devices%2Fesp32-C3F8D0%2Frequests%2Flatest.json (Caused by SSLError(SSLEOFError(8, 'EOF occurred in violation of protocol (_ssl.c:1002)')))

During handling of the above exception, another exception occurred:

Traceback (most recent call last):
  File "G:\1_Personal_File\chessAssistant\gitHub_Code\ChessAssistantCode\cloud\local_oss_ai_worker\worker.py", line 761, in main
    processed = process_one(bucket, args, state, device_id)
                ^^^^^^^^^^^^^^^^^^^^^^^^^^^^^^^^^^^^^^^^^^^
  File "G:\1_Personal_File\chessAssistant\gitHub_Code\ChessAssistantCode\cloud\local_oss_ai_worker\worker.py", line 644, in process_one
    manifest_key, manifest = read_manifest(bucket, device_id)
                             ^^^^^^^^^^^^^^^^^^^^^^^^^^^^^^^^
  File "G:\1_Personal_File\chessAssistant\gitHub_Code\ChessAssistantCode\cloud\local_oss_ai_worker\worker.py", line 597, in read_manifest
    body = bucket.get_object(manifest_key).read()
           ^^^^^^^^^^^^^^^^^^^^^^^^^^^^^^^
  File "G:\1_Personal_File\chessAssistant\gitHub_Code\ChessAssistantCode\cloud\local_oss_ai_worker\.venv\Lib\site-packages\oss2\api.py", line 1023, in get_object
    resp = self.__do_object('GET', key, headers=headers, params=params)
           ^^^^^^^^^^^^^^^^^^^^^^^^^^^^^^^^^^^^^^^^^^^^^^^^^^^^^^^^^^^^
  File "G:\1_Personal_File\chessAssistant\gitHub_Code\ChessAssistantCode\cloud\local_oss_ai_worker\.venv\Lib\site-packages\oss2\api.py", line 3392, in __do_object
    return self._do(method, self.bucket_name, key, **kwargs)
           ^^^^^^^^^^^^^^^^^^^^^^^^^^^^^^^^^^^^^^^^^^^^^^^^^
  File "G:\1_Personal_File\chessAssistant\gitHub_Code\ChessAssistantCode\cloud\local_oss_ai_worker\.venv\Lib\site-packages\oss2\api.py", line 237, in _do
    resp = self.session.do_request(req, timeout=self.timeout)
           ^^^^^^^^^^^^^^^^^^^^^^^^^^^^^^^^^^^^^^^^^^^^^^^^^^
  File "G:\1_Personal_File\chessAssistant\gitHub_Code\ChessAssistantCode\cloud\local_oss_ai_worker\.venv\Lib\site-packages\oss2\http.py", line 55, in do_request
    raise RequestError(e)
oss2.exceptions.RequestError: {'status': -2, 'x-oss-request-id': '', 'details': "RequestError: HTTPSConnectionPool(host='esp32-chess-assistant.oss-cn-hangzhou.aliyuncs.com', port=443): Max retries exceeded with url: /devices%2Fesp32-C3F8D0%2Frequests%2Flatest.json (Caused by SSLError(SSLEOFError(8, 'EOF occurred in violation of protocol (_ssl.c:1002)')))"}
2026-07-15 23:39:23,349 ERROR oss_ai_worker: Device discovery failed
urllib3.exceptions.SSLError: EOF occurred in violation of protocol (_ssl.c:1002)

The above exception was the direct cause of the following exception:

Traceback (most recent call last):
  File "G:\1_Personal_File\chessAssistant\gitHub_Code\ChessAssistantCode\cloud\local_oss_ai_worker\.venv\Lib\site-packages\requests\adapters.py", line 696, in send
    resp = conn.urlopen(
           ^^^^^^^^^^^^^
  File "G:\1_Personal_File\chessAssistant\gitHub_Code\ChessAssistantCode\cloud\local_oss_ai_worker\.venv\Lib\site-packages\urllib3\connectionpool.py", line 842, in urlopen
    retries = retries.increment(
              ^^^^^^^^^^^^^^^^^^
  File "G:\1_Personal_File\chessAssistant\gitHub_Code\ChessAssistantCode\cloud\local_oss_ai_worker\.venv\Lib\site-packages\urllib3\util\retry.py", line 543, in increment
    raise MaxRetryError(_pool, url, reason) from reason  # type: ignore[arg-type]
    ^^^^^^^^^^^^^^^^^^^^^^^^^^^^^^^^^^^^^^^^^^^^^^^^^^^
urllib3.exceptions.MaxRetryError: HTTPSConnectionPool(host='esp32-chess-assistant.oss-cn-hangzhou.aliyuncs.com', port=443): Max retries exceeded with url: /?prefix=devices%2F&delimiter=&marker=&max-keys=100&encoding-type=url (Caused by SSLError(SSLEOFError(8, 'EOF occurred in violation of protocol (_ssl.c:1002)')))

During handling of the above exception, another exception occurred:

Traceback (most recent call last):
  File "G:\1_Personal_File\chessAssistant\gitHub_Code\ChessAssistantCode\cloud\local_oss_ai_worker\.venv\Lib\site-packages\oss2\http.py", line 47, in do_request
    return Response(self.session.request(req.method, req.url,
                    ^^^^^^^^^^^^^^^^^^^^^^^^^^^^^^^^^^^^^^^^^
  File "G:\1_Personal_File\chessAssistant\gitHub_Code\ChessAssistantCode\cloud\local_oss_ai_worker\.venv\Lib\site-packages\requests\sessions.py", line 651, in request
    resp = self.send(prep, **send_kwargs)
           ^^^^^^^^^^^^^^^^^^^^^^^^^^^^^^
  File "G:\1_Personal_File\chessAssistant\gitHub_Code\ChessAssistantCode\cloud\local_oss_ai_worker\.venv\Lib\site-packages\requests\sessions.py", line 784, in send
    r = adapter.send(request, **kwargs)
        ^^^^^^^^^^^^^^^^^^^^^^^^^^^^^^^
  File "G:\1_Personal_File\chessAssistant\gitHub_Code\ChessAssistantCode\cloud\local_oss_ai_worker\.venv\Lib\site-packages\requests\adapters.py", line 727, in send
    raise SSLError(e, request=request)
requests.exceptions.SSLError: HTTPSConnectionPool(host='esp32-chess-assistant.oss-cn-hangzhou.aliyuncs.com', port=443): Max retries exceeded with url: /?prefix=devices%2F&delimiter=&marker=&max-keys=100&encoding-type=url (Caused by SSLError(SSLEOFError(8, 'EOF occurred in violation of protocol (_ssl.c:1002)')))

During handling of the above exception, another exception occurred:

Traceback (most recent call last):
  File "G:\1_Personal_File\chessAssistant\gitHub_Code\ChessAssistantCode\cloud\local_oss_ai_worker\worker.py", line 742, in main
    discovered_device_ids = discover_device_ids(bucket)
                            ^^^^^^^^^^^^^^^^^^^^^^^^^^^
  File "G:\1_Personal_File\chessAssistant\gitHub_Code\ChessAssistantCode\cloud\local_oss_ai_worker\worker.py", line 256, in discover_device_ids
    for obj in oss2.ObjectIterator(bucket, prefix="devices/"):
  File "G:\1_Personal_File\chessAssistant\gitHub_Code\ChessAssistantCode\cloud\local_oss_ai_worker\.venv\Lib\site-packages\oss2\iterators.py", line 40, in __next__
    self.fetch_with_retry()
  File "G:\1_Personal_File\chessAssistant\gitHub_Code\ChessAssistantCode\cloud\local_oss_ai_worker\.venv\Lib\site-packages\oss2\iterators.py", line 48, in fetch_with_retry
    self.is_truncated, self.next_marker = self._fetch()
                                          ^^^^^^^^^^^^^
  File "G:\1_Personal_File\chessAssistant\gitHub_Code\ChessAssistantCode\cloud\local_oss_ai_worker\.venv\Lib\site-packages\oss2\iterators.py", line 109, in _fetch
    result = self.bucket.list_objects(prefix=self.prefix,
             ^^^^^^^^^^^^^^^^^^^^^^^^^^^^^^^^^^^^^^^^^^^^
  File "G:\1_Personal_File\chessAssistant\gitHub_Code\ChessAssistantCode\cloud\local_oss_ai_worker\.venv\Lib\site-packages\oss2\api.py", line 783, in list_objects
    resp = self.__do_bucket('GET',
           ^^^^^^^^^^^^^^^^^^^^^^^
  File "G:\1_Personal_File\chessAssistant\gitHub_Code\ChessAssistantCode\cloud\local_oss_ai_worker\.venv\Lib\site-packages\oss2\api.py", line 3395, in __do_bucket
    return self._do(method, self.bucket_name, '', **kwargs)
           ^^^^^^^^^^^^^^^^^^^^^^^^^^^^^^^^^^^^^^^^^^^^^^^^
  File "G:\1_Personal_File\chessAssistant\gitHub_Code\ChessAssistantCode\cloud\local_oss_ai_worker\.venv\Lib\site-packages\oss2\api.py", line 237, in _do
    resp = self.session.do_request(req, timeout=self.timeout)
           ^^^^^^^^^^^^^^^^^^^^^^^^^^^^^^^^^^^^^^^^^^^^^^^^^^
  File "G:\1_Personal_File\chessAssistant\gitHub_Code\ChessAssistantCode\cloud\local_oss_ai_worker\.venv\Lib\site-packages\oss2\http.py", line 55, in do_request
    raise RequestError(e)
oss2.exceptions.RequestError: {'status': -2, 'x-oss-request-id': '', 'details': "RequestError: HTTPSConnectionPool(host='esp32-chess-assistant.oss-cn-hangzhou.aliyuncs.com', port=443): Max retries exceeded with url: /?prefix=devices%2F&delimiter=&marker=&max-keys=100&encoding-type=url (Caused by SSLError(SSLEOFError(8, 'EOF occurred in violation of protocol (_ssl.c:1002)')))"}
2026-07-15 23:39:23,487 ERROR oss_ai_worker: Worker iteration failed for device_id=chess-441BF6C3F8D0
urllib3.exceptions.SSLError: EOF occurred in violation of protocol (_ssl.c:1002)

The above exception was the direct cause of the following exception:

Traceback (most recent call last):
  File "G:\1_Personal_File\chessAssistant\gitHub_Code\ChessAssistantCode\cloud\local_oss_ai_worker\.venv\Lib\site-packages\requests\adapters.py", line 696, in send
    resp = conn.urlopen(
           ^^^^^^^^^^^^^
  File "G:\1_Personal_File\chessAssistant\gitHub_Code\ChessAssistantCode\cloud\local_oss_ai_worker\.venv\Lib\site-packages\urllib3\connectionpool.py", line 842, in urlopen
    retries = retries.increment(
              ^^^^^^^^^^^^^^^^^^
  File "G:\1_Personal_File\chessAssistant\gitHub_Code\ChessAssistantCode\cloud\local_oss_ai_worker\.venv\Lib\site-packages\urllib3\util\retry.py", line 543, in increment
    raise MaxRetryError(_pool, url, reason) from reason  # type: ignore[arg-type]
    ^^^^^^^^^^^^^^^^^^^^^^^^^^^^^^^^^^^^^^^^^^^^^^^^^^^
urllib3.exceptions.MaxRetryError: HTTPSConnectionPool(host='esp32-chess-assistant.oss-cn-hangzhou.aliyuncs.com', port=443): Max retries exceeded with url: /devices%2Fchess-441BF6C3F8D0%2Frequests%2Flatest.json (Caused by SSLError(SSLEOFError(8, 'EOF occurred in violation of protocol (_ssl.c:1002)')))

During handling of the above exception, another exception occurred:

Traceback (most recent call last):
  File "G:\1_Personal_File\chessAssistant\gitHub_Code\ChessAssistantCode\cloud\local_oss_ai_worker\.venv\Lib\site-packages\oss2\http.py", line 47, in do_request
    return Response(self.session.request(req.method, req.url,
                    ^^^^^^^^^^^^^^^^^^^^^^^^^^^^^^^^^^^^^^^^^
  File "G:\1_Personal_File\chessAssistant\gitHub_Code\ChessAssistantCode\cloud\local_oss_ai_worker\.venv\Lib\site-packages\requests\sessions.py", line 651, in request
    resp = self.send(prep, **send_kwargs)
           ^^^^^^^^^^^^^^^^^^^^^^^^^^^^^^
  File "G:\1_Personal_File\chessAssistant\gitHub_Code\ChessAssistantCode\cloud\local_oss_ai_worker\.venv\Lib\site-packages\requests\sessions.py", line 784, in send
    r = adapter.send(request, **kwargs)
        ^^^^^^^^^^^^^^^^^^^^^^^^^^^^^^^
  File "G:\1_Personal_File\chessAssistant\gitHub_Code\ChessAssistantCode\cloud\local_oss_ai_worker\.venv\Lib\site-packages\requests\adapters.py", line 727, in send
    raise SSLError(e, request=request)
requests.exceptions.SSLError: HTTPSConnectionPool(host='esp32-chess-assistant.oss-cn-hangzhou.aliyuncs.com', port=443): Max retries exceeded with url: /devices%2Fchess-441BF6C3F8D0%2Frequests%2Flatest.json (Caused by SSLError(SSLEOFError(8, 'EOF occurred in violation of protocol (_ssl.c:1002)')))

During handling of the above exception, another exception occurred:

Traceback (most recent call last):
  File "G:\1_Personal_File\chessAssistant\gitHub_Code\ChessAssistantCode\cloud\local_oss_ai_worker\worker.py", line 761, in main
    processed = process_one(bucket, args, state, device_id)
                ^^^^^^^^^^^^^^^^^^^^^^^^^^^^^^^^^^^^^^^^^^^
  File "G:\1_Personal_File\chessAssistant\gitHub_Code\ChessAssistantCode\cloud\local_oss_ai_worker\worker.py", line 644, in process_one
    manifest_key, manifest = read_manifest(bucket, device_id)
                             ^^^^^^^^^^^^^^^^^^^^^^^^^^^^^^^^
  File "G:\1_Personal_File\chessAssistant\gitHub_Code\ChessAssistantCode\cloud\local_oss_ai_worker\worker.py", line 597, in read_manifest
    body = bucket.get_object(manifest_key).read()
           ^^^^^^^^^^^^^^^^^^^^^^^^^^^^^^^
  File "G:\1_Personal_File\chessAssistant\gitHub_Code\ChessAssistantCode\cloud\local_oss_ai_worker\.venv\Lib\site-packages\oss2\api.py", line 1023, in get_object
    resp = self.__do_object('GET', key, headers=headers, params=params)
           ^^^^^^^^^^^^^^^^^^^^^^^^^^^^^^^^^^^^^^^^^^^^^^^^^^^^^^^^^^^^
  File "G:\1_Personal_File\chessAssistant\gitHub_Code\ChessAssistantCode\cloud\local_oss_ai_worker\.venv\Lib\site-packages\oss2\api.py", line 3392, in __do_object
    return self._do(method, self.bucket_name, key, **kwargs)
           ^^^^^^^^^^^^^^^^^^^^^^^^^^^^^^^^^^^^^^^^^^^^^^^^^
  File "G:\1_Personal_File\chessAssistant\gitHub_Code\ChessAssistantCode\cloud\local_oss_ai_worker\.venv\Lib\site-packages\oss2\api.py", line 237, in _do
    resp = self.session.do_request(req, timeout=self.timeout)
           ^^^^^^^^^^^^^^^^^^^^^^^^^^^^^^^^^^^^^^^^^^^^^^^^^^
  File "G:\1_Personal_File\chessAssistant\gitHub_Code\ChessAssistantCode\cloud\local_oss_ai_worker\.venv\Lib\site-packages\oss2\http.py", line 55, in do_request
    raise RequestError(e)
oss2.exceptions.RequestError: {'status': -2, 'x-oss-request-id': '', 'details': "RequestError: HTTPSConnectionPool(host='esp32-chess-assistant.oss-cn-hangzhou.aliyuncs.com', port=443): Max retries exceeded with url: /devices%2Fchess-441BF6C3F8D0%2Frequests%2Flatest.json (Caused by SSLError(SSLEOFError(8, 'EOF occurred in violation of protocol (_ssl.c:1002)')))"}
2026-07-15 23:39:23,647 ERROR oss_ai_worker: Worker iteration failed for device_id=esp32-8B2D54
urllib3.exceptions.SSLError: EOF occurred in violation of protocol (_ssl.c:1002)

The above exception was the direct cause of the following exception:

Traceback (most recent call last):
  File "G:\1_Personal_File\chessAssistant\gitHub_Code\ChessAssistantCode\cloud\local_oss_ai_worker\.venv\Lib\site-packages\requests\adapters.py", line 696, in send
    resp = conn.urlopen(
           ^^^^^^^^^^^^^
  File "G:\1_Personal_File\chessAssistant\gitHub_Code\ChessAssistantCode\cloud\local_oss_ai_worker\.venv\Lib\site-packages\urllib3\connectionpool.py", line 842, in urlopen
    retries = retries.increment(
              ^^^^^^^^^^^^^^^^^^
  File "G:\1_Personal_File\chessAssistant\gitHub_Code\ChessAssistantCode\cloud\local_oss_ai_worker\.venv\Lib\site-packages\urllib3\util\retry.py", line 543, in increment
    raise MaxRetryError(_pool, url, reason) from reason  # type: ignore[arg-type]
    ^^^^^^^^^^^^^^^^^^^^^^^^^^^^^^^^^^^^^^^^^^^^^^^^^^^
urllib3.exceptions.MaxRetryError: HTTPSConnectionPool(host='esp32-chess-assistant.oss-cn-hangzhou.aliyuncs.com', port=443): Max retries exceeded with url: /devices%2Fesp32-8B2D54%2Frequests%2Flatest.json (Caused by SSLError(SSLEOFError(8, 'EOF occurred in violation of protocol (_ssl.c:1002)')))

During handling of the above exception, another exception occurred:

Traceback (most recent call last):
  File "G:\1_Personal_File\chessAssistant\gitHub_Code\ChessAssistantCode\cloud\local_oss_ai_worker\.venv\Lib\site-packages\oss2\http.py", line 47, in do_request
    return Response(self.session.request(req.method, req.url,
                    ^^^^^^^^^^^^^^^^^^^^^^^^^^^^^^^^^^^^^^^^^
  File "G:\1_Personal_File\chessAssistant\gitHub_Code\ChessAssistantCode\cloud\local_oss_ai_worker\.venv\Lib\site-packages\requests\sessions.py", line 651, in request
    resp = self.send(prep, **send_kwargs)
           ^^^^^^^^^^^^^^^^^^^^^^^^^^^^^^
  File "G:\1_Personal_File\chessAssistant\gitHub_Code\ChessAssistantCode\cloud\local_oss_ai_worker\.venv\Lib\site-packages\requests\sessions.py", line 784, in send
    r = adapter.send(request, **kwargs)
        ^^^^^^^^^^^^^^^^^^^^^^^^^^^^^^^
  File "G:\1_Personal_File\chessAssistant\gitHub_Code\ChessAssistantCode\cloud\local_oss_ai_worker\.venv\Lib\site-packages\requests\adapters.py", line 727, in send
    raise SSLError(e, request=request)
requests.exceptions.SSLError: HTTPSConnectionPool(host='esp32-chess-assistant.oss-cn-hangzhou.aliyuncs.com', port=443): Max retries exceeded with url: /devices%2Fesp32-8B2D54%2Frequests%2Flatest.json (Caused by SSLError(SSLEOFError(8, 'EOF occurred in violation of protocol (_ssl.c:1002)')))

During handling of the above exception, another exception occurred:

Traceback (most recent call last):
  File "G:\1_Personal_File\chessAssistant\gitHub_Code\ChessAssistantCode\cloud\local_oss_ai_worker\worker.py", line 761, in main
    processed = process_one(bucket, args, state, device_id)
                ^^^^^^^^^^^^^^^^^^^^^^^^^^^^^^^^^^^^^^^^^^^
  File "G:\1_Personal_File\chessAssistant\gitHub_Code\ChessAssistantCode\cloud\local_oss_ai_worker\worker.py", line 644, in process_one
    manifest_key, manifest = read_manifest(bucket, device_id)
                             ^^^^^^^^^^^^^^^^^^^^^^^^^^^^^^^^
  File "G:\1_Personal_File\chessAssistant\gitHub_Code\ChessAssistantCode\cloud\local_oss_ai_worker\worker.py", line 597, in read_manifest
    body = bucket.get_object(manifest_key).read()
           ^^^^^^^^^^^^^^^^^^^^^^^^^^^^^^^
  File "G:\1_Personal_File\chessAssistant\gitHub_Code\ChessAssistantCode\cloud\local_oss_ai_worker\.venv\Lib\site-packages\oss2\api.py", line 1023, in get_object
    resp = self.__do_object('GET', key, headers=headers, params=params)
           ^^^^^^^^^^^^^^^^^^^^^^^^^^^^^^^^^^^^^^^^^^^^^^^^^^^^^^^^^^^^
  File "G:\1_Personal_File\chessAssistant\gitHub_Code\ChessAssistantCode\cloud\local_oss_ai_worker\.venv\Lib\site-packages\oss2\api.py", line 3392, in __do_object
    return self._do(method, self.bucket_name, key, **kwargs)
           ^^^^^^^^^^^^^^^^^^^^^^^^^^^^^^^^^^^^^^^^^^^^^^^^^
  File "G:\1_Personal_File\chessAssistant\gitHub_Code\ChessAssistantCode\cloud\local_oss_ai_worker\.venv\Lib\site-packages\oss2\api.py", line 237, in _do
    resp = self.session.do_request(req, timeout=self.timeout)
           ^^^^^^^^^^^^^^^^^^^^^^^^^^^^^^^^^^^^^^^^^^^^^^^^^^
  File "G:\1_Personal_File\chessAssistant\gitHub_Code\ChessAssistantCode\cloud\local_oss_ai_worker\.venv\Lib\site-packages\oss2\http.py", line 55, in do_request
    raise RequestError(e)
oss2.exceptions.RequestError: {'status': -2, 'x-oss-request-id': '', 'details': "RequestError: HTTPSConnectionPool(host='esp32-chess-assistant.oss-cn-hangzhou.aliyuncs.com', port=443): Max retries exceeded with url: /devices%2Fesp32-8B2D54%2Frequests%2Flatest.json (Caused by SSLError(SSLEOFError(8, 'EOF occurred in violation of protocol (_ssl.c:1002)')))"}
2026-07-15 23:39:23,817 ERROR oss_ai_worker: Worker iteration failed for device_id=esp32-C3F8D0
urllib3.exceptions.SSLError: EOF occurred in violation of protocol (_ssl.c:1002)

The above exception was the direct cause of the following exception:

Traceback (most recent call last):
  File "G:\1_Personal_File\chessAssistant\gitHub_Code\ChessAssistantCode\cloud\local_oss_ai_worker\.venv\Lib\site-packages\requests\adapters.py", line 696, in send
    resp = conn.urlopen(
           ^^^^^^^^^^^^^
  File "G:\1_Personal_File\chessAssistant\gitHub_Code\ChessAssistantCode\cloud\local_oss_ai_worker\.venv\Lib\site-packages\urllib3\connectionpool.py", line 842, in urlopen
    retries = retries.increment(
              ^^^^^^^^^^^^^^^^^^
  File "G:\1_Personal_File\chessAssistant\gitHub_Code\ChessAssistantCode\cloud\local_oss_ai_worker\.venv\Lib\site-packages\urllib3\util\retry.py", line 543, in increment
    raise MaxRetryError(_pool, url, reason) from reason  # type: ignore[arg-type]
    ^^^^^^^^^^^^^^^^^^^^^^^^^^^^^^^^^^^^^^^^^^^^^^^^^^^
urllib3.exceptions.MaxRetryError: HTTPSConnectionPool(host='esp32-chess-assistant.oss-cn-hangzhou.aliyuncs.com', port=443): Max retries exceeded with url: /devices%2Fesp32-C3F8D0%2Frequests%2Flatest.json (Caused by SSLError(SSLEOFError(8, 'EOF occurred in violation of protocol (_ssl.c:1002)')))

During handling of the above exception, another exception occurred:

Traceback (most recent call last):
  File "G:\1_Personal_File\chessAssistant\gitHub_Code\ChessAssistantCode\cloud\local_oss_ai_worker\.venv\Lib\site-packages\oss2\http.py", line 47, in do_request
    return Response(self.session.request(req.method, req.url,
                    ^^^^^^^^^^^^^^^^^^^^^^^^^^^^^^^^^^^^^^^^^
  File "G:\1_Personal_File\chessAssistant\gitHub_Code\ChessAssistantCode\cloud\local_oss_ai_worker\.venv\Lib\site-packages\requests\sessions.py", line 651, in request
    resp = self.send(prep, **send_kwargs)
           ^^^^^^^^^^^^^^^^^^^^^^^^^^^^^^
  File "G:\1_Personal_File\chessAssistant\gitHub_Code\ChessAssistantCode\cloud\local_oss_ai_worker\.venv\Lib\site-packages\requests\sessions.py", line 784, in send
    r = adapter.send(request, **kwargs)
        ^^^^^^^^^^^^^^^^^^^^^^^^^^^^^^^
  File "G:\1_Personal_File\chessAssistant\gitHub_Code\ChessAssistantCode\cloud\local_oss_ai_worker\.venv\Lib\site-packages\requests\adapters.py", line 727, in send
    raise SSLError(e, request=request)
requests.exceptions.SSLError: HTTPSConnectionPool(host='esp32-chess-assistant.oss-cn-hangzhou.aliyuncs.com', port=443): Max retries exceeded with url: /devices%2Fesp32-C3F8D0%2Frequests%2Flatest.json (Caused by SSLError(SSLEOFError(8, 'EOF occurred in violation of protocol (_ssl.c:1002)')))

During handling of the above exception, another exception occurred:

Traceback (most recent call last):
  File "G:\1_Personal_File\chessAssistant\gitHub_Code\ChessAssistantCode\cloud\local_oss_ai_worker\worker.py", line 761, in main
    processed = process_one(bucket, args, state, device_id)
                ^^^^^^^^^^^^^^^^^^^^^^^^^^^^^^^^^^^^^^^^^^^
  File "G:\1_Personal_File\chessAssistant\gitHub_Code\ChessAssistantCode\cloud\local_oss_ai_worker\worker.py", line 644, in process_one
    manifest_key, manifest = read_manifest(bucket, device_id)
                             ^^^^^^^^^^^^^^^^^^^^^^^^^^^^^^^^
  File "G:\1_Personal_File\chessAssistant\gitHub_Code\ChessAssistantCode\cloud\local_oss_ai_worker\worker.py", line 597, in read_manifest
    body = bucket.get_object(manifest_key).read()
           ^^^^^^^^^^^^^^^^^^^^^^^^^^^^^^^
  File "G:\1_Personal_File\chessAssistant\gitHub_Code\ChessAssistantCode\cloud\local_oss_ai_worker\.venv\Lib\site-packages\oss2\api.py", line 1023, in get_object
    resp = self.__do_object('GET', key, headers=headers, params=params)
           ^^^^^^^^^^^^^^^^^^^^^^^^^^^^^^^^^^^^^^^^^^^^^^^^^^^^^^^^^^^^
  File "G:\1_Personal_File\chessAssistant\gitHub_Code\ChessAssistantCode\cloud\local_oss_ai_worker\.venv\Lib\site-packages\oss2\api.py", line 3392, in __do_object
    return self._do(method, self.bucket_name, key, **kwargs)
           ^^^^^^^^^^^^^^^^^^^^^^^^^^^^^^^^^^^^^^^^^^^^^^^^^
  File "G:\1_Personal_File\chessAssistant\gitHub_Code\ChessAssistantCode\cloud\local_oss_ai_worker\.venv\Lib\site-packages\oss2\api.py", line 237, in _do
    resp = self.session.do_request(req, timeout=self.timeout)
           ^^^^^^^^^^^^^^^^^^^^^^^^^^^^^^^^^^^^^^^^^^^^^^^^^^
  File "G:\1_Personal_File\chessAssistant\gitHub_Code\ChessAssistantCode\cloud\local_oss_ai_worker\.venv\Lib\site-packages\oss2\http.py", line 55, in do_request
    raise RequestError(e)
oss2.exceptions.RequestError: {'status': -2, 'x-oss-request-id': '', 'details': "RequestError: HTTPSConnectionPool(host='esp32-chess-assistant.oss-cn-hangzhou.aliyuncs.com', port=443): Max retries exceeded with url: /devices%2Fesp32-C3F8D0%2Frequests%2Flatest.json (Caused by SSLError(SSLEOFError(8, 'EOF occurred in violation of protocol (_ssl.c:1002)')))"}
2026-07-15 23:39:25,245 ERROR oss_ai_worker: Worker iteration failed for device_id=chess-441BF6C3F8D0
urllib3.exceptions.SSLError: EOF occurred in violation of protocol (_ssl.c:1002)

The above exception was the direct cause of the following exception:

Traceback (most recent call last):
  File "G:\1_Personal_File\chessAssistant\gitHub_Code\ChessAssistantCode\cloud\local_oss_ai_worker\.venv\Lib\site-packages\requests\adapters.py", line 696, in send
    resp = conn.urlopen(
           ^^^^^^^^^^^^^
  File "G:\1_Personal_File\chessAssistant\gitHub_Code\ChessAssistantCode\cloud\local_oss_ai_worker\.venv\Lib\site-packages\urllib3\connectionpool.py", line 842, in urlopen
    retries = retries.increment(
              ^^^^^^^^^^^^^^^^^^
  File "G:\1_Personal_File\chessAssistant\gitHub_Code\ChessAssistantCode\cloud\local_oss_ai_worker\.venv\Lib\site-packages\urllib3\util\retry.py", line 543, in increment
    raise MaxRetryError(_pool, url, reason) from reason  # type: ignore[arg-type]
    ^^^^^^^^^^^^^^^^^^^^^^^^^^^^^^^^^^^^^^^^^^^^^^^^^^^
urllib3.exceptions.MaxRetryError: HTTPSConnectionPool(host='esp32-chess-assistant.oss-cn-hangzhou.aliyuncs.com', port=443): Max retries exceeded with url: /devices%2Fchess-441BF6C3F8D0%2Frequests%2Flatest.json (Caused by SSLError(SSLEOFError(8, 'EOF occurred in violation of protocol (_ssl.c:1002)')))

During handling of the above exception, another exception occurred:

Traceback (most recent call last):
  File "G:\1_Personal_File\chessAssistant\gitHub_Code\ChessAssistantCode\cloud\local_oss_ai_worker\.venv\Lib\site-packages\oss2\http.py", line 47, in do_request
    return Response(self.session.request(req.method, req.url,
                    ^^^^^^^^^^^^^^^^^^^^^^^^^^^^^^^^^^^^^^^^^
  File "G:\1_Personal_File\chessAssistant\gitHub_Code\ChessAssistantCode\cloud\local_oss_ai_worker\.venv\Lib\site-packages\requests\sessions.py", line 651, in request
    resp = self.send(prep, **send_kwargs)
           ^^^^^^^^^^^^^^^^^^^^^^^^^^^^^^
  File "G:\1_Personal_File\chessAssistant\gitHub_Code\ChessAssistantCode\cloud\local_oss_ai_worker\.venv\Lib\site-packages\requests\sessions.py", line 784, in send
    r = adapter.send(request, **kwargs)
        ^^^^^^^^^^^^^^^^^^^^^^^^^^^^^^^
  File "G:\1_Personal_File\chessAssistant\gitHub_Code\ChessAssistantCode\cloud\local_oss_ai_worker\.venv\Lib\site-packages\requests\adapters.py", line 727, in send
    raise SSLError(e, request=request)
requests.exceptions.SSLError: HTTPSConnectionPool(host='esp32-chess-assistant.oss-cn-hangzhou.aliyuncs.com', port=443): Max retries exceeded with url: /devices%2Fchess-441BF6C3F8D0%2Frequests%2Flatest.json (Caused by SSLError(SSLEOFError(8, 'EOF occurred in violation of protocol (_ssl.c:1002)')))

During handling of the above exception, another exception occurred:

Traceback (most recent call last):
  File "G:\1_Personal_File\chessAssistant\gitHub_Code\ChessAssistantCode\cloud\local_oss_ai_worker\worker.py", line 761, in main
    processed = process_one(bucket, args, state, device_id)
                ^^^^^^^^^^^^^^^^^^^^^^^^^^^^^^^^^^^^^^^^^^^
  File "G:\1_Personal_File\chessAssistant\gitHub_Code\ChessAssistantCode\cloud\local_oss_ai_worker\worker.py", line 644, in process_one
    manifest_key, manifest = read_manifest(bucket, device_id)
                             ^^^^^^^^^^^^^^^^^^^^^^^^^^^^^^^^
  File "G:\1_Personal_File\chessAssistant\gitHub_Code\ChessAssistantCode\cloud\local_oss_ai_worker\worker.py", line 597, in read_manifest
    body = bucket.get_object(manifest_key).read()
           ^^^^^^^^^^^^^^^^^^^^^^^^^^^^^^^
  File "G:\1_Personal_File\chessAssistant\gitHub_Code\ChessAssistantCode\cloud\local_oss_ai_worker\.venv\Lib\site-packages\oss2\api.py", line 1023, in get_object
    resp = self.__do_object('GET', key, headers=headers, params=params)
           ^^^^^^^^^^^^^^^^^^^^^^^^^^^^^^^^^^^^^^^^^^^^^^^^^^^^^^^^^^^^
  File "G:\1_Personal_File\chessAssistant\gitHub_Code\ChessAssistantCode\cloud\local_oss_ai_worker\.venv\Lib\site-packages\oss2\api.py", line 3392, in __do_object
    return self._do(method, self.bucket_name, key, **kwargs)
           ^^^^^^^^^^^^^^^^^^^^^^^^^^^^^^^^^^^^^^^^^^^^^^^^^
  File "G:\1_Personal_File\chessAssistant\gitHub_Code\ChessAssistantCode\cloud\local_oss_ai_worker\.venv\Lib\site-packages\oss2\api.py", line 237, in _do
    resp = self.session.do_request(req, timeout=self.timeout)
           ^^^^^^^^^^^^^^^^^^^^^^^^^^^^^^^^^^^^^^^^^^^^^^^^^^
  File "G:\1_Personal_File\chessAssistant\gitHub_Code\ChessAssistantCode\cloud\local_oss_ai_worker\.venv\Lib\site-packages\oss2\http.py", line 55, in do_request
    raise RequestError(e)
oss2.exceptions.RequestError: {'status': -2, 'x-oss-request-id': '', 'details': "RequestError: HTTPSConnectionPool(host='esp32-chess-assistant.oss-cn-hangzhou.aliyuncs.com', port=443): Max retries exceeded with url: /devices%2Fchess-441BF6C3F8D0%2Frequests%2Flatest.json (Caused by SSLError(SSLEOFError(8, 'EOF occurred in violation of protocol (_ssl.c:1002)')))"}
2026-07-15 23:39:25,500 ERROR oss_ai_worker: Worker iteration failed for device_id=esp32-8B2D54
urllib3.exceptions.SSLError: EOF occurred in violation of protocol (_ssl.c:1002)

The above exception was the direct cause of the following exception:

Traceback (most recent call last):
  File "G:\1_Personal_File\chessAssistant\gitHub_Code\ChessAssistantCode\cloud\local_oss_ai_worker\.venv\Lib\site-packages\requests\adapters.py", line 696, in send
    resp = conn.urlopen(
           ^^^^^^^^^^^^^
  File "G:\1_Personal_File\chessAssistant\gitHub_Code\ChessAssistantCode\cloud\local_oss_ai_worker\.venv\Lib\site-packages\urllib3\connectionpool.py", line 842, in urlopen
    retries = retries.increment(
              ^^^^^^^^^^^^^^^^^^
  File "G:\1_Personal_File\chessAssistant\gitHub_Code\ChessAssistantCode\cloud\local_oss_ai_worker\.venv\Lib\site-packages\urllib3\util\retry.py", line 543, in increment
    raise MaxRetryError(_pool, url, reason) from reason  # type: ignore[arg-type]
    ^^^^^^^^^^^^^^^^^^^^^^^^^^^^^^^^^^^^^^^^^^^^^^^^^^^
urllib3.exceptions.MaxRetryError: HTTPSConnectionPool(host='esp32-chess-assistant.oss-cn-hangzhou.aliyuncs.com', port=443): Max retries exceeded with url: /devices%2Fesp32-8B2D54%2Frequests%2Flatest.json (Caused by SSLError(SSLEOFError(8, 'EOF occurred in violation of protocol (_ssl.c:1002)')))

During handling of the above exception, another exception occurred:

Traceback (most recent call last):
  File "G:\1_Personal_File\chessAssistant\gitHub_Code\ChessAssistantCode\cloud\local_oss_ai_worker\.venv\Lib\site-packages\oss2\http.py", line 47, in do_request
    return Response(self.session.request(req.method, req.url,
                    ^^^^^^^^^^^^^^^^^^^^^^^^^^^^^^^^^^^^^^^^^
  File "G:\1_Personal_File\chessAssistant\gitHub_Code\ChessAssistantCode\cloud\local_oss_ai_worker\.venv\Lib\site-packages\requests\sessions.py", line 651, in request
    resp = self.send(prep, **send_kwargs)
           ^^^^^^^^^^^^^^^^^^^^^^^^^^^^^^
  File "G:\1_Personal_File\chessAssistant\gitHub_Code\ChessAssistantCode\cloud\local_oss_ai_worker\.venv\Lib\site-packages\requests\sessions.py", line 784, in send
    r = adapter.send(request, **kwargs)
        ^^^^^^^^^^^^^^^^^^^^^^^^^^^^^^^
  File "G:\1_Personal_File\chessAssistant\gitHub_Code\ChessAssistantCode\cloud\local_oss_ai_worker\.venv\Lib\site-packages\requests\adapters.py", line 727, in send
    raise SSLError(e, request=request)
requests.exceptions.SSLError: HTTPSConnectionPool(host='esp32-chess-assistant.oss-cn-hangzhou.aliyuncs.com', port=443): Max retries exceeded with url: /devices%2Fesp32-8B2D54%2Frequests%2Flatest.json (Caused by SSLError(SSLEOFError(8, 'EOF occurred in violation of protocol (_ssl.c:1002)')))

During handling of the above exception, another exception occurred:

Traceback (most recent call last):
  File "G:\1_Personal_File\chessAssistant\gitHub_Code\ChessAssistantCode\cloud\local_oss_ai_worker\worker.py", line 761, in main
    processed = process_one(bucket, args, state, device_id)
                ^^^^^^^^^^^^^^^^^^^^^^^^^^^^^^^^^^^^^^^^^^^
  File "G:\1_Personal_File\chessAssistant\gitHub_Code\ChessAssistantCode\cloud\local_oss_ai_worker\worker.py", line 644, in process_one
    manifest_key, manifest = read_manifest(bucket, device_id)
                             ^^^^^^^^^^^^^^^^^^^^^^^^^^^^^^^^
  File "G:\1_Personal_File\chessAssistant\gitHub_Code\ChessAssistantCode\cloud\local_oss_ai_worker\worker.py", line 597, in read_manifest
    body = bucket.get_object(manifest_key).read()
           ^^^^^^^^^^^^^^^^^^^^^^^^^^^^^^^
  File "G:\1_Personal_File\chessAssistant\gitHub_Code\ChessAssistantCode\cloud\local_oss_ai_worker\.venv\Lib\site-packages\oss2\api.py", line 1023, in get_object
    resp = self.__do_object('GET', key, headers=headers, params=params)
           ^^^^^^^^^^^^^^^^^^^^^^^^^^^^^^^^^^^^^^^^^^^^^^^^^^^^^^^^^^^^
  File "G:\1_Personal_File\chessAssistant\gitHub_Code\ChessAssistantCode\cloud\local_oss_ai_worker\.venv\Lib\site-packages\oss2\api.py", line 3392, in __do_object
    return self._do(method, self.bucket_name, key, **kwargs)
           ^^^^^^^^^^^^^^^^^^^^^^^^^^^^^^^^^^^^^^^^^^^^^^^^^
  File "G:\1_Personal_File\chessAssistant\gitHub_Code\ChessAssistantCode\cloud\local_oss_ai_worker\.venv\Lib\site-packages\oss2\api.py", line 237, in _do
    resp = self.session.do_request(req, timeout=self.timeout)
           ^^^^^^^^^^^^^^^^^^^^^^^^^^^^^^^^^^^^^^^^^^^^^^^^^^
  File "G:\1_Personal_File\chessAssistant\gitHub_Code\ChessAssistantCode\cloud\local_oss_ai_worker\.venv\Lib\site-packages\oss2\http.py", line 55, in do_request
    raise RequestError(e)
oss2.exceptions.RequestError: {'status': -2, 'x-oss-request-id': '', 'details': "RequestError: HTTPSConnectionPool(host='esp32-chess-assistant.oss-cn-hangzhou.aliyuncs.com', port=443): Max retries exceeded with url: /devices%2Fesp32-8B2D54%2Frequests%2Flatest.json (Caused by SSLError(SSLEOFError(8, 'EOF occurred in violation of protocol (_ssl.c:1002)')))"}
2026-07-15 23:39:25,688 ERROR oss_ai_worker: Worker iteration failed for device_id=esp32-C3F8D0
urllib3.exceptions.SSLError: EOF occurred in violation of protocol (_ssl.c:1002)

The above exception was the direct cause of the following exception:

Traceback (most recent call last):
  File "G:\1_Personal_File\chessAssistant\gitHub_Code\ChessAssistantCode\cloud\local_oss_ai_worker\.venv\Lib\site-packages\requests\adapters.py", line 696, in send
    resp = conn.urlopen(
           ^^^^^^^^^^^^^
  File "G:\1_Personal_File\chessAssistant\gitHub_Code\ChessAssistantCode\cloud\local_oss_ai_worker\.venv\Lib\site-packages\urllib3\connectionpool.py", line 842, in urlopen
    retries = retries.increment(
              ^^^^^^^^^^^^^^^^^^
  File "G:\1_Personal_File\chessAssistant\gitHub_Code\ChessAssistantCode\cloud\local_oss_ai_worker\.venv\Lib\site-packages\urllib3\util\retry.py", line 543, in increment
    raise MaxRetryError(_pool, url, reason) from reason  # type: ignore[arg-type]
    ^^^^^^^^^^^^^^^^^^^^^^^^^^^^^^^^^^^^^^^^^^^^^^^^^^^
urllib3.exceptions.MaxRetryError: HTTPSConnectionPool(host='esp32-chess-assistant.oss-cn-hangzhou.aliyuncs.com', port=443): Max retries exceeded with url: /devices%2Fesp32-C3F8D0%2Frequests%2Flatest.json (Caused by SSLError(SSLEOFError(8, 'EOF occurred in violation of protocol (_ssl.c:1002)')))

During handling of the above exception, another exception occurred:

Traceback (most recent call last):
  File "G:\1_Personal_File\chessAssistant\gitHub_Code\ChessAssistantCode\cloud\local_oss_ai_worker\.venv\Lib\site-packages\oss2\http.py", line 47, in do_request
    return Response(self.session.request(req.method, req.url,
                    ^^^^^^^^^^^^^^^^^^^^^^^^^^^^^^^^^^^^^^^^^
  File "G:\1_Personal_File\chessAssistant\gitHub_Code\ChessAssistantCode\cloud\local_oss_ai_worker\.venv\Lib\site-packages\requests\sessions.py", line 651, in request
    resp = self.send(prep, **send_kwargs)
           ^^^^^^^^^^^^^^^^^^^^^^^^^^^^^^
  File "G:\1_Personal_File\chessAssistant\gitHub_Code\ChessAssistantCode\cloud\local_oss_ai_worker\.venv\Lib\site-packages\requests\sessions.py", line 784, in send
    r = adapter.send(request, **kwargs)
        ^^^^^^^^^^^^^^^^^^^^^^^^^^^^^^^
  File "G:\1_Personal_File\chessAssistant\gitHub_Code\ChessAssistantCode\cloud\local_oss_ai_worker\.venv\Lib\site-packages\requests\adapters.py", line 727, in send
    raise SSLError(e, request=request)
requests.exceptions.SSLError: HTTPSConnectionPool(host='esp32-chess-assistant.oss-cn-hangzhou.aliyuncs.com', port=443): Max retries exceeded with url: /devices%2Fesp32-C3F8D0%2Frequests%2Flatest.json (Caused by SSLError(SSLEOFError(8, 'EOF occurred in violation of protocol (_ssl.c:1002)')))

During handling of the above exception, another exception occurred:

Traceback (most recent call last):
  File "G:\1_Personal_File\chessAssistant\gitHub_Code\ChessAssistantCode\cloud\local_oss_ai_worker\worker.py", line 761, in main
    processed = process_one(bucket, args, state, device_id)
                ^^^^^^^^^^^^^^^^^^^^^^^^^^^^^^^^^^^^^^^^^^^
  File "G:\1_Personal_File\chessAssistant\gitHub_Code\ChessAssistantCode\cloud\local_oss_ai_worker\worker.py", line 644, in process_one
    manifest_key, manifest = read_manifest(bucket, device_id)
                             ^^^^^^^^^^^^^^^^^^^^^^^^^^^^^^^^
  File "G:\1_Personal_File\chessAssistant\gitHub_Code\ChessAssistantCode\cloud\local_oss_ai_worker\worker.py", line 597, in read_manifest
    body = bucket.get_object(manifest_key).read()
           ^^^^^^^^^^^^^^^^^^^^^^^^^^^^^^^
  File "G:\1_Personal_File\chessAssistant\gitHub_Code\ChessAssistantCode\cloud\local_oss_ai_worker\.venv\Lib\site-packages\oss2\api.py", line 1023, in get_object
    resp = self.__do_object('GET', key, headers=headers, params=params)
           ^^^^^^^^^^^^^^^^^^^^^^^^^^^^^^^^^^^^^^^^^^^^^^^^^^^^^^^^^^^^
  File "G:\1_Personal_File\chessAssistant\gitHub_Code\ChessAssistantCode\cloud\local_oss_ai_worker\.venv\Lib\site-packages\oss2\api.py", line 3392, in __do_object
    return self._do(method, self.bucket_name, key, **kwargs)
           ^^^^^^^^^^^^^^^^^^^^^^^^^^^^^^^^^^^^^^^^^^^^^^^^^
  File "G:\1_Personal_File\chessAssistant\gitHub_Code\ChessAssistantCode\cloud\local_oss_ai_worker\.venv\Lib\site-packages\oss2\api.py", line 237, in _do
    resp = self.session.do_request(req, timeout=self.timeout)
           ^^^^^^^^^^^^^^^^^^^^^^^^^^^^^^^^^^^^^^^^^^^^^^^^^^
  File "G:\1_Personal_File\chessAssistant\gitHub_Code\ChessAssistantCode\cloud\local_oss_ai_worker\.venv\Lib\site-packages\oss2\http.py", line 55, in do_request
    raise RequestError(e)
oss2.exceptions.RequestError: {'status': -2, 'x-oss-request-id': '', 'details': "RequestError: HTTPSConnectionPool(host='esp32-chess-assistant.oss-cn-hangzhou.aliyuncs.com', port=443): Max retries exceeded with url: /devices%2Fesp32-C3F8D0%2Frequests%2Flatest.json (Caused by SSLError(SSLEOFError(8, 'EOF occurred in violation of protocol (_ssl.c:1002)')))"}
2026-07-15 23:39:26,825 ERROR oss_ai_worker: Worker iteration failed for device_id=chess-441BF6C3F8D0
urllib3.exceptions.SSLError: EOF occurred in violation of protocol (_ssl.c:1002)

The above exception was the direct cause of the following exception:

Traceback (most recent call last):
  File "G:\1_Personal_File\chessAssistant\gitHub_Code\ChessAssistantCode\cloud\local_oss_ai_worker\.venv\Lib\site-packages\requests\adapters.py", line 696, in send
    resp = conn.urlopen(
           ^^^^^^^^^^^^^
  File "G:\1_Personal_File\chessAssistant\gitHub_Code\ChessAssistantCode\cloud\local_oss_ai_worker\.venv\Lib\site-packages\urllib3\connectionpool.py", line 842, in urlopen
    retries = retries.increment(
              ^^^^^^^^^^^^^^^^^^
  File "G:\1_Personal_File\chessAssistant\gitHub_Code\ChessAssistantCode\cloud\local_oss_ai_worker\.venv\Lib\site-packages\urllib3\util\retry.py", line 543, in increment
    raise MaxRetryError(_pool, url, reason) from reason  # type: ignore[arg-type]
    ^^^^^^^^^^^^^^^^^^^^^^^^^^^^^^^^^^^^^^^^^^^^^^^^^^^
urllib3.exceptions.MaxRetryError: HTTPSConnectionPool(host='esp32-chess-assistant.oss-cn-hangzhou.aliyuncs.com', port=443): Max retries exceeded with url: /devices%2Fchess-441BF6C3F8D0%2Frequests%2Flatest.json (Caused by SSLError(SSLEOFError(8, 'EOF occurred in violation of protocol (_ssl.c:1002)')))

During handling of the above exception, another exception occurred:

Traceback (most recent call last):
  File "G:\1_Personal_File\chessAssistant\gitHub_Code\ChessAssistantCode\cloud\local_oss_ai_worker\.venv\Lib\site-packages\oss2\http.py", line 47, in do_request
    return Response(self.session.request(req.method, req.url,
                    ^^^^^^^^^^^^^^^^^^^^^^^^^^^^^^^^^^^^^^^^^
  File "G:\1_Personal_File\chessAssistant\gitHub_Code\ChessAssistantCode\cloud\local_oss_ai_worker\.venv\Lib\site-packages\requests\sessions.py", line 651, in request
    resp = self.send(prep, **send_kwargs)
           ^^^^^^^^^^^^^^^^^^^^^^^^^^^^^^
  File "G:\1_Personal_File\chessAssistant\gitHub_Code\ChessAssistantCode\cloud\local_oss_ai_worker\.venv\Lib\site-packages\requests\sessions.py", line 784, in send
    r = adapter.send(request, **kwargs)
        ^^^^^^^^^^^^^^^^^^^^^^^^^^^^^^^
  File "G:\1_Personal_File\chessAssistant\gitHub_Code\ChessAssistantCode\cloud\local_oss_ai_worker\.venv\Lib\site-packages\requests\adapters.py", line 727, in send
    raise SSLError(e, request=request)
requests.exceptions.SSLError: HTTPSConnectionPool(host='esp32-chess-assistant.oss-cn-hangzhou.aliyuncs.com', port=443): Max retries exceeded with url: /devices%2Fchess-441BF6C3F8D0%2Frequests%2Flatest.json (Caused by SSLError(SSLEOFError(8, 'EOF occurred in violation of protocol (_ssl.c:1002)')))

During handling of the above exception, another exception occurred:

Traceback (most recent call last):
  File "G:\1_Personal_File\chessAssistant\gitHub_Code\ChessAssistantCode\cloud\local_oss_ai_worker\worker.py", line 761, in main
    processed = process_one(bucket, args, state, device_id)
                ^^^^^^^^^^^^^^^^^^^^^^^^^^^^^^^^^^^^^^^^^^^
  File "G:\1_Personal_File\chessAssistant\gitHub_Code\ChessAssistantCode\cloud\local_oss_ai_worker\worker.py", line 644, in process_one
    manifest_key, manifest = read_manifest(bucket, device_id)
                             ^^^^^^^^^^^^^^^^^^^^^^^^^^^^^^^^
  File "G:\1_Personal_File\chessAssistant\gitHub_Code\ChessAssistantCode\cloud\local_oss_ai_worker\worker.py", line 597, in read_manifest
    body = bucket.get_object(manifest_key).read()
           ^^^^^^^^^^^^^^^^^^^^^^^^^^^^^^^
  File "G:\1_Personal_File\chessAssistant\gitHub_Code\ChessAssistantCode\cloud\local_oss_ai_worker\.venv\Lib\site-packages\oss2\api.py", line 1023, in get_object
    resp = self.__do_object('GET', key, headers=headers, params=params)
           ^^^^^^^^^^^^^^^^^^^^^^^^^^^^^^^^^^^^^^^^^^^^^^^^^^^^^^^^^^^^
  File "G:\1_Personal_File\chessAssistant\gitHub_Code\ChessAssistantCode\cloud\local_oss_ai_worker\.venv\Lib\site-packages\oss2\api.py", line 3392, in __do_object
    return self._do(method, self.bucket_name, key, **kwargs)
           ^^^^^^^^^^^^^^^^^^^^^^^^^^^^^^^^^^^^^^^^^^^^^^^^^
  File "G:\1_Personal_File\chessAssistant\gitHub_Code\ChessAssistantCode\cloud\local_oss_ai_worker\.venv\Lib\site-packages\oss2\api.py", line 237, in _do
    resp = self.session.do_request(req, timeout=self.timeout)
           ^^^^^^^^^^^^^^^^^^^^^^^^^^^^^^^^^^^^^^^^^^^^^^^^^^
  File "G:\1_Personal_File\chessAssistant\gitHub_Code\ChessAssistantCode\cloud\local_oss_ai_worker\.venv\Lib\site-packages\oss2\http.py", line 55, in do_request
    raise RequestError(e)
oss2.exceptions.RequestError: {'status': -2, 'x-oss-request-id': '', 'details': "RequestError: HTTPSConnectionPool(host='esp32-chess-assistant.oss-cn-hangzhou.aliyuncs.com', port=443): Max retries exceeded with url: /devices%2Fchess-441BF6C3F8D0%2Frequests%2Flatest.json (Caused by SSLError(SSLEOFError(8, 'EOF occurred in violation of protocol (_ssl.c:1002)')))"}
2026-07-15 23:39:26,964 ERROR oss_ai_worker: Worker iteration failed for device_id=esp32-8B2D54
urllib3.exceptions.SSLError: EOF occurred in violation of protocol (_ssl.c:1002)

The above exception was the direct cause of the following exception:

Traceback (most recent call last):
  File "G:\1_Personal_File\chessAssistant\gitHub_Code\ChessAssistantCode\cloud\local_oss_ai_worker\.venv\Lib\site-packages\requests\adapters.py", line 696, in send
    resp = conn.urlopen(
           ^^^^^^^^^^^^^
  File "G:\1_Personal_File\chessAssistant\gitHub_Code\ChessAssistantCode\cloud\local_oss_ai_worker\.venv\Lib\site-packages\urllib3\connectionpool.py", line 842, in urlopen
    retries = retries.increment(
              ^^^^^^^^^^^^^^^^^^
  File "G:\1_Personal_File\chessAssistant\gitHub_Code\ChessAssistantCode\cloud\local_oss_ai_worker\.venv\Lib\site-packages\urllib3\util\retry.py", line 543, in increment
    raise MaxRetryError(_pool, url, reason) from reason  # type: ignore[arg-type]
    ^^^^^^^^^^^^^^^^^^^^^^^^^^^^^^^^^^^^^^^^^^^^^^^^^^^
urllib3.exceptions.MaxRetryError: HTTPSConnectionPool(host='esp32-chess-assistant.oss-cn-hangzhou.aliyuncs.com', port=443): Max retries exceeded with url: /devices%2Fesp32-8B2D54%2Frequests%2Flatest.json (Caused by SSLError(SSLEOFError(8, 'EOF occurred in violation of protocol (_ssl.c:1002)')))

During handling of the above exception, another exception occurred:

Traceback (most recent call last):
  File "G:\1_Personal_File\chessAssistant\gitHub_Code\ChessAssistantCode\cloud\local_oss_ai_worker\.venv\Lib\site-packages\oss2\http.py", line 47, in do_request
    return Response(self.session.request(req.method, req.url,
                    ^^^^^^^^^^^^^^^^^^^^^^^^^^^^^^^^^^^^^^^^^
  File "G:\1_Personal_File\chessAssistant\gitHub_Code\ChessAssistantCode\cloud\local_oss_ai_worker\.venv\Lib\site-packages\requests\sessions.py", line 651, in request
    resp = self.send(prep, **send_kwargs)
           ^^^^^^^^^^^^^^^^^^^^^^^^^^^^^^
  File "G:\1_Personal_File\chessAssistant\gitHub_Code\ChessAssistantCode\cloud\local_oss_ai_worker\.venv\Lib\site-packages\requests\sessions.py", line 784, in send
    r = adapter.send(request, **kwargs)
        ^^^^^^^^^^^^^^^^^^^^^^^^^^^^^^^
  File "G:\1_Personal_File\chessAssistant\gitHub_Code\ChessAssistantCode\cloud\local_oss_ai_worker\.venv\Lib\site-packages\requests\adapters.py", line 727, in send
    raise SSLError(e, request=request)
requests.exceptions.SSLError: HTTPSConnectionPool(host='esp32-chess-assistant.oss-cn-hangzhou.aliyuncs.com', port=443): Max retries exceeded with url: /devices%2Fesp32-8B2D54%2Frequests%2Flatest.json (Caused by SSLError(SSLEOFError(8, 'EOF occurred in violation of protocol (_ssl.c:1002)')))

During handling of the above exception, another exception occurred:

Traceback (most recent call last):
  File "G:\1_Personal_File\chessAssistant\gitHub_Code\ChessAssistantCode\cloud\local_oss_ai_worker\worker.py", line 761, in main
    processed = process_one(bucket, args, state, device_id)
                ^^^^^^^^^^^^^^^^^^^^^^^^^^^^^^^^^^^^^^^^^^^
  File "G:\1_Personal_File\chessAssistant\gitHub_Code\ChessAssistantCode\cloud\local_oss_ai_worker\worker.py", line 644, in process_one
    manifest_key, manifest = read_manifest(bucket, device_id)
                             ^^^^^^^^^^^^^^^^^^^^^^^^^^^^^^^^
  File "G:\1_Personal_File\chessAssistant\gitHub_Code\ChessAssistantCode\cloud\local_oss_ai_worker\worker.py", line 597, in read_manifest
    body = bucket.get_object(manifest_key).read()
           ^^^^^^^^^^^^^^^^^^^^^^^^^^^^^^^
  File "G:\1_Personal_File\chessAssistant\gitHub_Code\ChessAssistantCode\cloud\local_oss_ai_worker\.venv\Lib\site-packages\oss2\api.py", line 1023, in get_object
    resp = self.__do_object('GET', key, headers=headers, params=params)
           ^^^^^^^^^^^^^^^^^^^^^^^^^^^^^^^^^^^^^^^^^^^^^^^^^^^^^^^^^^^^
  File "G:\1_Personal_File\chessAssistant\gitHub_Code\ChessAssistantCode\cloud\local_oss_ai_worker\.venv\Lib\site-packages\oss2\api.py", line 3392, in __do_object
    return self._do(method, self.bucket_name, key, **kwargs)
           ^^^^^^^^^^^^^^^^^^^^^^^^^^^^^^^^^^^^^^^^^^^^^^^^^
  File "G:\1_Personal_File\chessAssistant\gitHub_Code\ChessAssistantCode\cloud\local_oss_ai_worker\.venv\Lib\site-packages\oss2\api.py", line 237, in _do
    resp = self.session.do_request(req, timeout=self.timeout)
           ^^^^^^^^^^^^^^^^^^^^^^^^^^^^^^^^^^^^^^^^^^^^^^^^^^
  File "G:\1_Personal_File\chessAssistant\gitHub_Code\ChessAssistantCode\cloud\local_oss_ai_worker\.venv\Lib\site-packages\oss2\http.py", line 55, in do_request
    raise RequestError(e)
oss2.exceptions.RequestError: {'status': -2, 'x-oss-request-id': '', 'details': "RequestError: HTTPSConnectionPool(host='esp32-chess-assistant.oss-cn-hangzhou.aliyuncs.com', port=443): Max retries exceeded with url: /devices%2Fesp32-8B2D54%2Frequests%2Flatest.json (Caused by SSLError(SSLEOFError(8, 'EOF occurred in violation of protocol (_ssl.c:1002)')))"}
2026-07-15 23:39:27,105 ERROR oss_ai_worker: Worker iteration failed for device_id=esp32-C3F8D0
urllib3.exceptions.SSLError: EOF occurred in violation of protocol (_ssl.c:1002)

The above exception was the direct cause of the following exception:

Traceback (most recent call last):
  File "G:\1_Personal_File\chessAssistant\gitHub_Code\ChessAssistantCode\cloud\local_oss_ai_worker\.venv\Lib\site-packages\requests\adapters.py", line 696, in send
    resp = conn.urlopen(
           ^^^^^^^^^^^^^
  File "G:\1_Personal_File\chessAssistant\gitHub_Code\ChessAssistantCode\cloud\local_oss_ai_worker\.venv\Lib\site-packages\urllib3\connectionpool.py", line 842, in urlopen
    retries = retries.increment(
              ^^^^^^^^^^^^^^^^^^
  File "G:\1_Personal_File\chessAssistant\gitHub_Code\ChessAssistantCode\cloud\local_oss_ai_worker\.venv\Lib\site-packages\urllib3\util\retry.py", line 543, in increment
    raise MaxRetryError(_pool, url, reason) from reason  # type: ignore[arg-type]
    ^^^^^^^^^^^^^^^^^^^^^^^^^^^^^^^^^^^^^^^^^^^^^^^^^^^
urllib3.exceptions.MaxRetryError: HTTPSConnectionPool(host='esp32-chess-assistant.oss-cn-hangzhou.aliyuncs.com', port=443): Max retries exceeded with url: /devices%2Fesp32-C3F8D0%2Frequests%2Flatest.json (Caused by SSLError(SSLEOFError(8, 'EOF occurred in violation of protocol (_ssl.c:1002)')))

During handling of the above exception, another exception occurred:

Traceback (most recent call last):
  File "G:\1_Personal_File\chessAssistant\gitHub_Code\ChessAssistantCode\cloud\local_oss_ai_worker\.venv\Lib\site-packages\oss2\http.py", line 47, in do_request
    return Response(self.session.request(req.method, req.url,
                    ^^^^^^^^^^^^^^^^^^^^^^^^^^^^^^^^^^^^^^^^^
  File "G:\1_Personal_File\chessAssistant\gitHub_Code\ChessAssistantCode\cloud\local_oss_ai_worker\.venv\Lib\site-packages\requests\sessions.py", line 651, in request
    resp = self.send(prep, **send_kwargs)
           ^^^^^^^^^^^^^^^^^^^^^^^^^^^^^^
  File "G:\1_Personal_File\chessAssistant\gitHub_Code\ChessAssistantCode\cloud\local_oss_ai_worker\.venv\Lib\site-packages\requests\sessions.py", line 784, in send
    r = adapter.send(request, **kwargs)
        ^^^^^^^^^^^^^^^^^^^^^^^^^^^^^^^
  File "G:\1_Personal_File\chessAssistant\gitHub_Code\ChessAssistantCode\cloud\local_oss_ai_worker\.venv\Lib\site-packages\requests\adapters.py", line 727, in send
    raise SSLError(e, request=request)
requests.exceptions.SSLError: HTTPSConnectionPool(host='esp32-chess-assistant.oss-cn-hangzhou.aliyuncs.com', port=443): Max retries exceeded with url: /devices%2Fesp32-C3F8D0%2Frequests%2Flatest.json (Caused by SSLError(SSLEOFError(8, 'EOF occurred in violation of protocol (_ssl.c:1002)')))

During handling of the above exception, another exception occurred:

Traceback (most recent call last):
  File "G:\1_Personal_File\chessAssistant\gitHub_Code\ChessAssistantCode\cloud\local_oss_ai_worker\worker.py", line 761, in main
    processed = process_one(bucket, args, state, device_id)
                ^^^^^^^^^^^^^^^^^^^^^^^^^^^^^^^^^^^^^^^^^^^
  File "G:\1_Personal_File\chessAssistant\gitHub_Code\ChessAssistantCode\cloud\local_oss_ai_worker\worker.py", line 644, in process_one
    manifest_key, manifest = read_manifest(bucket, device_id)
                             ^^^^^^^^^^^^^^^^^^^^^^^^^^^^^^^^
  File "G:\1_Personal_File\chessAssistant\gitHub_Code\ChessAssistantCode\cloud\local_oss_ai_worker\worker.py", line 597, in read_manifest
    body = bucket.get_object(manifest_key).read()
           ^^^^^^^^^^^^^^^^^^^^^^^^^^^^^^^
  File "G:\1_Personal_File\chessAssistant\gitHub_Code\ChessAssistantCode\cloud\local_oss_ai_worker\.venv\Lib\site-packages\oss2\api.py", line 1023, in get_object
    resp = self.__do_object('GET', key, headers=headers, params=params)
           ^^^^^^^^^^^^^^^^^^^^^^^^^^^^^^^^^^^^^^^^^^^^^^^^^^^^^^^^^^^^
  File "G:\1_Personal_File\chessAssistant\gitHub_Code\ChessAssistantCode\cloud\local_oss_ai_worker\.venv\Lib\site-packages\oss2\api.py", line 3392, in __do_object
    return self._do(method, self.bucket_name, key, **kwargs)
           ^^^^^^^^^^^^^^^^^^^^^^^^^^^^^^^^^^^^^^^^^^^^^^^^^
  File "G:\1_Personal_File\chessAssistant\gitHub_Code\ChessAssistantCode\cloud\local_oss_ai_worker\.venv\Lib\site-packages\oss2\api.py", line 237, in _do
    resp = self.session.do_request(req, timeout=self.timeout)
           ^^^^^^^^^^^^^^^^^^^^^^^^^^^^^^^^^^^^^^^^^^^^^^^^^^
  File "G:\1_Personal_File\chessAssistant\gitHub_Code\ChessAssistantCode\cloud\local_oss_ai_worker\.venv\Lib\site-packages\oss2\http.py", line 55, in do_request
    raise RequestError(e)
oss2.exceptions.RequestError: {'status': -2, 'x-oss-request-id': '', 'details': "RequestError: HTTPSConnectionPool(host='esp32-chess-assistant.oss-cn-hangzhou.aliyuncs.com', port=443): Max retries exceeded with url: /devices%2Fesp32-C3F8D0%2Frequests%2Flatest.json (Caused by SSLError(SSLEOFError(8, 'EOF occurred in violation of protocol (_ssl.c:1002)')))"}
2026-07-15 23:39:28,232 ERROR oss_ai_worker: Worker iteration failed for device_id=chess-441BF6C3F8D0
urllib3.exceptions.SSLError: EOF occurred in violation of protocol (_ssl.c:1002)

The above exception was the direct cause of the following exception:

Traceback (most recent call last):
  File "G:\1_Personal_File\chessAssistant\gitHub_Code\ChessAssistantCode\cloud\local_oss_ai_worker\.venv\Lib\site-packages\requests\adapters.py", line 696, in send
    resp = conn.urlopen(
           ^^^^^^^^^^^^^
  File "G:\1_Personal_File\chessAssistant\gitHub_Code\ChessAssistantCode\cloud\local_oss_ai_worker\.venv\Lib\site-packages\urllib3\connectionpool.py", line 842, in urlopen
    retries = retries.increment(
              ^^^^^^^^^^^^^^^^^^
  File "G:\1_Personal_File\chessAssistant\gitHub_Code\ChessAssistantCode\cloud\local_oss_ai_worker\.venv\Lib\site-packages\urllib3\util\retry.py", line 543, in increment
    raise MaxRetryError(_pool, url, reason) from reason  # type: ignore[arg-type]
    ^^^^^^^^^^^^^^^^^^^^^^^^^^^^^^^^^^^^^^^^^^^^^^^^^^^
urllib3.exceptions.MaxRetryError: HTTPSConnectionPool(host='esp32-chess-assistant.oss-cn-hangzhou.aliyuncs.com', port=443): Max retries exceeded with url: /devices%2Fchess-441BF6C3F8D0%2Frequests%2Flatest.json (Caused by SSLError(SSLEOFError(8, 'EOF occurred in violation of protocol (_ssl.c:1002)')))

During handling of the above exception, another exception occurred:

Traceback (most recent call last):
  File "G:\1_Personal_File\chessAssistant\gitHub_Code\ChessAssistantCode\cloud\local_oss_ai_worker\.venv\Lib\site-packages\oss2\http.py", line 47, in do_request
    return Response(self.session.request(req.method, req.url,
                    ^^^^^^^^^^^^^^^^^^^^^^^^^^^^^^^^^^^^^^^^^
  File "G:\1_Personal_File\chessAssistant\gitHub_Code\ChessAssistantCode\cloud\local_oss_ai_worker\.venv\Lib\site-packages\requests\sessions.py", line 651, in request
    resp = self.send(prep, **send_kwargs)
           ^^^^^^^^^^^^^^^^^^^^^^^^^^^^^^
  File "G:\1_Personal_File\chessAssistant\gitHub_Code\ChessAssistantCode\cloud\local_oss_ai_worker\.venv\Lib\site-packages\requests\sessions.py", line 784, in send
    r = adapter.send(request, **kwargs)
        ^^^^^^^^^^^^^^^^^^^^^^^^^^^^^^^
  File "G:\1_Personal_File\chessAssistant\gitHub_Code\ChessAssistantCode\cloud\local_oss_ai_worker\.venv\Lib\site-packages\requests\adapters.py", line 727, in send
    raise SSLError(e, request=request)
requests.exceptions.SSLError: HTTPSConnectionPool(host='esp32-chess-assistant.oss-cn-hangzhou.aliyuncs.com', port=443): Max retries exceeded with url: /devices%2Fchess-441BF6C3F8D0%2Frequests%2Flatest.json (Caused by SSLError(SSLEOFError(8, 'EOF occurred in violation of protocol (_ssl.c:1002)')))

During handling of the above exception, another exception occurred:

Traceback (most recent call last):
  File "G:\1_Personal_File\chessAssistant\gitHub_Code\ChessAssistantCode\cloud\local_oss_ai_worker\worker.py", line 761, in main
    processed = process_one(bucket, args, state, device_id)
                ^^^^^^^^^^^^^^^^^^^^^^^^^^^^^^^^^^^^^^^^^^^
  File "G:\1_Personal_File\chessAssistant\gitHub_Code\ChessAssistantCode\cloud\local_oss_ai_worker\worker.py", line 644, in process_one
    manifest_key, manifest = read_manifest(bucket, device_id)
                             ^^^^^^^^^^^^^^^^^^^^^^^^^^^^^^^^
  File "G:\1_Personal_File\chessAssistant\gitHub_Code\ChessAssistantCode\cloud\local_oss_ai_worker\worker.py", line 597, in read_manifest
    body = bucket.get_object(manifest_key).read()
           ^^^^^^^^^^^^^^^^^^^^^^^^^^^^^^^
  File "G:\1_Personal_File\chessAssistant\gitHub_Code\ChessAssistantCode\cloud\local_oss_ai_worker\.venv\Lib\site-packages\oss2\api.py", line 1023, in get_object
    resp = self.__do_object('GET', key, headers=headers, params=params)
           ^^^^^^^^^^^^^^^^^^^^^^^^^^^^^^^^^^^^^^^^^^^^^^^^^^^^^^^^^^^^
  File "G:\1_Personal_File\chessAssistant\gitHub_Code\ChessAssistantCode\cloud\local_oss_ai_worker\.venv\Lib\site-packages\oss2\api.py", line 3392, in __do_object
    return self._do(method, self.bucket_name, key, **kwargs)
           ^^^^^^^^^^^^^^^^^^^^^^^^^^^^^^^^^^^^^^^^^^^^^^^^^
  File "G:\1_Personal_File\chessAssistant\gitHub_Code\ChessAssistantCode\cloud\local_oss_ai_worker\.venv\Lib\site-packages\oss2\api.py", line 237, in _do
    resp = self.session.do_request(req, timeout=self.timeout)
           ^^^^^^^^^^^^^^^^^^^^^^^^^^^^^^^^^^^^^^^^^^^^^^^^^^
  File "G:\1_Personal_File\chessAssistant\gitHub_Code\ChessAssistantCode\cloud\local_oss_ai_worker\.venv\Lib\site-packages\oss2\http.py", line 55, in do_request
    raise RequestError(e)
oss2.exceptions.RequestError: {'status': -2, 'x-oss-request-id': '', 'details': "RequestError: HTTPSConnectionPool(host='esp32-chess-assistant.oss-cn-hangzhou.aliyuncs.com', port=443): Max retries exceeded with url: /devices%2Fchess-441BF6C3F8D0%2Frequests%2Flatest.json (Caused by SSLError(SSLEOFError(8, 'EOF occurred in violation of protocol (_ssl.c:1002)')))"}
2026-07-15 23:39:28,441 ERROR oss_ai_worker: Worker iteration failed for device_id=esp32-8B2D54
urllib3.exceptions.SSLError: EOF occurred in violation of protocol (_ssl.c:1002)

The above exception was the direct cause of the following exception:

Traceback (most recent call last):
  File "G:\1_Personal_File\chessAssistant\gitHub_Code\ChessAssistantCode\cloud\local_oss_ai_worker\.venv\Lib\site-packages\requests\adapters.py", line 696, in send
    resp = conn.urlopen(
           ^^^^^^^^^^^^^
  File "G:\1_Personal_File\chessAssistant\gitHub_Code\ChessAssistantCode\cloud\local_oss_ai_worker\.venv\Lib\site-packages\urllib3\connectionpool.py", line 842, in urlopen
    retries = retries.increment(
              ^^^^^^^^^^^^^^^^^^
  File "G:\1_Personal_File\chessAssistant\gitHub_Code\ChessAssistantCode\cloud\local_oss_ai_worker\.venv\Lib\site-packages\urllib3\util\retry.py", line 543, in increment
    raise MaxRetryError(_pool, url, reason) from reason  # type: ignore[arg-type]
    ^^^^^^^^^^^^^^^^^^^^^^^^^^^^^^^^^^^^^^^^^^^^^^^^^^^
urllib3.exceptions.MaxRetryError: HTTPSConnectionPool(host='esp32-chess-assistant.oss-cn-hangzhou.aliyuncs.com', port=443): Max retries exceeded with url: /devices%2Fesp32-8B2D54%2Frequests%2Flatest.json (Caused by SSLError(SSLEOFError(8, 'EOF occurred in violation of protocol (_ssl.c:1002)')))

During handling of the above exception, another exception occurred:

Traceback (most recent call last):
  File "G:\1_Personal_File\chessAssistant\gitHub_Code\ChessAssistantCode\cloud\local_oss_ai_worker\.venv\Lib\site-packages\oss2\http.py", line 47, in do_request
    return Response(self.session.request(req.method, req.url,
                    ^^^^^^^^^^^^^^^^^^^^^^^^^^^^^^^^^^^^^^^^^
  File "G:\1_Personal_File\chessAssistant\gitHub_Code\ChessAssistantCode\cloud\local_oss_ai_worker\.venv\Lib\site-packages\requests\sessions.py", line 651, in request
    resp = self.send(prep, **send_kwargs)
           ^^^^^^^^^^^^^^^^^^^^^^^^^^^^^^
  File "G:\1_Personal_File\chessAssistant\gitHub_Code\ChessAssistantCode\cloud\local_oss_ai_worker\.venv\Lib\site-packages\requests\sessions.py", line 784, in send
    r = adapter.send(request, **kwargs)
        ^^^^^^^^^^^^^^^^^^^^^^^^^^^^^^^
  File "G:\1_Personal_File\chessAssistant\gitHub_Code\ChessAssistantCode\cloud\local_oss_ai_worker\.venv\Lib\site-packages\requests\adapters.py", line 727, in send
    raise SSLError(e, request=request)
requests.exceptions.SSLError: HTTPSConnectionPool(host='esp32-chess-assistant.oss-cn-hangzhou.aliyuncs.com', port=443): Max retries exceeded with url: /devices%2Fesp32-8B2D54%2Frequests%2Flatest.json (Caused by SSLError(SSLEOFError(8, 'EOF occurred in violation of protocol (_ssl.c:1002)')))

During handling of the above exception, another exception occurred:

Traceback (most recent call last):
  File "G:\1_Personal_File\chessAssistant\gitHub_Code\ChessAssistantCode\cloud\local_oss_ai_worker\worker.py", line 761, in main
    processed = process_one(bucket, args, state, device_id)
                ^^^^^^^^^^^^^^^^^^^^^^^^^^^^^^^^^^^^^^^^^^^
  File "G:\1_Personal_File\chessAssistant\gitHub_Code\ChessAssistantCode\cloud\local_oss_ai_worker\worker.py", line 644, in process_one
    manifest_key, manifest = read_manifest(bucket, device_id)
                             ^^^^^^^^^^^^^^^^^^^^^^^^^^^^^^^^
  File "G:\1_Personal_File\chessAssistant\gitHub_Code\ChessAssistantCode\cloud\local_oss_ai_worker\worker.py", line 597, in read_manifest
    body = bucket.get_object(manifest_key).read()
           ^^^^^^^^^^^^^^^^^^^^^^^^^^^^^^^
  File "G:\1_Personal_File\chessAssistant\gitHub_Code\ChessAssistantCode\cloud\local_oss_ai_worker\.venv\Lib\site-packages\oss2\api.py", line 1023, in get_object
    resp = self.__do_object('GET', key, headers=headers, params=params)
           ^^^^^^^^^^^^^^^^^^^^^^^^^^^^^^^^^^^^^^^^^^^^^^^^^^^^^^^^^^^^
  File "G:\1_Personal_File\chessAssistant\gitHub_Code\ChessAssistantCode\cloud\local_oss_ai_worker\.venv\Lib\site-packages\oss2\api.py", line 3392, in __do_object
    return self._do(method, self.bucket_name, key, **kwargs)
           ^^^^^^^^^^^^^^^^^^^^^^^^^^^^^^^^^^^^^^^^^^^^^^^^^
  File "G:\1_Personal_File\chessAssistant\gitHub_Code\ChessAssistantCode\cloud\local_oss_ai_worker\.venv\Lib\site-packages\oss2\api.py", line 237, in _do
    resp = self.session.do_request(req, timeout=self.timeout)
           ^^^^^^^^^^^^^^^^^^^^^^^^^^^^^^^^^^^^^^^^^^^^^^^^^^
  File "G:\1_Personal_File\chessAssistant\gitHub_Code\ChessAssistantCode\cloud\local_oss_ai_worker\.venv\Lib\site-packages\oss2\http.py", line 55, in do_request
    raise RequestError(e)
oss2.exceptions.RequestError: {'status': -2, 'x-oss-request-id': '', 'details': "RequestError: HTTPSConnectionPool(host='esp32-chess-assistant.oss-cn-hangzhou.aliyuncs.com', port=443): Max retries exceeded with url: /devices%2Fesp32-8B2D54%2Frequests%2Flatest.json (Caused by SSLError(SSLEOFError(8, 'EOF occurred in violation of protocol (_ssl.c:1002)')))"}
2026-07-15 23:39:29,632 ERROR oss_ai_worker: Worker iteration failed for device_id=esp32-C3F8D0
urllib3.exceptions.SSLError: EOF occurred in violation of protocol (_ssl.c:1002)

The above exception was the direct cause of the following exception:

Traceback (most recent call last):
  File "G:\1_Personal_File\chessAssistant\gitHub_Code\ChessAssistantCode\cloud\local_oss_ai_worker\.venv\Lib\site-packages\requests\adapters.py", line 696, in send
    resp = conn.urlopen(
           ^^^^^^^^^^^^^
  File "G:\1_Personal_File\chessAssistant\gitHub_Code\ChessAssistantCode\cloud\local_oss_ai_worker\.venv\Lib\site-packages\urllib3\connectionpool.py", line 842, in urlopen
    retries = retries.increment(
              ^^^^^^^^^^^^^^^^^^
  File "G:\1_Personal_File\chessAssistant\gitHub_Code\ChessAssistantCode\cloud\local_oss_ai_worker\.venv\Lib\site-packages\urllib3\util\retry.py", line 543, in increment
    raise MaxRetryError(_pool, url, reason) from reason  # type: ignore[arg-type]
    ^^^^^^^^^^^^^^^^^^^^^^^^^^^^^^^^^^^^^^^^^^^^^^^^^^^
urllib3.exceptions.MaxRetryError: HTTPSConnectionPool(host='esp32-chess-assistant.oss-cn-hangzhou.aliyuncs.com', port=443): Max retries exceeded with url: /devices%2Fesp32-C3F8D0%2Frequests%2Flatest.json (Caused by SSLError(SSLEOFError(8, 'EOF occurred in violation of protocol (_ssl.c:1002)')))

During handling of the above exception, another exception occurred:

Traceback (most recent call last):
  File "G:\1_Personal_File\chessAssistant\gitHub_Code\ChessAssistantCode\cloud\local_oss_ai_worker\.venv\Lib\site-packages\oss2\http.py", line 47, in do_request
    return Response(self.session.request(req.method, req.url,
                    ^^^^^^^^^^^^^^^^^^^^^^^^^^^^^^^^^^^^^^^^^
  File "G:\1_Personal_File\chessAssistant\gitHub_Code\ChessAssistantCode\cloud\local_oss_ai_worker\.venv\Lib\site-packages\requests\sessions.py", line 651, in request
    resp = self.send(prep, **send_kwargs)
           ^^^^^^^^^^^^^^^^^^^^^^^^^^^^^^
  File "G:\1_Personal_File\chessAssistant\gitHub_Code\ChessAssistantCode\cloud\local_oss_ai_worker\.venv\Lib\site-packages\requests\sessions.py", line 784, in send
    r = adapter.send(request, **kwargs)
        ^^^^^^^^^^^^^^^^^^^^^^^^^^^^^^^
  File "G:\1_Personal_File\chessAssistant\gitHub_Code\ChessAssistantCode\cloud\local_oss_ai_worker\.venv\Lib\site-packages\requests\adapters.py", line 727, in send
    raise SSLError(e, request=request)
requests.exceptions.SSLError: HTTPSConnectionPool(host='esp32-chess-assistant.oss-cn-hangzhou.aliyuncs.com', port=443): Max retries exceeded with url: /devices%2Fesp32-C3F8D0%2Frequests%2Flatest.json (Caused by SSLError(SSLEOFError(8, 'EOF occurred in violation of protocol (_ssl.c:1002)')))

During handling of the above exception, another exception occurred:

Traceback (most recent call last):
  File "G:\1_Personal_File\chessAssistant\gitHub_Code\ChessAssistantCode\cloud\local_oss_ai_worker\worker.py", line 761, in main
    processed = process_one(bucket, args, state, device_id)
                ^^^^^^^^^^^^^^^^^^^^^^^^^^^^^^^^^^^^^^^^^^^
  File "G:\1_Personal_File\chessAssistant\gitHub_Code\ChessAssistantCode\cloud\local_oss_ai_worker\worker.py", line 644, in process_one
    manifest_key, manifest = read_manifest(bucket, device_id)
                             ^^^^^^^^^^^^^^^^^^^^^^^^^^^^^^^^
  File "G:\1_Personal_File\chessAssistant\gitHub_Code\ChessAssistantCode\cloud\local_oss_ai_worker\worker.py", line 597, in read_manifest
    body = bucket.get_object(manifest_key).read()
           ^^^^^^^^^^^^^^^^^^^^^^^^^^^^^^^
  File "G:\1_Personal_File\chessAssistant\gitHub_Code\ChessAssistantCode\cloud\local_oss_ai_worker\.venv\Lib\site-packages\oss2\api.py", line 1023, in get_object
    resp = self.__do_object('GET', key, headers=headers, params=params)
           ^^^^^^^^^^^^^^^^^^^^^^^^^^^^^^^^^^^^^^^^^^^^^^^^^^^^^^^^^^^^
  File "G:\1_Personal_File\chessAssistant\gitHub_Code\ChessAssistantCode\cloud\local_oss_ai_worker\.venv\Lib\site-packages\oss2\api.py", line 3392, in __do_object
    return self._do(method, self.bucket_name, key, **kwargs)
           ^^^^^^^^^^^^^^^^^^^^^^^^^^^^^^^^^^^^^^^^^^^^^^^^^
  File "G:\1_Personal_File\chessAssistant\gitHub_Code\ChessAssistantCode\cloud\local_oss_ai_worker\.venv\Lib\site-packages\oss2\api.py", line 237, in _do
    resp = self.session.do_request(req, timeout=self.timeout)
           ^^^^^^^^^^^^^^^^^^^^^^^^^^^^^^^^^^^^^^^^^^^^^^^^^^
  File "G:\1_Personal_File\chessAssistant\gitHub_Code\ChessAssistantCode\cloud\local_oss_ai_worker\.venv\Lib\site-packages\oss2\http.py", line 55, in do_request
    raise RequestError(e)
oss2.exceptions.RequestError: {'status': -2, 'x-oss-request-id': '', 'details': "RequestError: HTTPSConnectionPool(host='esp32-chess-assistant.oss-cn-hangzhou.aliyuncs.com', port=443): Max retries exceeded with url: /devices%2Fesp32-C3F8D0%2Frequests%2Flatest.json (Caused by SSLError(SSLEOFError(8, 'EOF occurred in violation of protocol (_ssl.c:1002)')))"}
2026-07-15 23:39:30,761 ERROR oss_ai_worker: Worker iteration failed for device_id=chess-441BF6C3F8D0
urllib3.exceptions.SSLError: EOF occurred in violation of protocol (_ssl.c:1002)

The above exception was the direct cause of the following exception:

Traceback (most recent call last):
  File "G:\1_Personal_File\chessAssistant\gitHub_Code\ChessAssistantCode\cloud\local_oss_ai_worker\.venv\Lib\site-packages\requests\adapters.py", line 696, in send
    resp = conn.urlopen(
           ^^^^^^^^^^^^^
  File "G:\1_Personal_File\chessAssistant\gitHub_Code\ChessAssistantCode\cloud\local_oss_ai_worker\.venv\Lib\site-packages\urllib3\connectionpool.py", line 842, in urlopen
    retries = retries.increment(
              ^^^^^^^^^^^^^^^^^^
  File "G:\1_Personal_File\chessAssistant\gitHub_Code\ChessAssistantCode\cloud\local_oss_ai_worker\.venv\Lib\site-packages\urllib3\util\retry.py", line 543, in increment
    raise MaxRetryError(_pool, url, reason) from reason  # type: ignore[arg-type]
    ^^^^^^^^^^^^^^^^^^^^^^^^^^^^^^^^^^^^^^^^^^^^^^^^^^^
urllib3.exceptions.MaxRetryError: HTTPSConnectionPool(host='esp32-chess-assistant.oss-cn-hangzhou.aliyuncs.com', port=443): Max retries exceeded with url: /devices%2Fchess-441BF6C3F8D0%2Frequests%2Flatest.json (Caused by SSLError(SSLEOFError(8, 'EOF occurred in violation of protocol (_ssl.c:1002)')))

During handling of the above exception, another exception occurred:

Traceback (most recent call last):
  File "G:\1_Personal_File\chessAssistant\gitHub_Code\ChessAssistantCode\cloud\local_oss_ai_worker\.venv\Lib\site-packages\oss2\http.py", line 47, in do_request
    return Response(self.session.request(req.method, req.url,
                    ^^^^^^^^^^^^^^^^^^^^^^^^^^^^^^^^^^^^^^^^^
  File "G:\1_Personal_File\chessAssistant\gitHub_Code\ChessAssistantCode\cloud\local_oss_ai_worker\.venv\Lib\site-packages\requests\sessions.py", line 651, in request
    resp = self.send(prep, **send_kwargs)
           ^^^^^^^^^^^^^^^^^^^^^^^^^^^^^^
  File "G:\1_Personal_File\chessAssistant\gitHub_Code\ChessAssistantCode\cloud\local_oss_ai_worker\.venv\Lib\site-packages\requests\sessions.py", line 784, in send
    r = adapter.send(request, **kwargs)
        ^^^^^^^^^^^^^^^^^^^^^^^^^^^^^^^
  File "G:\1_Personal_File\chessAssistant\gitHub_Code\ChessAssistantCode\cloud\local_oss_ai_worker\.venv\Lib\site-packages\requests\adapters.py", line 727, in send
    raise SSLError(e, request=request)
requests.exceptions.SSLError: HTTPSConnectionPool(host='esp32-chess-assistant.oss-cn-hangzhou.aliyuncs.com', port=443): Max retries exceeded with url: /devices%2Fchess-441BF6C3F8D0%2Frequests%2Flatest.json (Caused by SSLError(SSLEOFError(8, 'EOF occurred in violation of protocol (_ssl.c:1002)')))

During handling of the above exception, another exception occurred:

Traceback (most recent call last):
  File "G:\1_Personal_File\chessAssistant\gitHub_Code\ChessAssistantCode\cloud\local_oss_ai_worker\worker.py", line 761, in main
    processed = process_one(bucket, args, state, device_id)
                ^^^^^^^^^^^^^^^^^^^^^^^^^^^^^^^^^^^^^^^^^^^
  File "G:\1_Personal_File\chessAssistant\gitHub_Code\ChessAssistantCode\cloud\local_oss_ai_worker\worker.py", line 644, in process_one
    manifest_key, manifest = read_manifest(bucket, device_id)
                             ^^^^^^^^^^^^^^^^^^^^^^^^^^^^^^^^
  File "G:\1_Personal_File\chessAssistant\gitHub_Code\ChessAssistantCode\cloud\local_oss_ai_worker\worker.py", line 597, in read_manifest
    body = bucket.get_object(manifest_key).read()
           ^^^^^^^^^^^^^^^^^^^^^^^^^^^^^^^
  File "G:\1_Personal_File\chessAssistant\gitHub_Code\ChessAssistantCode\cloud\local_oss_ai_worker\.venv\Lib\site-packages\oss2\api.py", line 1023, in get_object
    resp = self.__do_object('GET', key, headers=headers, params=params)
           ^^^^^^^^^^^^^^^^^^^^^^^^^^^^^^^^^^^^^^^^^^^^^^^^^^^^^^^^^^^^
  File "G:\1_Personal_File\chessAssistant\gitHub_Code\ChessAssistantCode\cloud\local_oss_ai_worker\.venv\Lib\site-packages\oss2\api.py", line 3392, in __do_object
    return self._do(method, self.bucket_name, key, **kwargs)
           ^^^^^^^^^^^^^^^^^^^^^^^^^^^^^^^^^^^^^^^^^^^^^^^^^
  File "G:\1_Personal_File\chessAssistant\gitHub_Code\ChessAssistantCode\cloud\local_oss_ai_worker\.venv\Lib\site-packages\oss2\api.py", line 237, in _do
    resp = self.session.do_request(req, timeout=self.timeout)
           ^^^^^^^^^^^^^^^^^^^^^^^^^^^^^^^^^^^^^^^^^^^^^^^^^^
  File "G:\1_Personal_File\chessAssistant\gitHub_Code\ChessAssistantCode\cloud\local_oss_ai_worker\.venv\Lib\site-packages\oss2\http.py", line 55, in do_request
    raise RequestError(e)
oss2.exceptions.RequestError: {'status': -2, 'x-oss-request-id': '', 'details': "RequestError: HTTPSConnectionPool(host='esp32-chess-assistant.oss-cn-hangzhou.aliyuncs.com', port=443): Max retries exceeded with url: /devices%2Fchess-441BF6C3F8D0%2Frequests%2Flatest.json (Caused by SSLError(SSLEOFError(8, 'EOF occurred in violation of protocol (_ssl.c:1002)')))"}
2026-07-15 23:39:31,068 ERROR oss_ai_worker: Worker iteration failed for device_id=esp32-8B2D54
urllib3.exceptions.SSLError: EOF occurred in violation of protocol (_ssl.c:1002)

The above exception was the direct cause of the following exception:

Traceback (most recent call last):
  File "G:\1_Personal_File\chessAssistant\gitHub_Code\ChessAssistantCode\cloud\local_oss_ai_worker\.venv\Lib\site-packages\requests\adapters.py", line 696, in send
    resp = conn.urlopen(
           ^^^^^^^^^^^^^
  File "G:\1_Personal_File\chessAssistant\gitHub_Code\ChessAssistantCode\cloud\local_oss_ai_worker\.venv\Lib\site-packages\urllib3\connectionpool.py", line 842, in urlopen
    retries = retries.increment(
              ^^^^^^^^^^^^^^^^^^
  File "G:\1_Personal_File\chessAssistant\gitHub_Code\ChessAssistantCode\cloud\local_oss_ai_worker\.venv\Lib\site-packages\urllib3\util\retry.py", line 543, in increment
    raise MaxRetryError(_pool, url, reason) from reason  # type: ignore[arg-type]
    ^^^^^^^^^^^^^^^^^^^^^^^^^^^^^^^^^^^^^^^^^^^^^^^^^^^
urllib3.exceptions.MaxRetryError: HTTPSConnectionPool(host='esp32-chess-assistant.oss-cn-hangzhou.aliyuncs.com', port=443): Max retries exceeded with url: /devices%2Fesp32-8B2D54%2Frequests%2Flatest.json (Caused by SSLError(SSLEOFError(8, 'EOF occurred in violation of protocol (_ssl.c:1002)')))

During handling of the above exception, another exception occurred:

Traceback (most recent call last):
  File "G:\1_Personal_File\chessAssistant\gitHub_Code\ChessAssistantCode\cloud\local_oss_ai_worker\.venv\Lib\site-packages\oss2\http.py", line 47, in do_request
    return Response(self.session.request(req.method, req.url,
                    ^^^^^^^^^^^^^^^^^^^^^^^^^^^^^^^^^^^^^^^^^
  File "G:\1_Personal_File\chessAssistant\gitHub_Code\ChessAssistantCode\cloud\local_oss_ai_worker\.venv\Lib\site-packages\requests\sessions.py", line 651, in request
    resp = self.send(prep, **send_kwargs)
           ^^^^^^^^^^^^^^^^^^^^^^^^^^^^^^
  File "G:\1_Personal_File\chessAssistant\gitHub_Code\ChessAssistantCode\cloud\local_oss_ai_worker\.venv\Lib\site-packages\requests\sessions.py", line 784, in send
    r = adapter.send(request, **kwargs)
        ^^^^^^^^^^^^^^^^^^^^^^^^^^^^^^^
  File "G:\1_Personal_File\chessAssistant\gitHub_Code\ChessAssistantCode\cloud\local_oss_ai_worker\.venv\Lib\site-packages\requests\adapters.py", line 727, in send
    raise SSLError(e, request=request)
requests.exceptions.SSLError: HTTPSConnectionPool(host='esp32-chess-assistant.oss-cn-hangzhou.aliyuncs.com', port=443): Max retries exceeded with url: /devices%2Fesp32-8B2D54%2Frequests%2Flatest.json (Caused by SSLError(SSLEOFError(8, 'EOF occurred in violation of protocol (_ssl.c:1002)')))

During handling of the above exception, another exception occurred:

Traceback (most recent call last):
  File "G:\1_Personal_File\chessAssistant\gitHub_Code\ChessAssistantCode\cloud\local_oss_ai_worker\worker.py", line 761, in main
    processed = process_one(bucket, args, state, device_id)
                ^^^^^^^^^^^^^^^^^^^^^^^^^^^^^^^^^^^^^^^^^^^
  File "G:\1_Personal_File\chessAssistant\gitHub_Code\ChessAssistantCode\cloud\local_oss_ai_worker\worker.py", line 644, in process_one
    manifest_key, manifest = read_manifest(bucket, device_id)
                             ^^^^^^^^^^^^^^^^^^^^^^^^^^^^^^^^
  File "G:\1_Personal_File\chessAssistant\gitHub_Code\ChessAssistantCode\cloud\local_oss_ai_worker\worker.py", line 597, in read_manifest
    body = bucket.get_object(manifest_key).read()
           ^^^^^^^^^^^^^^^^^^^^^^^^^^^^^^^
  File "G:\1_Personal_File\chessAssistant\gitHub_Code\ChessAssistantCode\cloud\local_oss_ai_worker\.venv\Lib\site-packages\oss2\api.py", line 1023, in get_object
    resp = self.__do_object('GET', key, headers=headers, params=params)
           ^^^^^^^^^^^^^^^^^^^^^^^^^^^^^^^^^^^^^^^^^^^^^^^^^^^^^^^^^^^^
  File "G:\1_Personal_File\chessAssistant\gitHub_Code\ChessAssistantCode\cloud\local_oss_ai_worker\.venv\Lib\site-packages\oss2\api.py", line 3392, in __do_object
    return self._do(method, self.bucket_name, key, **kwargs)
           ^^^^^^^^^^^^^^^^^^^^^^^^^^^^^^^^^^^^^^^^^^^^^^^^^
  File "G:\1_Personal_File\chessAssistant\gitHub_Code\ChessAssistantCode\cloud\local_oss_ai_worker\.venv\Lib\site-packages\oss2\api.py", line 237, in _do
    resp = self.session.do_request(req, timeout=self.timeout)
           ^^^^^^^^^^^^^^^^^^^^^^^^^^^^^^^^^^^^^^^^^^^^^^^^^^
  File "G:\1_Personal_File\chessAssistant\gitHub_Code\ChessAssistantCode\cloud\local_oss_ai_worker\.venv\Lib\site-packages\oss2\http.py", line 55, in do_request
    raise RequestError(e)
oss2.exceptions.RequestError: {'status': -2, 'x-oss-request-id': '', 'details': "RequestError: HTTPSConnectionPool(host='esp32-chess-assistant.oss-cn-hangzhou.aliyuncs.com', port=443): Max retries exceeded with url: /devices%2Fesp32-8B2D54%2Frequests%2Flatest.json (Caused by SSLError(SSLEOFError(8, 'EOF occurred in violation of protocol (_ssl.c:1002)')))"}
2026-07-15 23:39:31,185 ERROR oss_ai_worker: Worker iteration failed for device_id=esp32-C3F8D0
urllib3.exceptions.SSLError: EOF occurred in violation of protocol (_ssl.c:1002)

The above exception was the direct cause of the following exception:

Traceback (most recent call last):
  File "G:\1_Personal_File\chessAssistant\gitHub_Code\ChessAssistantCode\cloud\local_oss_ai_worker\.venv\Lib\site-packages\requests\adapters.py", line 696, in send
    resp = conn.urlopen(
           ^^^^^^^^^^^^^
  File "G:\1_Personal_File\chessAssistant\gitHub_Code\ChessAssistantCode\cloud\local_oss_ai_worker\.venv\Lib\site-packages\urllib3\connectionpool.py", line 842, in urlopen
    retries = retries.increment(
              ^^^^^^^^^^^^^^^^^^
  File "G:\1_Personal_File\chessAssistant\gitHub_Code\ChessAssistantCode\cloud\local_oss_ai_worker\.venv\Lib\site-packages\urllib3\util\retry.py", line 543, in increment
    raise MaxRetryError(_pool, url, reason) from reason  # type: ignore[arg-type]
    ^^^^^^^^^^^^^^^^^^^^^^^^^^^^^^^^^^^^^^^^^^^^^^^^^^^
urllib3.exceptions.MaxRetryError: HTTPSConnectionPool(host='esp32-chess-assistant.oss-cn-hangzhou.aliyuncs.com', port=443): Max retries exceeded with url: /devices%2Fesp32-C3F8D0%2Frequests%2Flatest.json (Caused by SSLError(SSLEOFError(8, 'EOF occurred in violation of protocol (_ssl.c:1002)')))

During handling of the above exception, another exception occurred:

Traceback (most recent call last):
  File "G:\1_Personal_File\chessAssistant\gitHub_Code\ChessAssistantCode\cloud\local_oss_ai_worker\.venv\Lib\site-packages\oss2\http.py", line 47, in do_request
    return Response(self.session.request(req.method, req.url,
                    ^^^^^^^^^^^^^^^^^^^^^^^^^^^^^^^^^^^^^^^^^
  File "G:\1_Personal_File\chessAssistant\gitHub_Code\ChessAssistantCode\cloud\local_oss_ai_worker\.venv\Lib\site-packages\requests\sessions.py", line 651, in request
    resp = self.send(prep, **send_kwargs)
           ^^^^^^^^^^^^^^^^^^^^^^^^^^^^^^
  File "G:\1_Personal_File\chessAssistant\gitHub_Code\ChessAssistantCode\cloud\local_oss_ai_worker\.venv\Lib\site-packages\requests\sessions.py", line 784, in send
    r = adapter.send(request, **kwargs)
        ^^^^^^^^^^^^^^^^^^^^^^^^^^^^^^^
  File "G:\1_Personal_File\chessAssistant\gitHub_Code\ChessAssistantCode\cloud\local_oss_ai_worker\.venv\Lib\site-packages\requests\adapters.py", line 727, in send
    raise SSLError(e, request=request)
requests.exceptions.SSLError: HTTPSConnectionPool(host='esp32-chess-assistant.oss-cn-hangzhou.aliyuncs.com', port=443): Max retries exceeded with url: /devices%2Fesp32-C3F8D0%2Frequests%2Flatest.json (Caused by SSLError(SSLEOFError(8, 'EOF occurred in violation of protocol (_ssl.c:1002)')))

During handling of the above exception, another exception occurred:

Traceback (most recent call last):
  File "G:\1_Personal_File\chessAssistant\gitHub_Code\ChessAssistantCode\cloud\local_oss_ai_worker\worker.py", line 761, in main
    processed = process_one(bucket, args, state, device_id)
                ^^^^^^^^^^^^^^^^^^^^^^^^^^^^^^^^^^^^^^^^^^^
  File "G:\1_Personal_File\chessAssistant\gitHub_Code\ChessAssistantCode\cloud\local_oss_ai_worker\worker.py", line 644, in process_one
    manifest_key, manifest = read_manifest(bucket, device_id)
                             ^^^^^^^^^^^^^^^^^^^^^^^^^^^^^^^^
  File "G:\1_Personal_File\chessAssistant\gitHub_Code\ChessAssistantCode\cloud\local_oss_ai_worker\worker.py", line 597, in read_manifest
    body = bucket.get_object(manifest_key).read()
           ^^^^^^^^^^^^^^^^^^^^^^^^^^^^^^^
  File "G:\1_Personal_File\chessAssistant\gitHub_Code\ChessAssistantCode\cloud\local_oss_ai_worker\.venv\Lib\site-packages\oss2\api.py", line 1023, in get_object
    resp = self.__do_object('GET', key, headers=headers, params=params)
           ^^^^^^^^^^^^^^^^^^^^^^^^^^^^^^^^^^^^^^^^^^^^^^^^^^^^^^^^^^^^
  File "G:\1_Personal_File\chessAssistant\gitHub_Code\ChessAssistantCode\cloud\local_oss_ai_worker\.venv\Lib\site-packages\oss2\api.py", line 3392, in __do_object
    return self._do(method, self.bucket_name, key, **kwargs)
           ^^^^^^^^^^^^^^^^^^^^^^^^^^^^^^^^^^^^^^^^^^^^^^^^^
  File "G:\1_Personal_File\chessAssistant\gitHub_Code\ChessAssistantCode\cloud\local_oss_ai_worker\.venv\Lib\site-packages\oss2\api.py", line 237, in _do
    resp = self.session.do_request(req, timeout=self.timeout)
           ^^^^^^^^^^^^^^^^^^^^^^^^^^^^^^^^^^^^^^^^^^^^^^^^^^
  File "G:\1_Personal_File\chessAssistant\gitHub_Code\ChessAssistantCode\cloud\local_oss_ai_worker\.venv\Lib\site-packages\oss2\http.py", line 55, in do_request
    raise RequestError(e)
oss2.exceptions.RequestError: {'status': -2, 'x-oss-request-id': '', 'details': "RequestError: HTTPSConnectionPool(host='esp32-chess-assistant.oss-cn-hangzhou.aliyuncs.com', port=443): Max retries exceeded with url: /devices%2Fesp32-C3F8D0%2Frequests%2Flatest.json (Caused by SSLError(SSLEOFError(8, 'EOF occurred in violation of protocol (_ssl.c:1002)')))"}
2026-07-15 23:39:32,477 ERROR oss_ai_worker: Worker iteration failed for device_id=chess-441BF6C3F8D0
urllib3.exceptions.SSLError: EOF occurred in violation of protocol (_ssl.c:1002)

The above exception was the direct cause of the following exception:

Traceback (most recent call last):
  File "G:\1_Personal_File\chessAssistant\gitHub_Code\ChessAssistantCode\cloud\local_oss_ai_worker\.venv\Lib\site-packages\requests\adapters.py", line 696, in send
    resp = conn.urlopen(
           ^^^^^^^^^^^^^
  File "G:\1_Personal_File\chessAssistant\gitHub_Code\ChessAssistantCode\cloud\local_oss_ai_worker\.venv\Lib\site-packages\urllib3\connectionpool.py", line 842, in urlopen
    retries = retries.increment(
              ^^^^^^^^^^^^^^^^^^
  File "G:\1_Personal_File\chessAssistant\gitHub_Code\ChessAssistantCode\cloud\local_oss_ai_worker\.venv\Lib\site-packages\urllib3\util\retry.py", line 543, in increment
    raise MaxRetryError(_pool, url, reason) from reason  # type: ignore[arg-type]
    ^^^^^^^^^^^^^^^^^^^^^^^^^^^^^^^^^^^^^^^^^^^^^^^^^^^
urllib3.exceptions.MaxRetryError: HTTPSConnectionPool(host='esp32-chess-assistant.oss-cn-hangzhou.aliyuncs.com', port=443): Max retries exceeded with url: /devices%2Fchess-441BF6C3F8D0%2Frequests%2Flatest.json (Caused by SSLError(SSLEOFError(8, 'EOF occurred in violation of protocol (_ssl.c:1002)')))

During handling of the above exception, another exception occurred:

Traceback (most recent call last):
  File "G:\1_Personal_File\chessAssistant\gitHub_Code\ChessAssistantCode\cloud\local_oss_ai_worker\.venv\Lib\site-packages\oss2\http.py", line 47, in do_request
    return Response(self.session.request(req.method, req.url,
                    ^^^^^^^^^^^^^^^^^^^^^^^^^^^^^^^^^^^^^^^^^
  File "G:\1_Personal_File\chessAssistant\gitHub_Code\ChessAssistantCode\cloud\local_oss_ai_worker\.venv\Lib\site-packages\requests\sessions.py", line 651, in request
    resp = self.send(prep, **send_kwargs)
           ^^^^^^^^^^^^^^^^^^^^^^^^^^^^^^
  File "G:\1_Personal_File\chessAssistant\gitHub_Code\ChessAssistantCode\cloud\local_oss_ai_worker\.venv\Lib\site-packages\requests\sessions.py", line 784, in send
    r = adapter.send(request, **kwargs)
        ^^^^^^^^^^^^^^^^^^^^^^^^^^^^^^^
  File "G:\1_Personal_File\chessAssistant\gitHub_Code\ChessAssistantCode\cloud\local_oss_ai_worker\.venv\Lib\site-packages\requests\adapters.py", line 727, in send
    raise SSLError(e, request=request)
requests.exceptions.SSLError: HTTPSConnectionPool(host='esp32-chess-assistant.oss-cn-hangzhou.aliyuncs.com', port=443): Max retries exceeded with url: /devices%2Fchess-441BF6C3F8D0%2Frequests%2Flatest.json (Caused by SSLError(SSLEOFError(8, 'EOF occurred in violation of protocol (_ssl.c:1002)')))

During handling of the above exception, another exception occurred:

Traceback (most recent call last):
  File "G:\1_Personal_File\chessAssistant\gitHub_Code\ChessAssistantCode\cloud\local_oss_ai_worker\worker.py", line 761, in main
    processed = process_one(bucket, args, state, device_id)
                ^^^^^^^^^^^^^^^^^^^^^^^^^^^^^^^^^^^^^^^^^^^
  File "G:\1_Personal_File\chessAssistant\gitHub_Code\ChessAssistantCode\cloud\local_oss_ai_worker\worker.py", line 644, in process_one
    manifest_key, manifest = read_manifest(bucket, device_id)
                             ^^^^^^^^^^^^^^^^^^^^^^^^^^^^^^^^
  File "G:\1_Personal_File\chessAssistant\gitHub_Code\ChessAssistantCode\cloud\local_oss_ai_worker\worker.py", line 597, in read_manifest
    body = bucket.get_object(manifest_key).read()
           ^^^^^^^^^^^^^^^^^^^^^^^^^^^^^^^
  File "G:\1_Personal_File\chessAssistant\gitHub_Code\ChessAssistantCode\cloud\local_oss_ai_worker\.venv\Lib\site-packages\oss2\api.py", line 1023, in get_object
    resp = self.__do_object('GET', key, headers=headers, params=params)
           ^^^^^^^^^^^^^^^^^^^^^^^^^^^^^^^^^^^^^^^^^^^^^^^^^^^^^^^^^^^^
  File "G:\1_Personal_File\chessAssistant\gitHub_Code\ChessAssistantCode\cloud\local_oss_ai_worker\.venv\Lib\site-packages\oss2\api.py", line 3392, in __do_object
    return self._do(method, self.bucket_name, key, **kwargs)
           ^^^^^^^^^^^^^^^^^^^^^^^^^^^^^^^^^^^^^^^^^^^^^^^^^
  File "G:\1_Personal_File\chessAssistant\gitHub_Code\ChessAssistantCode\cloud\local_oss_ai_worker\.venv\Lib\site-packages\oss2\api.py", line 237, in _do
    resp = self.session.do_request(req, timeout=self.timeout)
           ^^^^^^^^^^^^^^^^^^^^^^^^^^^^^^^^^^^^^^^^^^^^^^^^^^
  File "G:\1_Personal_File\chessAssistant\gitHub_Code\ChessAssistantCode\cloud\local_oss_ai_worker\.venv\Lib\site-packages\oss2\http.py", line 55, in do_request
    raise RequestError(e)
oss2.exceptions.RequestError: {'status': -2, 'x-oss-request-id': '', 'details': "RequestError: HTTPSConnectionPool(host='esp32-chess-assistant.oss-cn-hangzhou.aliyuncs.com', port=443): Max retries exceeded with url: /devices%2Fchess-441BF6C3F8D0%2Frequests%2Flatest.json (Caused by SSLError(SSLEOFError(8, 'EOF occurred in violation of protocol (_ssl.c:1002)')))"}
2026-07-15 23:39:32,735 ERROR oss_ai_worker: Worker iteration failed for device_id=esp32-8B2D54
urllib3.exceptions.SSLError: EOF occurred in violation of protocol (_ssl.c:1002)

The above exception was the direct cause of the following exception:

Traceback (most recent call last):
  File "G:\1_Personal_File\chessAssistant\gitHub_Code\ChessAssistantCode\cloud\local_oss_ai_worker\.venv\Lib\site-packages\requests\adapters.py", line 696, in send
    resp = conn.urlopen(
           ^^^^^^^^^^^^^
  File "G:\1_Personal_File\chessAssistant\gitHub_Code\ChessAssistantCode\cloud\local_oss_ai_worker\.venv\Lib\site-packages\urllib3\connectionpool.py", line 842, in urlopen
    retries = retries.increment(
              ^^^^^^^^^^^^^^^^^^
  File "G:\1_Personal_File\chessAssistant\gitHub_Code\ChessAssistantCode\cloud\local_oss_ai_worker\.venv\Lib\site-packages\urllib3\util\retry.py", line 543, in increment
    raise MaxRetryError(_pool, url, reason) from reason  # type: ignore[arg-type]
    ^^^^^^^^^^^^^^^^^^^^^^^^^^^^^^^^^^^^^^^^^^^^^^^^^^^
urllib3.exceptions.MaxRetryError: HTTPSConnectionPool(host='esp32-chess-assistant.oss-cn-hangzhou.aliyuncs.com', port=443): Max retries exceeded with url: /devices%2Fesp32-8B2D54%2Frequests%2Flatest.json (Caused by SSLError(SSLEOFError(8, 'EOF occurred in violation of protocol (_ssl.c:1002)')))

During handling of the above exception, another exception occurred:

Traceback (most recent call last):
  File "G:\1_Personal_File\chessAssistant\gitHub_Code\ChessAssistantCode\cloud\local_oss_ai_worker\.venv\Lib\site-packages\oss2\http.py", line 47, in do_request
    return Response(self.session.request(req.method, req.url,
                    ^^^^^^^^^^^^^^^^^^^^^^^^^^^^^^^^^^^^^^^^^
  File "G:\1_Personal_File\chessAssistant\gitHub_Code\ChessAssistantCode\cloud\local_oss_ai_worker\.venv\Lib\site-packages\requests\sessions.py", line 651, in request
    resp = self.send(prep, **send_kwargs)
           ^^^^^^^^^^^^^^^^^^^^^^^^^^^^^^
  File "G:\1_Personal_File\chessAssistant\gitHub_Code\ChessAssistantCode\cloud\local_oss_ai_worker\.venv\Lib\site-packages\requests\sessions.py", line 784, in send
    r = adapter.send(request, **kwargs)
        ^^^^^^^^^^^^^^^^^^^^^^^^^^^^^^^
  File "G:\1_Personal_File\chessAssistant\gitHub_Code\ChessAssistantCode\cloud\local_oss_ai_worker\.venv\Lib\site-packages\requests\adapters.py", line 727, in send
    raise SSLError(e, request=request)
requests.exceptions.SSLError: HTTPSConnectionPool(host='esp32-chess-assistant.oss-cn-hangzhou.aliyuncs.com', port=443): Max retries exceeded with url: /devices%2Fesp32-8B2D54%2Frequests%2Flatest.json (Caused by SSLError(SSLEOFError(8, 'EOF occurred in violation of protocol (_ssl.c:1002)')))

During handling of the above exception, another exception occurred:

Traceback (most recent call last):
  File "G:\1_Personal_File\chessAssistant\gitHub_Code\ChessAssistantCode\cloud\local_oss_ai_worker\worker.py", line 761, in main
    processed = process_one(bucket, args, state, device_id)
                ^^^^^^^^^^^^^^^^^^^^^^^^^^^^^^^^^^^^^^^^^^^
  File "G:\1_Personal_File\chessAssistant\gitHub_Code\ChessAssistantCode\cloud\local_oss_ai_worker\worker.py", line 644, in process_one
    manifest_key, manifest = read_manifest(bucket, device_id)
                             ^^^^^^^^^^^^^^^^^^^^^^^^^^^^^^^^
  File "G:\1_Personal_File\chessAssistant\gitHub_Code\ChessAssistantCode\cloud\local_oss_ai_worker\worker.py", line 597, in read_manifest
    body = bucket.get_object(manifest_key).read()
           ^^^^^^^^^^^^^^^^^^^^^^^^^^^^^^^
  File "G:\1_Personal_File\chessAssistant\gitHub_Code\ChessAssistantCode\cloud\local_oss_ai_worker\.venv\Lib\site-packages\oss2\api.py", line 1023, in get_object
    resp = self.__do_object('GET', key, headers=headers, params=params)
           ^^^^^^^^^^^^^^^^^^^^^^^^^^^^^^^^^^^^^^^^^^^^^^^^^^^^^^^^^^^^
  File "G:\1_Personal_File\chessAssistant\gitHub_Code\ChessAssistantCode\cloud\local_oss_ai_worker\.venv\Lib\site-packages\oss2\api.py", line 3392, in __do_object
    return self._do(method, self.bucket_name, key, **kwargs)
           ^^^^^^^^^^^^^^^^^^^^^^^^^^^^^^^^^^^^^^^^^^^^^^^^^
  File "G:\1_Personal_File\chessAssistant\gitHub_Code\ChessAssistantCode\cloud\local_oss_ai_worker\.venv\Lib\site-packages\oss2\api.py", line 237, in _do
    resp = self.session.do_request(req, timeout=self.timeout)
           ^^^^^^^^^^^^^^^^^^^^^^^^^^^^^^^^^^^^^^^^^^^^^^^^^^
  File "G:\1_Personal_File\chessAssistant\gitHub_Code\ChessAssistantCode\cloud\local_oss_ai_worker\.venv\Lib\site-packages\oss2\http.py", line 55, in do_request
    raise RequestError(e)
oss2.exceptions.RequestError: {'status': -2, 'x-oss-request-id': '', 'details': "RequestError: HTTPSConnectionPool(host='esp32-chess-assistant.oss-cn-hangzhou.aliyuncs.com', port=443): Max retries exceeded with url: /devices%2Fesp32-8B2D54%2Frequests%2Flatest.json (Caused by SSLError(SSLEOFError(8, 'EOF occurred in violation of protocol (_ssl.c:1002)')))"}
2026-07-15 23:39:33,047 ERROR oss_ai_worker: Worker iteration failed for device_id=esp32-C3F8D0
urllib3.exceptions.SSLError: EOF occurred in violation of protocol (_ssl.c:1002)

The above exception was the direct cause of the following exception:

Traceback (most recent call last):
  File "G:\1_Personal_File\chessAssistant\gitHub_Code\ChessAssistantCode\cloud\local_oss_ai_worker\.venv\Lib\site-packages\requests\adapters.py", line 696, in send
    resp = conn.urlopen(
           ^^^^^^^^^^^^^
  File "G:\1_Personal_File\chessAssistant\gitHub_Code\ChessAssistantCode\cloud\local_oss_ai_worker\.venv\Lib\site-packages\urllib3\connectionpool.py", line 842, in urlopen
    retries = retries.increment(
              ^^^^^^^^^^^^^^^^^^
  File "G:\1_Personal_File\chessAssistant\gitHub_Code\ChessAssistantCode\cloud\local_oss_ai_worker\.venv\Lib\site-packages\urllib3\util\retry.py", line 543, in increment
    raise MaxRetryError(_pool, url, reason) from reason  # type: ignore[arg-type]
    ^^^^^^^^^^^^^^^^^^^^^^^^^^^^^^^^^^^^^^^^^^^^^^^^^^^
urllib3.exceptions.MaxRetryError: HTTPSConnectionPool(host='esp32-chess-assistant.oss-cn-hangzhou.aliyuncs.com', port=443): Max retries exceeded with url: /devices%2Fesp32-C3F8D0%2Frequests%2Flatest.json (Caused by SSLError(SSLEOFError(8, 'EOF occurred in violation of protocol (_ssl.c:1002)')))

During handling of the above exception, another exception occurred:

Traceback (most recent call last):
  File "G:\1_Personal_File\chessAssistant\gitHub_Code\ChessAssistantCode\cloud\local_oss_ai_worker\.venv\Lib\site-packages\oss2\http.py", line 47, in do_request
    return Response(self.session.request(req.method, req.url,
                    ^^^^^^^^^^^^^^^^^^^^^^^^^^^^^^^^^^^^^^^^^
  File "G:\1_Personal_File\chessAssistant\gitHub_Code\ChessAssistantCode\cloud\local_oss_ai_worker\.venv\Lib\site-packages\requests\sessions.py", line 651, in request
    resp = self.send(prep, **send_kwargs)
           ^^^^^^^^^^^^^^^^^^^^^^^^^^^^^^
  File "G:\1_Personal_File\chessAssistant\gitHub_Code\ChessAssistantCode\cloud\local_oss_ai_worker\.venv\Lib\site-packages\requests\sessions.py", line 784, in send
    r = adapter.send(request, **kwargs)
        ^^^^^^^^^^^^^^^^^^^^^^^^^^^^^^^
  File "G:\1_Personal_File\chessAssistant\gitHub_Code\ChessAssistantCode\cloud\local_oss_ai_worker\.venv\Lib\site-packages\requests\adapters.py", line 727, in send
    raise SSLError(e, request=request)
requests.exceptions.SSLError: HTTPSConnectionPool(host='esp32-chess-assistant.oss-cn-hangzhou.aliyuncs.com', port=443): Max retries exceeded with url: /devices%2Fesp32-C3F8D0%2Frequests%2Flatest.json (Caused by SSLError(SSLEOFError(8, 'EOF occurred in violation of protocol (_ssl.c:1002)')))

During handling of the above exception, another exception occurred:

Traceback (most recent call last):
  File "G:\1_Personal_File\chessAssistant\gitHub_Code\ChessAssistantCode\cloud\local_oss_ai_worker\worker.py", line 761, in main
    processed = process_one(bucket, args, state, device_id)
                ^^^^^^^^^^^^^^^^^^^^^^^^^^^^^^^^^^^^^^^^^^^
  File "G:\1_Personal_File\chessAssistant\gitHub_Code\ChessAssistantCode\cloud\local_oss_ai_worker\worker.py", line 644, in process_one
    manifest_key, manifest = read_manifest(bucket, device_id)
                             ^^^^^^^^^^^^^^^^^^^^^^^^^^^^^^^^
  File "G:\1_Personal_File\chessAssistant\gitHub_Code\ChessAssistantCode\cloud\local_oss_ai_worker\worker.py", line 597, in read_manifest
    body = bucket.get_object(manifest_key).read()
           ^^^^^^^^^^^^^^^^^^^^^^^^^^^^^^^
  File "G:\1_Personal_File\chessAssistant\gitHub_Code\ChessAssistantCode\cloud\local_oss_ai_worker\.venv\Lib\site-packages\oss2\api.py", line 1023, in get_object
    resp = self.__do_object('GET', key, headers=headers, params=params)
           ^^^^^^^^^^^^^^^^^^^^^^^^^^^^^^^^^^^^^^^^^^^^^^^^^^^^^^^^^^^^
  File "G:\1_Personal_File\chessAssistant\gitHub_Code\ChessAssistantCode\cloud\local_oss_ai_worker\.venv\Lib\site-packages\oss2\api.py", line 3392, in __do_object
    return self._do(method, self.bucket_name, key, **kwargs)
           ^^^^^^^^^^^^^^^^^^^^^^^^^^^^^^^^^^^^^^^^^^^^^^^^^
  File "G:\1_Personal_File\chessAssistant\gitHub_Code\ChessAssistantCode\cloud\local_oss_ai_worker\.venv\Lib\site-packages\oss2\api.py", line 237, in _do
    resp = self.session.do_request(req, timeout=self.timeout)
           ^^^^^^^^^^^^^^^^^^^^^^^^^^^^^^^^^^^^^^^^^^^^^^^^^^
  File "G:\1_Personal_File\chessAssistant\gitHub_Code\ChessAssistantCode\cloud\local_oss_ai_worker\.venv\Lib\site-packages\oss2\http.py", line 55, in do_request
    raise RequestError(e)
oss2.exceptions.RequestError: {'status': -2, 'x-oss-request-id': '', 'details': "RequestError: HTTPSConnectionPool(host='esp32-chess-assistant.oss-cn-hangzhou.aliyuncs.com', port=443): Max retries exceeded with url: /devices%2Fesp32-C3F8D0%2Frequests%2Flatest.json (Caused by SSLError(SSLEOFError(8, 'EOF occurred in violation of protocol (_ssl.c:1002)')))"}
2026-07-15 23:39:34,186 ERROR oss_ai_worker: Worker iteration failed for device_id=chess-441BF6C3F8D0
urllib3.exceptions.SSLError: EOF occurred in violation of protocol (_ssl.c:1002)

The above exception was the direct cause of the following exception:

Traceback (most recent call last):
  File "G:\1_Personal_File\chessAssistant\gitHub_Code\ChessAssistantCode\cloud\local_oss_ai_worker\.venv\Lib\site-packages\requests\adapters.py", line 696, in send
    resp = conn.urlopen(
           ^^^^^^^^^^^^^
  File "G:\1_Personal_File\chessAssistant\gitHub_Code\ChessAssistantCode\cloud\local_oss_ai_worker\.venv\Lib\site-packages\urllib3\connectionpool.py", line 842, in urlopen
    retries = retries.increment(
              ^^^^^^^^^^^^^^^^^^
  File "G:\1_Personal_File\chessAssistant\gitHub_Code\ChessAssistantCode\cloud\local_oss_ai_worker\.venv\Lib\site-packages\urllib3\util\retry.py", line 543, in increment
    raise MaxRetryError(_pool, url, reason) from reason  # type: ignore[arg-type]
    ^^^^^^^^^^^^^^^^^^^^^^^^^^^^^^^^^^^^^^^^^^^^^^^^^^^
urllib3.exceptions.MaxRetryError: HTTPSConnectionPool(host='esp32-chess-assistant.oss-cn-hangzhou.aliyuncs.com', port=443): Max retries exceeded with url: /devices%2Fchess-441BF6C3F8D0%2Frequests%2Flatest.json (Caused by SSLError(SSLEOFError(8, 'EOF occurred in violation of protocol (_ssl.c:1002)')))

During handling of the above exception, another exception occurred:

Traceback (most recent call last):
  File "G:\1_Personal_File\chessAssistant\gitHub_Code\ChessAssistantCode\cloud\local_oss_ai_worker\.venv\Lib\site-packages\oss2\http.py", line 47, in do_request
    return Response(self.session.request(req.method, req.url,
                    ^^^^^^^^^^^^^^^^^^^^^^^^^^^^^^^^^^^^^^^^^
  File "G:\1_Personal_File\chessAssistant\gitHub_Code\ChessAssistantCode\cloud\local_oss_ai_worker\.venv\Lib\site-packages\requests\sessions.py", line 651, in request
    resp = self.send(prep, **send_kwargs)
           ^^^^^^^^^^^^^^^^^^^^^^^^^^^^^^
  File "G:\1_Personal_File\chessAssistant\gitHub_Code\ChessAssistantCode\cloud\local_oss_ai_worker\.venv\Lib\site-packages\requests\sessions.py", line 784, in send
    r = adapter.send(request, **kwargs)
        ^^^^^^^^^^^^^^^^^^^^^^^^^^^^^^^
  File "G:\1_Personal_File\chessAssistant\gitHub_Code\ChessAssistantCode\cloud\local_oss_ai_worker\.venv\Lib\site-packages\requests\adapters.py", line 727, in send
    raise SSLError(e, request=request)
requests.exceptions.SSLError: HTTPSConnectionPool(host='esp32-chess-assistant.oss-cn-hangzhou.aliyuncs.com', port=443): Max retries exceeded with url: /devices%2Fchess-441BF6C3F8D0%2Frequests%2Flatest.json (Caused by SSLError(SSLEOFError(8, 'EOF occurred in violation of protocol (_ssl.c:1002)')))

During handling of the above exception, another exception occurred:

Traceback (most recent call last):
  File "G:\1_Personal_File\chessAssistant\gitHub_Code\ChessAssistantCode\cloud\local_oss_ai_worker\worker.py", line 761, in main
    processed = process_one(bucket, args, state, device_id)
                ^^^^^^^^^^^^^^^^^^^^^^^^^^^^^^^^^^^^^^^^^^^
  File "G:\1_Personal_File\chessAssistant\gitHub_Code\ChessAssistantCode\cloud\local_oss_ai_worker\worker.py", line 644, in process_one
    manifest_key, manifest = read_manifest(bucket, device_id)
                             ^^^^^^^^^^^^^^^^^^^^^^^^^^^^^^^^
  File "G:\1_Personal_File\chessAssistant\gitHub_Code\ChessAssistantCode\cloud\local_oss_ai_worker\worker.py", line 597, in read_manifest
    body = bucket.get_object(manifest_key).read()
           ^^^^^^^^^^^^^^^^^^^^^^^^^^^^^^^
  File "G:\1_Personal_File\chessAssistant\gitHub_Code\ChessAssistantCode\cloud\local_oss_ai_worker\.venv\Lib\site-packages\oss2\api.py", line 1023, in get_object
    resp = self.__do_object('GET', key, headers=headers, params=params)
           ^^^^^^^^^^^^^^^^^^^^^^^^^^^^^^^^^^^^^^^^^^^^^^^^^^^^^^^^^^^^
  File "G:\1_Personal_File\chessAssistant\gitHub_Code\ChessAssistantCode\cloud\local_oss_ai_worker\.venv\Lib\site-packages\oss2\api.py", line 3392, in __do_object
    return self._do(method, self.bucket_name, key, **kwargs)
           ^^^^^^^^^^^^^^^^^^^^^^^^^^^^^^^^^^^^^^^^^^^^^^^^^
  File "G:\1_Personal_File\chessAssistant\gitHub_Code\ChessAssistantCode\cloud\local_oss_ai_worker\.venv\Lib\site-packages\oss2\api.py", line 237, in _do
    resp = self.session.do_request(req, timeout=self.timeout)
           ^^^^^^^^^^^^^^^^^^^^^^^^^^^^^^^^^^^^^^^^^^^^^^^^^^
  File "G:\1_Personal_File\chessAssistant\gitHub_Code\ChessAssistantCode\cloud\local_oss_ai_worker\.venv\Lib\site-packages\oss2\http.py", line 55, in do_request
    raise RequestError(e)
oss2.exceptions.RequestError: {'status': -2, 'x-oss-request-id': '', 'details': "RequestError: HTTPSConnectionPool(host='esp32-chess-assistant.oss-cn-hangzhou.aliyuncs.com', port=443): Max retries exceeded with url: /devices%2Fchess-441BF6C3F8D0%2Frequests%2Flatest.json (Caused by SSLError(SSLEOFError(8, 'EOF occurred in violation of protocol (_ssl.c:1002)')))"}
2026-07-15 23:39:34,315 ERROR oss_ai_worker: Worker iteration failed for device_id=esp32-8B2D54
urllib3.exceptions.SSLError: EOF occurred in violation of protocol (_ssl.c:1002)

The above exception was the direct cause of the following exception:

Traceback (most recent call last):
  File "G:\1_Personal_File\chessAssistant\gitHub_Code\ChessAssistantCode\cloud\local_oss_ai_worker\.venv\Lib\site-packages\requests\adapters.py", line 696, in send
    resp = conn.urlopen(
           ^^^^^^^^^^^^^
  File "G:\1_Personal_File\chessAssistant\gitHub_Code\ChessAssistantCode\cloud\local_oss_ai_worker\.venv\Lib\site-packages\urllib3\connectionpool.py", line 842, in urlopen
    retries = retries.increment(
              ^^^^^^^^^^^^^^^^^^
  File "G:\1_Personal_File\chessAssistant\gitHub_Code\ChessAssistantCode\cloud\local_oss_ai_worker\.venv\Lib\site-packages\urllib3\util\retry.py", line 543, in increment
    raise MaxRetryError(_pool, url, reason) from reason  # type: ignore[arg-type]
    ^^^^^^^^^^^^^^^^^^^^^^^^^^^^^^^^^^^^^^^^^^^^^^^^^^^
urllib3.exceptions.MaxRetryError: HTTPSConnectionPool(host='esp32-chess-assistant.oss-cn-hangzhou.aliyuncs.com', port=443): Max retries exceeded with url: /devices%2Fesp32-8B2D54%2Frequests%2Flatest.json (Caused by SSLError(SSLEOFError(8, 'EOF occurred in violation of protocol (_ssl.c:1002)')))

During handling of the above exception, another exception occurred:

Traceback (most recent call last):
  File "G:\1_Personal_File\chessAssistant\gitHub_Code\ChessAssistantCode\cloud\local_oss_ai_worker\.venv\Lib\site-packages\oss2\http.py", line 47, in do_request
    return Response(self.session.request(req.method, req.url,
                    ^^^^^^^^^^^^^^^^^^^^^^^^^^^^^^^^^^^^^^^^^
  File "G:\1_Personal_File\chessAssistant\gitHub_Code\ChessAssistantCode\cloud\local_oss_ai_worker\.venv\Lib\site-packages\requests\sessions.py", line 651, in request
    resp = self.send(prep, **send_kwargs)
           ^^^^^^^^^^^^^^^^^^^^^^^^^^^^^^
  File "G:\1_Personal_File\chessAssistant\gitHub_Code\ChessAssistantCode\cloud\local_oss_ai_worker\.venv\Lib\site-packages\requests\sessions.py", line 784, in send
    r = adapter.send(request, **kwargs)
        ^^^^^^^^^^^^^^^^^^^^^^^^^^^^^^^
  File "G:\1_Personal_File\chessAssistant\gitHub_Code\ChessAssistantCode\cloud\local_oss_ai_worker\.venv\Lib\site-packages\requests\adapters.py", line 727, in send
    raise SSLError(e, request=request)
requests.exceptions.SSLError: HTTPSConnectionPool(host='esp32-chess-assistant.oss-cn-hangzhou.aliyuncs.com', port=443): Max retries exceeded with url: /devices%2Fesp32-8B2D54%2Frequests%2Flatest.json (Caused by SSLError(SSLEOFError(8, 'EOF occurred in violation of protocol (_ssl.c:1002)')))

During handling of the above exception, another exception occurred:

Traceback (most recent call last):
  File "G:\1_Personal_File\chessAssistant\gitHub_Code\ChessAssistantCode\cloud\local_oss_ai_worker\worker.py", line 761, in main
    processed = process_one(bucket, args, state, device_id)
                ^^^^^^^^^^^^^^^^^^^^^^^^^^^^^^^^^^^^^^^^^^^
  File "G:\1_Personal_File\chessAssistant\gitHub_Code\ChessAssistantCode\cloud\local_oss_ai_worker\worker.py", line 644, in process_one
    manifest_key, manifest = read_manifest(bucket, device_id)
                             ^^^^^^^^^^^^^^^^^^^^^^^^^^^^^^^^
  File "G:\1_Personal_File\chessAssistant\gitHub_Code\ChessAssistantCode\cloud\local_oss_ai_worker\worker.py", line 597, in read_manifest
    body = bucket.get_object(manifest_key).read()
           ^^^^^^^^^^^^^^^^^^^^^^^^^^^^^^^
  File "G:\1_Personal_File\chessAssistant\gitHub_Code\ChessAssistantCode\cloud\local_oss_ai_worker\.venv\Lib\site-packages\oss2\api.py", line 1023, in get_object
    resp = self.__do_object('GET', key, headers=headers, params=params)
           ^^^^^^^^^^^^^^^^^^^^^^^^^^^^^^^^^^^^^^^^^^^^^^^^^^^^^^^^^^^^
  File "G:\1_Personal_File\chessAssistant\gitHub_Code\ChessAssistantCode\cloud\local_oss_ai_worker\.venv\Lib\site-packages\oss2\api.py", line 3392, in __do_object
    return self._do(method, self.bucket_name, key, **kwargs)
           ^^^^^^^^^^^^^^^^^^^^^^^^^^^^^^^^^^^^^^^^^^^^^^^^^
  File "G:\1_Personal_File\chessAssistant\gitHub_Code\ChessAssistantCode\cloud\local_oss_ai_worker\.venv\Lib\site-packages\oss2\api.py", line 237, in _do
    resp = self.session.do_request(req, timeout=self.timeout)
           ^^^^^^^^^^^^^^^^^^^^^^^^^^^^^^^^^^^^^^^^^^^^^^^^^^
  File "G:\1_Personal_File\chessAssistant\gitHub_Code\ChessAssistantCode\cloud\local_oss_ai_worker\.venv\Lib\site-packages\oss2\http.py", line 55, in do_request
    raise RequestError(e)
oss2.exceptions.RequestError: {'status': -2, 'x-oss-request-id': '', 'details': "RequestError: HTTPSConnectionPool(host='esp32-chess-assistant.oss-cn-hangzhou.aliyuncs.com', port=443): Max retries exceeded with url: /devices%2Fesp32-8B2D54%2Frequests%2Flatest.json (Caused by SSLError(SSLEOFError(8, 'EOF occurred in violation of protocol (_ssl.c:1002)')))"}
2026-07-15 23:39:34,464 ERROR oss_ai_worker: Worker iteration failed for device_id=esp32-C3F8D0
urllib3.exceptions.SSLError: EOF occurred in violation of protocol (_ssl.c:1002)

The above exception was the direct cause of the following exception:

Traceback (most recent call last):
  File "G:\1_Personal_File\chessAssistant\gitHub_Code\ChessAssistantCode\cloud\local_oss_ai_worker\.venv\Lib\site-packages\requests\adapters.py", line 696, in send
    resp = conn.urlopen(
           ^^^^^^^^^^^^^
  File "G:\1_Personal_File\chessAssistant\gitHub_Code\ChessAssistantCode\cloud\local_oss_ai_worker\.venv\Lib\site-packages\urllib3\connectionpool.py", line 842, in urlopen
    retries = retries.increment(
              ^^^^^^^^^^^^^^^^^^
  File "G:\1_Personal_File\chessAssistant\gitHub_Code\ChessAssistantCode\cloud\local_oss_ai_worker\.venv\Lib\site-packages\urllib3\util\retry.py", line 543, in increment
    raise MaxRetryError(_pool, url, reason) from reason  # type: ignore[arg-type]
    ^^^^^^^^^^^^^^^^^^^^^^^^^^^^^^^^^^^^^^^^^^^^^^^^^^^
urllib3.exceptions.MaxRetryError: HTTPSConnectionPool(host='esp32-chess-assistant.oss-cn-hangzhou.aliyuncs.com', port=443): Max retries exceeded with url: /devices%2Fesp32-C3F8D0%2Frequests%2Flatest.json (Caused by SSLError(SSLEOFError(8, 'EOF occurred in violation of protocol (_ssl.c:1002)')))

During handling of the above exception, another exception occurred:

Traceback (most recent call last):
  File "G:\1_Personal_File\chessAssistant\gitHub_Code\ChessAssistantCode\cloud\local_oss_ai_worker\.venv\Lib\site-packages\oss2\http.py", line 47, in do_request
    return Response(self.session.request(req.method, req.url,
                    ^^^^^^^^^^^^^^^^^^^^^^^^^^^^^^^^^^^^^^^^^
  File "G:\1_Personal_File\chessAssistant\gitHub_Code\ChessAssistantCode\cloud\local_oss_ai_worker\.venv\Lib\site-packages\requests\sessions.py", line 651, in request
    resp = self.send(prep, **send_kwargs)
           ^^^^^^^^^^^^^^^^^^^^^^^^^^^^^^
  File "G:\1_Personal_File\chessAssistant\gitHub_Code\ChessAssistantCode\cloud\local_oss_ai_worker\.venv\Lib\site-packages\requests\sessions.py", line 784, in send
    r = adapter.send(request, **kwargs)
        ^^^^^^^^^^^^^^^^^^^^^^^^^^^^^^^
  File "G:\1_Personal_File\chessAssistant\gitHub_Code\ChessAssistantCode\cloud\local_oss_ai_worker\.venv\Lib\site-packages\requests\adapters.py", line 727, in send
    raise SSLError(e, request=request)
requests.exceptions.SSLError: HTTPSConnectionPool(host='esp32-chess-assistant.oss-cn-hangzhou.aliyuncs.com', port=443): Max retries exceeded with url: /devices%2Fesp32-C3F8D0%2Frequests%2Flatest.json (Caused by SSLError(SSLEOFError(8, 'EOF occurred in violation of protocol (_ssl.c:1002)')))

During handling of the above exception, another exception occurred:

Traceback (most recent call last):
  File "G:\1_Personal_File\chessAssistant\gitHub_Code\ChessAssistantCode\cloud\local_oss_ai_worker\worker.py", line 761, in main
    processed = process_one(bucket, args, state, device_id)
                ^^^^^^^^^^^^^^^^^^^^^^^^^^^^^^^^^^^^^^^^^^^
  File "G:\1_Personal_File\chessAssistant\gitHub_Code\ChessAssistantCode\cloud\local_oss_ai_worker\worker.py", line 644, in process_one
    manifest_key, manifest = read_manifest(bucket, device_id)
                             ^^^^^^^^^^^^^^^^^^^^^^^^^^^^^^^^
  File "G:\1_Personal_File\chessAssistant\gitHub_Code\ChessAssistantCode\cloud\local_oss_ai_worker\worker.py", line 597, in read_manifest
    body = bucket.get_object(manifest_key).read()
           ^^^^^^^^^^^^^^^^^^^^^^^^^^^^^^^
  File "G:\1_Personal_File\chessAssistant\gitHub_Code\ChessAssistantCode\cloud\local_oss_ai_worker\.venv\Lib\site-packages\oss2\api.py", line 1023, in get_object
    resp = self.__do_object('GET', key, headers=headers, params=params)
           ^^^^^^^^^^^^^^^^^^^^^^^^^^^^^^^^^^^^^^^^^^^^^^^^^^^^^^^^^^^^
  File "G:\1_Personal_File\chessAssistant\gitHub_Code\ChessAssistantCode\cloud\local_oss_ai_worker\.venv\Lib\site-packages\oss2\api.py", line 3392, in __do_object
    return self._do(method, self.bucket_name, key, **kwargs)
           ^^^^^^^^^^^^^^^^^^^^^^^^^^^^^^^^^^^^^^^^^^^^^^^^^
  File "G:\1_Personal_File\chessAssistant\gitHub_Code\ChessAssistantCode\cloud\local_oss_ai_worker\.venv\Lib\site-packages\oss2\api.py", line 237, in _do
    resp = self.session.do_request(req, timeout=self.timeout)
           ^^^^^^^^^^^^^^^^^^^^^^^^^^^^^^^^^^^^^^^^^^^^^^^^^^
  File "G:\1_Personal_File\chessAssistant\gitHub_Code\ChessAssistantCode\cloud\local_oss_ai_worker\.venv\Lib\site-packages\oss2\http.py", line 55, in do_request
    raise RequestError(e)
oss2.exceptions.RequestError: {'status': -2, 'x-oss-request-id': '', 'details': "RequestError: HTTPSConnectionPool(host='esp32-chess-assistant.oss-cn-hangzhou.aliyuncs.com', port=443): Max retries exceeded with url: /devices%2Fesp32-C3F8D0%2Frequests%2Flatest.json (Caused by SSLError(SSLEOFError(8, 'EOF occurred in violation of protocol (_ssl.c:1002)')))"}
2026-07-15 23:39:35,606 ERROR oss_ai_worker: Worker iteration failed for device_id=chess-441BF6C3F8D0
urllib3.exceptions.SSLError: EOF occurred in violation of protocol (_ssl.c:1002)

The above exception was the direct cause of the following exception:

Traceback (most recent call last):
  File "G:\1_Personal_File\chessAssistant\gitHub_Code\ChessAssistantCode\cloud\local_oss_ai_worker\.venv\Lib\site-packages\requests\adapters.py", line 696, in send
    resp = conn.urlopen(
           ^^^^^^^^^^^^^
  File "G:\1_Personal_File\chessAssistant\gitHub_Code\ChessAssistantCode\cloud\local_oss_ai_worker\.venv\Lib\site-packages\urllib3\connectionpool.py", line 842, in urlopen
    retries = retries.increment(
              ^^^^^^^^^^^^^^^^^^
  File "G:\1_Personal_File\chessAssistant\gitHub_Code\ChessAssistantCode\cloud\local_oss_ai_worker\.venv\Lib\site-packages\urllib3\util\retry.py", line 543, in increment
    raise MaxRetryError(_pool, url, reason) from reason  # type: ignore[arg-type]
    ^^^^^^^^^^^^^^^^^^^^^^^^^^^^^^^^^^^^^^^^^^^^^^^^^^^
urllib3.exceptions.MaxRetryError: HTTPSConnectionPool(host='esp32-chess-assistant.oss-cn-hangzhou.aliyuncs.com', port=443): Max retries exceeded with url: /devices%2Fchess-441BF6C3F8D0%2Frequests%2Flatest.json (Caused by SSLError(SSLEOFError(8, 'EOF occurred in violation of protocol (_ssl.c:1002)')))

During handling of the above exception, another exception occurred:

Traceback (most recent call last):
  File "G:\1_Personal_File\chessAssistant\gitHub_Code\ChessAssistantCode\cloud\local_oss_ai_worker\.venv\Lib\site-packages\oss2\http.py", line 47, in do_request
    return Response(self.session.request(req.method, req.url,
                    ^^^^^^^^^^^^^^^^^^^^^^^^^^^^^^^^^^^^^^^^^
  File "G:\1_Personal_File\chessAssistant\gitHub_Code\ChessAssistantCode\cloud\local_oss_ai_worker\.venv\Lib\site-packages\requests\sessions.py", line 651, in request
    resp = self.send(prep, **send_kwargs)
           ^^^^^^^^^^^^^^^^^^^^^^^^^^^^^^
  File "G:\1_Personal_File\chessAssistant\gitHub_Code\ChessAssistantCode\cloud\local_oss_ai_worker\.venv\Lib\site-packages\requests\sessions.py", line 784, in send
    r = adapter.send(request, **kwargs)
        ^^^^^^^^^^^^^^^^^^^^^^^^^^^^^^^
  File "G:\1_Personal_File\chessAssistant\gitHub_Code\ChessAssistantCode\cloud\local_oss_ai_worker\.venv\Lib\site-packages\requests\adapters.py", line 727, in send
    raise SSLError(e, request=request)
requests.exceptions.SSLError: HTTPSConnectionPool(host='esp32-chess-assistant.oss-cn-hangzhou.aliyuncs.com', port=443): Max retries exceeded with url: /devices%2Fchess-441BF6C3F8D0%2Frequests%2Flatest.json (Caused by SSLError(SSLEOFError(8, 'EOF occurred in violation of protocol (_ssl.c:1002)')))

During handling of the above exception, another exception occurred:

Traceback (most recent call last):
  File "G:\1_Personal_File\chessAssistant\gitHub_Code\ChessAssistantCode\cloud\local_oss_ai_worker\worker.py", line 761, in main
    processed = process_one(bucket, args, state, device_id)
                ^^^^^^^^^^^^^^^^^^^^^^^^^^^^^^^^^^^^^^^^^^^
  File "G:\1_Personal_File\chessAssistant\gitHub_Code\ChessAssistantCode\cloud\local_oss_ai_worker\worker.py", line 644, in process_one
    manifest_key, manifest = read_manifest(bucket, device_id)
                             ^^^^^^^^^^^^^^^^^^^^^^^^^^^^^^^^
  File "G:\1_Personal_File\chessAssistant\gitHub_Code\ChessAssistantCode\cloud\local_oss_ai_worker\worker.py", line 597, in read_manifest
    body = bucket.get_object(manifest_key).read()
           ^^^^^^^^^^^^^^^^^^^^^^^^^^^^^^^
  File "G:\1_Personal_File\chessAssistant\gitHub_Code\ChessAssistantCode\cloud\local_oss_ai_worker\.venv\Lib\site-packages\oss2\api.py", line 1023, in get_object
    resp = self.__do_object('GET', key, headers=headers, params=params)
           ^^^^^^^^^^^^^^^^^^^^^^^^^^^^^^^^^^^^^^^^^^^^^^^^^^^^^^^^^^^^
  File "G:\1_Personal_File\chessAssistant\gitHub_Code\ChessAssistantCode\cloud\local_oss_ai_worker\.venv\Lib\site-packages\oss2\api.py", line 3392, in __do_object
    return self._do(method, self.bucket_name, key, **kwargs)
           ^^^^^^^^^^^^^^^^^^^^^^^^^^^^^^^^^^^^^^^^^^^^^^^^^
  File "G:\1_Personal_File\chessAssistant\gitHub_Code\ChessAssistantCode\cloud\local_oss_ai_worker\.venv\Lib\site-packages\oss2\api.py", line 237, in _do
    resp = self.session.do_request(req, timeout=self.timeout)
           ^^^^^^^^^^^^^^^^^^^^^^^^^^^^^^^^^^^^^^^^^^^^^^^^^^
  File "G:\1_Personal_File\chessAssistant\gitHub_Code\ChessAssistantCode\cloud\local_oss_ai_worker\.venv\Lib\site-packages\oss2\http.py", line 55, in do_request
    raise RequestError(e)
oss2.exceptions.RequestError: {'status': -2, 'x-oss-request-id': '', 'details': "RequestError: HTTPSConnectionPool(host='esp32-chess-assistant.oss-cn-hangzhou.aliyuncs.com', port=443): Max retries exceeded with url: /devices%2Fchess-441BF6C3F8D0%2Frequests%2Flatest.json (Caused by SSLError(SSLEOFError(8, 'EOF occurred in violation of protocol (_ssl.c:1002)')))"}
2026-07-15 23:39:35,744 ERROR oss_ai_worker: Worker iteration failed for device_id=esp32-8B2D54
urllib3.exceptions.SSLError: EOF occurred in violation of protocol (_ssl.c:1002)

The above exception was the direct cause of the following exception:

Traceback (most recent call last):
  File "G:\1_Personal_File\chessAssistant\gitHub_Code\ChessAssistantCode\cloud\local_oss_ai_worker\.venv\Lib\site-packages\requests\adapters.py", line 696, in send
    resp = conn.urlopen(
           ^^^^^^^^^^^^^
  File "G:\1_Personal_File\chessAssistant\gitHub_Code\ChessAssistantCode\cloud\local_oss_ai_worker\.venv\Lib\site-packages\urllib3\connectionpool.py", line 842, in urlopen
    retries = retries.increment(
              ^^^^^^^^^^^^^^^^^^
  File "G:\1_Personal_File\chessAssistant\gitHub_Code\ChessAssistantCode\cloud\local_oss_ai_worker\.venv\Lib\site-packages\urllib3\util\retry.py", line 543, in increment
    raise MaxRetryError(_pool, url, reason) from reason  # type: ignore[arg-type]
    ^^^^^^^^^^^^^^^^^^^^^^^^^^^^^^^^^^^^^^^^^^^^^^^^^^^
urllib3.exceptions.MaxRetryError: HTTPSConnectionPool(host='esp32-chess-assistant.oss-cn-hangzhou.aliyuncs.com', port=443): Max retries exceeded with url: /devices%2Fesp32-8B2D54%2Frequests%2Flatest.json (Caused by SSLError(SSLEOFError(8, 'EOF occurred in violation of protocol (_ssl.c:1002)')))

During handling of the above exception, another exception occurred:

Traceback (most recent call last):
  File "G:\1_Personal_File\chessAssistant\gitHub_Code\ChessAssistantCode\cloud\local_oss_ai_worker\.venv\Lib\site-packages\oss2\http.py", line 47, in do_request
    return Response(self.session.request(req.method, req.url,
                    ^^^^^^^^^^^^^^^^^^^^^^^^^^^^^^^^^^^^^^^^^
  File "G:\1_Personal_File\chessAssistant\gitHub_Code\ChessAssistantCode\cloud\local_oss_ai_worker\.venv\Lib\site-packages\requests\sessions.py", line 651, in request
    resp = self.send(prep, **send_kwargs)
           ^^^^^^^^^^^^^^^^^^^^^^^^^^^^^^
  File "G:\1_Personal_File\chessAssistant\gitHub_Code\ChessAssistantCode\cloud\local_oss_ai_worker\.venv\Lib\site-packages\requests\sessions.py", line 784, in send
    r = adapter.send(request, **kwargs)
        ^^^^^^^^^^^^^^^^^^^^^^^^^^^^^^^
  File "G:\1_Personal_File\chessAssistant\gitHub_Code\ChessAssistantCode\cloud\local_oss_ai_worker\.venv\Lib\site-packages\requests\adapters.py", line 727, in send
    raise SSLError(e, request=request)
requests.exceptions.SSLError: HTTPSConnectionPool(host='esp32-chess-assistant.oss-cn-hangzhou.aliyuncs.com', port=443): Max retries exceeded with url: /devices%2Fesp32-8B2D54%2Frequests%2Flatest.json (Caused by SSLError(SSLEOFError(8, 'EOF occurred in violation of protocol (_ssl.c:1002)')))

During handling of the above exception, another exception occurred:

Traceback (most recent call last):
  File "G:\1_Personal_File\chessAssistant\gitHub_Code\ChessAssistantCode\cloud\local_oss_ai_worker\worker.py", line 761, in main
    processed = process_one(bucket, args, state, device_id)
                ^^^^^^^^^^^^^^^^^^^^^^^^^^^^^^^^^^^^^^^^^^^
  File "G:\1_Personal_File\chessAssistant\gitHub_Code\ChessAssistantCode\cloud\local_oss_ai_worker\worker.py", line 644, in process_one
    manifest_key, manifest = read_manifest(bucket, device_id)
                             ^^^^^^^^^^^^^^^^^^^^^^^^^^^^^^^^
  File "G:\1_Personal_File\chessAssistant\gitHub_Code\ChessAssistantCode\cloud\local_oss_ai_worker\worker.py", line 597, in read_manifest
    body = bucket.get_object(manifest_key).read()
           ^^^^^^^^^^^^^^^^^^^^^^^^^^^^^^^
  File "G:\1_Personal_File\chessAssistant\gitHub_Code\ChessAssistantCode\cloud\local_oss_ai_worker\.venv\Lib\site-packages\oss2\api.py", line 1023, in get_object
    resp = self.__do_object('GET', key, headers=headers, params=params)
           ^^^^^^^^^^^^^^^^^^^^^^^^^^^^^^^^^^^^^^^^^^^^^^^^^^^^^^^^^^^^
  File "G:\1_Personal_File\chessAssistant\gitHub_Code\ChessAssistantCode\cloud\local_oss_ai_worker\.venv\Lib\site-packages\oss2\api.py", line 3392, in __do_object
    return self._do(method, self.bucket_name, key, **kwargs)
           ^^^^^^^^^^^^^^^^^^^^^^^^^^^^^^^^^^^^^^^^^^^^^^^^^
  File "G:\1_Personal_File\chessAssistant\gitHub_Code\ChessAssistantCode\cloud\local_oss_ai_worker\.venv\Lib\site-packages\oss2\api.py", line 237, in _do
    resp = self.session.do_request(req, timeout=self.timeout)
           ^^^^^^^^^^^^^^^^^^^^^^^^^^^^^^^^^^^^^^^^^^^^^^^^^^
  File "G:\1_Personal_File\chessAssistant\gitHub_Code\ChessAssistantCode\cloud\local_oss_ai_worker\.venv\Lib\site-packages\oss2\http.py", line 55, in do_request
    raise RequestError(e)
oss2.exceptions.RequestError: {'status': -2, 'x-oss-request-id': '', 'details': "RequestError: HTTPSConnectionPool(host='esp32-chess-assistant.oss-cn-hangzhou.aliyuncs.com', port=443): Max retries exceeded with url: /devices%2Fesp32-8B2D54%2Frequests%2Flatest.json (Caused by SSLError(SSLEOFError(8, 'EOF occurred in violation of protocol (_ssl.c:1002)')))"}
2026-07-15 23:39:36,101 ERROR oss_ai_worker: Worker iteration failed for device_id=esp32-C3F8D0
urllib3.exceptions.SSLError: EOF occurred in violation of protocol (_ssl.c:1002)

The above exception was the direct cause of the following exception:

Traceback (most recent call last):
  File "G:\1_Personal_File\chessAssistant\gitHub_Code\ChessAssistantCode\cloud\local_oss_ai_worker\.venv\Lib\site-packages\requests\adapters.py", line 696, in send
    resp = conn.urlopen(
           ^^^^^^^^^^^^^
  File "G:\1_Personal_File\chessAssistant\gitHub_Code\ChessAssistantCode\cloud\local_oss_ai_worker\.venv\Lib\site-packages\urllib3\connectionpool.py", line 842, in urlopen
    retries = retries.increment(
              ^^^^^^^^^^^^^^^^^^
  File "G:\1_Personal_File\chessAssistant\gitHub_Code\ChessAssistantCode\cloud\local_oss_ai_worker\.venv\Lib\site-packages\urllib3\util\retry.py", line 543, in increment
    raise MaxRetryError(_pool, url, reason) from reason  # type: ignore[arg-type]
    ^^^^^^^^^^^^^^^^^^^^^^^^^^^^^^^^^^^^^^^^^^^^^^^^^^^
urllib3.exceptions.MaxRetryError: HTTPSConnectionPool(host='esp32-chess-assistant.oss-cn-hangzhou.aliyuncs.com', port=443): Max retries exceeded with url: /devices%2Fesp32-C3F8D0%2Frequests%2Flatest.json (Caused by SSLError(SSLEOFError(8, 'EOF occurred in violation of protocol (_ssl.c:1002)')))

During handling of the above exception, another exception occurred:

Traceback (most recent call last):
  File "G:\1_Personal_File\chessAssistant\gitHub_Code\ChessAssistantCode\cloud\local_oss_ai_worker\.venv\Lib\site-packages\oss2\http.py", line 47, in do_request
    return Response(self.session.request(req.method, req.url,
                    ^^^^^^^^^^^^^^^^^^^^^^^^^^^^^^^^^^^^^^^^^
  File "G:\1_Personal_File\chessAssistant\gitHub_Code\ChessAssistantCode\cloud\local_oss_ai_worker\.venv\Lib\site-packages\requests\sessions.py", line 651, in request
    resp = self.send(prep, **send_kwargs)
           ^^^^^^^^^^^^^^^^^^^^^^^^^^^^^^
  File "G:\1_Personal_File\chessAssistant\gitHub_Code\ChessAssistantCode\cloud\local_oss_ai_worker\.venv\Lib\site-packages\requests\sessions.py", line 784, in send
    r = adapter.send(request, **kwargs)
        ^^^^^^^^^^^^^^^^^^^^^^^^^^^^^^^
  File "G:\1_Personal_File\chessAssistant\gitHub_Code\ChessAssistantCode\cloud\local_oss_ai_worker\.venv\Lib\site-packages\requests\adapters.py", line 727, in send
    raise SSLError(e, request=request)
requests.exceptions.SSLError: HTTPSConnectionPool(host='esp32-chess-assistant.oss-cn-hangzhou.aliyuncs.com', port=443): Max retries exceeded with url: /devices%2Fesp32-C3F8D0%2Frequests%2Flatest.json (Caused by SSLError(SSLEOFError(8, 'EOF occurred in violation of protocol (_ssl.c:1002)')))

During handling of the above exception, another exception occurred:

Traceback (most recent call last):
  File "G:\1_Personal_File\chessAssistant\gitHub_Code\ChessAssistantCode\cloud\local_oss_ai_worker\worker.py", line 761, in main
    processed = process_one(bucket, args, state, device_id)
                ^^^^^^^^^^^^^^^^^^^^^^^^^^^^^^^^^^^^^^^^^^^
  File "G:\1_Personal_File\chessAssistant\gitHub_Code\ChessAssistantCode\cloud\local_oss_ai_worker\worker.py", line 644, in process_one
    manifest_key, manifest = read_manifest(bucket, device_id)
                             ^^^^^^^^^^^^^^^^^^^^^^^^^^^^^^^^
  File "G:\1_Personal_File\chessAssistant\gitHub_Code\ChessAssistantCode\cloud\local_oss_ai_worker\worker.py", line 597, in read_manifest
    body = bucket.get_object(manifest_key).read()
           ^^^^^^^^^^^^^^^^^^^^^^^^^^^^^^^
  File "G:\1_Personal_File\chessAssistant\gitHub_Code\ChessAssistantCode\cloud\local_oss_ai_worker\.venv\Lib\site-packages\oss2\api.py", line 1023, in get_object
    resp = self.__do_object('GET', key, headers=headers, params=params)
           ^^^^^^^^^^^^^^^^^^^^^^^^^^^^^^^^^^^^^^^^^^^^^^^^^^^^^^^^^^^^
  File "G:\1_Personal_File\chessAssistant\gitHub_Code\ChessAssistantCode\cloud\local_oss_ai_worker\.venv\Lib\site-packages\oss2\api.py", line 3392, in __do_object
    return self._do(method, self.bucket_name, key, **kwargs)
           ^^^^^^^^^^^^^^^^^^^^^^^^^^^^^^^^^^^^^^^^^^^^^^^^^
  File "G:\1_Personal_File\chessAssistant\gitHub_Code\ChessAssistantCode\cloud\local_oss_ai_worker\.venv\Lib\site-packages\oss2\api.py", line 237, in _do
    resp = self.session.do_request(req, timeout=self.timeout)
           ^^^^^^^^^^^^^^^^^^^^^^^^^^^^^^^^^^^^^^^^^^^^^^^^^^
  File "G:\1_Personal_File\chessAssistant\gitHub_Code\ChessAssistantCode\cloud\local_oss_ai_worker\.venv\Lib\site-packages\oss2\http.py", line 55, in do_request
    raise RequestError(e)
oss2.exceptions.RequestError: {'status': -2, 'x-oss-request-id': '', 'details': "RequestError: HTTPSConnectionPool(host='esp32-chess-assistant.oss-cn-hangzhou.aliyuncs.com', port=443): Max retries exceeded with url: /devices%2Fesp32-C3F8D0%2Frequests%2Flatest.json (Caused by SSLError(SSLEOFError(8, 'EOF occurred in violation of protocol (_ssl.c:1002)')))"}
2026-07-15 23:39:37,227 ERROR oss_ai_worker: Worker iteration failed for device_id=chess-441BF6C3F8D0
urllib3.exceptions.SSLError: EOF occurred in violation of protocol (_ssl.c:1002)

The above exception was the direct cause of the following exception:

Traceback (most recent call last):
  File "G:\1_Personal_File\chessAssistant\gitHub_Code\ChessAssistantCode\cloud\local_oss_ai_worker\.venv\Lib\site-packages\requests\adapters.py", line 696, in send
    resp = conn.urlopen(
           ^^^^^^^^^^^^^
  File "G:\1_Personal_File\chessAssistant\gitHub_Code\ChessAssistantCode\cloud\local_oss_ai_worker\.venv\Lib\site-packages\urllib3\connectionpool.py", line 842, in urlopen
    retries = retries.increment(
              ^^^^^^^^^^^^^^^^^^
  File "G:\1_Personal_File\chessAssistant\gitHub_Code\ChessAssistantCode\cloud\local_oss_ai_worker\.venv\Lib\site-packages\urllib3\util\retry.py", line 543, in increment
    raise MaxRetryError(_pool, url, reason) from reason  # type: ignore[arg-type]
    ^^^^^^^^^^^^^^^^^^^^^^^^^^^^^^^^^^^^^^^^^^^^^^^^^^^
urllib3.exceptions.MaxRetryError: HTTPSConnectionPool(host='esp32-chess-assistant.oss-cn-hangzhou.aliyuncs.com', port=443): Max retries exceeded with url: /devices%2Fchess-441BF6C3F8D0%2Frequests%2Flatest.json (Caused by SSLError(SSLEOFError(8, 'EOF occurred in violation of protocol (_ssl.c:1002)')))

During handling of the above exception, another exception occurred:

Traceback (most recent call last):
  File "G:\1_Personal_File\chessAssistant\gitHub_Code\ChessAssistantCode\cloud\local_oss_ai_worker\.venv\Lib\site-packages\oss2\http.py", line 47, in do_request
    return Response(self.session.request(req.method, req.url,
                    ^^^^^^^^^^^^^^^^^^^^^^^^^^^^^^^^^^^^^^^^^
  File "G:\1_Personal_File\chessAssistant\gitHub_Code\ChessAssistantCode\cloud\local_oss_ai_worker\.venv\Lib\site-packages\requests\sessions.py", line 651, in request
    resp = self.send(prep, **send_kwargs)
           ^^^^^^^^^^^^^^^^^^^^^^^^^^^^^^
  File "G:\1_Personal_File\chessAssistant\gitHub_Code\ChessAssistantCode\cloud\local_oss_ai_worker\.venv\Lib\site-packages\requests\sessions.py", line 784, in send
    r = adapter.send(request, **kwargs)
        ^^^^^^^^^^^^^^^^^^^^^^^^^^^^^^^
  File "G:\1_Personal_File\chessAssistant\gitHub_Code\ChessAssistantCode\cloud\local_oss_ai_worker\.venv\Lib\site-packages\requests\adapters.py", line 727, in send
    raise SSLError(e, request=request)
requests.exceptions.SSLError: HTTPSConnectionPool(host='esp32-chess-assistant.oss-cn-hangzhou.aliyuncs.com', port=443): Max retries exceeded with url: /devices%2Fchess-441BF6C3F8D0%2Frequests%2Flatest.json (Caused by SSLError(SSLEOFError(8, 'EOF occurred in violation of protocol (_ssl.c:1002)')))

During handling of the above exception, another exception occurred:

Traceback (most recent call last):
  File "G:\1_Personal_File\chessAssistant\gitHub_Code\ChessAssistantCode\cloud\local_oss_ai_worker\worker.py", line 761, in main
    processed = process_one(bucket, args, state, device_id)
                ^^^^^^^^^^^^^^^^^^^^^^^^^^^^^^^^^^^^^^^^^^^
  File "G:\1_Personal_File\chessAssistant\gitHub_Code\ChessAssistantCode\cloud\local_oss_ai_worker\worker.py", line 644, in process_one
    manifest_key, manifest = read_manifest(bucket, device_id)
                             ^^^^^^^^^^^^^^^^^^^^^^^^^^^^^^^^
  File "G:\1_Personal_File\chessAssistant\gitHub_Code\ChessAssistantCode\cloud\local_oss_ai_worker\worker.py", line 597, in read_manifest
    body = bucket.get_object(manifest_key).read()
           ^^^^^^^^^^^^^^^^^^^^^^^^^^^^^^^
  File "G:\1_Personal_File\chessAssistant\gitHub_Code\ChessAssistantCode\cloud\local_oss_ai_worker\.venv\Lib\site-packages\oss2\api.py", line 1023, in get_object
    resp = self.__do_object('GET', key, headers=headers, params=params)
           ^^^^^^^^^^^^^^^^^^^^^^^^^^^^^^^^^^^^^^^^^^^^^^^^^^^^^^^^^^^^
  File "G:\1_Personal_File\chessAssistant\gitHub_Code\ChessAssistantCode\cloud\local_oss_ai_worker\.venv\Lib\site-packages\oss2\api.py", line 3392, in __do_object
    return self._do(method, self.bucket_name, key, **kwargs)
           ^^^^^^^^^^^^^^^^^^^^^^^^^^^^^^^^^^^^^^^^^^^^^^^^^
  File "G:\1_Personal_File\chessAssistant\gitHub_Code\ChessAssistantCode\cloud\local_oss_ai_worker\.venv\Lib\site-packages\oss2\api.py", line 237, in _do
    resp = self.session.do_request(req, timeout=self.timeout)
           ^^^^^^^^^^^^^^^^^^^^^^^^^^^^^^^^^^^^^^^^^^^^^^^^^^
  File "G:\1_Personal_File\chessAssistant\gitHub_Code\ChessAssistantCode\cloud\local_oss_ai_worker\.venv\Lib\site-packages\oss2\http.py", line 55, in do_request
    raise RequestError(e)
oss2.exceptions.RequestError: {'status': -2, 'x-oss-request-id': '', 'details': "RequestError: HTTPSConnectionPool(host='esp32-chess-assistant.oss-cn-hangzhou.aliyuncs.com', port=443): Max retries exceeded with url: /devices%2Fchess-441BF6C3F8D0%2Frequests%2Flatest.json (Caused by SSLError(SSLEOFError(8, 'EOF occurred in violation of protocol (_ssl.c:1002)')))"}
2026-07-15 23:39:37,354 ERROR oss_ai_worker: Worker iteration failed for device_id=esp32-8B2D54
urllib3.exceptions.SSLError: EOF occurred in violation of protocol (_ssl.c:1002)

The above exception was the direct cause of the following exception:

Traceback (most recent call last):
  File "G:\1_Personal_File\chessAssistant\gitHub_Code\ChessAssistantCode\cloud\local_oss_ai_worker\.venv\Lib\site-packages\requests\adapters.py", line 696, in send
    resp = conn.urlopen(
           ^^^^^^^^^^^^^
  File "G:\1_Personal_File\chessAssistant\gitHub_Code\ChessAssistantCode\cloud\local_oss_ai_worker\.venv\Lib\site-packages\urllib3\connectionpool.py", line 842, in urlopen
    retries = retries.increment(
              ^^^^^^^^^^^^^^^^^^
  File "G:\1_Personal_File\chessAssistant\gitHub_Code\ChessAssistantCode\cloud\local_oss_ai_worker\.venv\Lib\site-packages\urllib3\util\retry.py", line 543, in increment
    raise MaxRetryError(_pool, url, reason) from reason  # type: ignore[arg-type]
    ^^^^^^^^^^^^^^^^^^^^^^^^^^^^^^^^^^^^^^^^^^^^^^^^^^^
urllib3.exceptions.MaxRetryError: HTTPSConnectionPool(host='esp32-chess-assistant.oss-cn-hangzhou.aliyuncs.com', port=443): Max retries exceeded with url: /devices%2Fesp32-8B2D54%2Frequests%2Flatest.json (Caused by SSLError(SSLEOFError(8, 'EOF occurred in violation of protocol (_ssl.c:1002)')))

During handling of the above exception, another exception occurred:

Traceback (most recent call last):
  File "G:\1_Personal_File\chessAssistant\gitHub_Code\ChessAssistantCode\cloud\local_oss_ai_worker\.venv\Lib\site-packages\oss2\http.py", line 47, in do_request
    return Response(self.session.request(req.method, req.url,
                    ^^^^^^^^^^^^^^^^^^^^^^^^^^^^^^^^^^^^^^^^^
  File "G:\1_Personal_File\chessAssistant\gitHub_Code\ChessAssistantCode\cloud\local_oss_ai_worker\.venv\Lib\site-packages\requests\sessions.py", line 651, in request
    resp = self.send(prep, **send_kwargs)
           ^^^^^^^^^^^^^^^^^^^^^^^^^^^^^^
  File "G:\1_Personal_File\chessAssistant\gitHub_Code\ChessAssistantCode\cloud\local_oss_ai_worker\.venv\Lib\site-packages\requests\sessions.py", line 784, in send
    r = adapter.send(request, **kwargs)
        ^^^^^^^^^^^^^^^^^^^^^^^^^^^^^^^
  File "G:\1_Personal_File\chessAssistant\gitHub_Code\ChessAssistantCode\cloud\local_oss_ai_worker\.venv\Lib\site-packages\requests\adapters.py", line 727, in send
    raise SSLError(e, request=request)
requests.exceptions.SSLError: HTTPSConnectionPool(host='esp32-chess-assistant.oss-cn-hangzhou.aliyuncs.com', port=443): Max retries exceeded with url: /devices%2Fesp32-8B2D54%2Frequests%2Flatest.json (Caused by SSLError(SSLEOFError(8, 'EOF occurred in violation of protocol (_ssl.c:1002)')))

During handling of the above exception, another exception occurred:

Traceback (most recent call last):
  File "G:\1_Personal_File\chessAssistant\gitHub_Code\ChessAssistantCode\cloud\local_oss_ai_worker\worker.py", line 761, in main
    processed = process_one(bucket, args, state, device_id)
                ^^^^^^^^^^^^^^^^^^^^^^^^^^^^^^^^^^^^^^^^^^^
  File "G:\1_Personal_File\chessAssistant\gitHub_Code\ChessAssistantCode\cloud\local_oss_ai_worker\worker.py", line 644, in process_one
    manifest_key, manifest = read_manifest(bucket, device_id)
                             ^^^^^^^^^^^^^^^^^^^^^^^^^^^^^^^^
  File "G:\1_Personal_File\chessAssistant\gitHub_Code\ChessAssistantCode\cloud\local_oss_ai_worker\worker.py", line 597, in read_manifest
    body = bucket.get_object(manifest_key).read()
           ^^^^^^^^^^^^^^^^^^^^^^^^^^^^^^^
  File "G:\1_Personal_File\chessAssistant\gitHub_Code\ChessAssistantCode\cloud\local_oss_ai_worker\.venv\Lib\site-packages\oss2\api.py", line 1023, in get_object
    resp = self.__do_object('GET', key, headers=headers, params=params)
           ^^^^^^^^^^^^^^^^^^^^^^^^^^^^^^^^^^^^^^^^^^^^^^^^^^^^^^^^^^^^
  File "G:\1_Personal_File\chessAssistant\gitHub_Code\ChessAssistantCode\cloud\local_oss_ai_worker\.venv\Lib\site-packages\oss2\api.py", line 3392, in __do_object
    return self._do(method, self.bucket_name, key, **kwargs)
           ^^^^^^^^^^^^^^^^^^^^^^^^^^^^^^^^^^^^^^^^^^^^^^^^^
  File "G:\1_Personal_File\chessAssistant\gitHub_Code\ChessAssistantCode\cloud\local_oss_ai_worker\.venv\Lib\site-packages\oss2\api.py", line 237, in _do
    resp = self.session.do_request(req, timeout=self.timeout)
           ^^^^^^^^^^^^^^^^^^^^^^^^^^^^^^^^^^^^^^^^^^^^^^^^^^
  File "G:\1_Personal_File\chessAssistant\gitHub_Code\ChessAssistantCode\cloud\local_oss_ai_worker\.venv\Lib\site-packages\oss2\http.py", line 55, in do_request
    raise RequestError(e)
oss2.exceptions.RequestError: {'status': -2, 'x-oss-request-id': '', 'details': "RequestError: HTTPSConnectionPool(host='esp32-chess-assistant.oss-cn-hangzhou.aliyuncs.com', port=443): Max retries exceeded with url: /devices%2Fesp32-8B2D54%2Frequests%2Flatest.json (Caused by SSLError(SSLEOFError(8, 'EOF occurred in violation of protocol (_ssl.c:1002)')))"}
2026-07-15 23:39:37,497 ERROR oss_ai_worker: Worker iteration failed for device_id=esp32-C3F8D0
urllib3.exceptions.SSLError: EOF occurred in violation of protocol (_ssl.c:1002)

The above exception was the direct cause of the following exception:

Traceback (most recent call last):
  File "G:\1_Personal_File\chessAssistant\gitHub_Code\ChessAssistantCode\cloud\local_oss_ai_worker\.venv\Lib\site-packages\requests\adapters.py", line 696, in send
    resp = conn.urlopen(
           ^^^^^^^^^^^^^
  File "G:\1_Personal_File\chessAssistant\gitHub_Code\ChessAssistantCode\cloud\local_oss_ai_worker\.venv\Lib\site-packages\urllib3\connectionpool.py", line 842, in urlopen
    retries = retries.increment(
              ^^^^^^^^^^^^^^^^^^
  File "G:\1_Personal_File\chessAssistant\gitHub_Code\ChessAssistantCode\cloud\local_oss_ai_worker\.venv\Lib\site-packages\urllib3\util\retry.py", line 543, in increment
    raise MaxRetryError(_pool, url, reason) from reason  # type: ignore[arg-type]
    ^^^^^^^^^^^^^^^^^^^^^^^^^^^^^^^^^^^^^^^^^^^^^^^^^^^
urllib3.exceptions.MaxRetryError: HTTPSConnectionPool(host='esp32-chess-assistant.oss-cn-hangzhou.aliyuncs.com', port=443): Max retries exceeded with url: /devices%2Fesp32-C3F8D0%2Frequests%2Flatest.json (Caused by SSLError(SSLEOFError(8, 'EOF occurred in violation of protocol (_ssl.c:1002)')))

During handling of the above exception, another exception occurred:

Traceback (most recent call last):
  File "G:\1_Personal_File\chessAssistant\gitHub_Code\ChessAssistantCode\cloud\local_oss_ai_worker\.venv\Lib\site-packages\oss2\http.py", line 47, in do_request
    return Response(self.session.request(req.method, req.url,
                    ^^^^^^^^^^^^^^^^^^^^^^^^^^^^^^^^^^^^^^^^^
  File "G:\1_Personal_File\chessAssistant\gitHub_Code\ChessAssistantCode\cloud\local_oss_ai_worker\.venv\Lib\site-packages\requests\sessions.py", line 651, in request
    resp = self.send(prep, **send_kwargs)
           ^^^^^^^^^^^^^^^^^^^^^^^^^^^^^^
  File "G:\1_Personal_File\chessAssistant\gitHub_Code\ChessAssistantCode\cloud\local_oss_ai_worker\.venv\Lib\site-packages\requests\sessions.py", line 784, in send
    r = adapter.send(request, **kwargs)
        ^^^^^^^^^^^^^^^^^^^^^^^^^^^^^^^
  File "G:\1_Personal_File\chessAssistant\gitHub_Code\ChessAssistantCode\cloud\local_oss_ai_worker\.venv\Lib\site-packages\requests\adapters.py", line 727, in send
    raise SSLError(e, request=request)
requests.exceptions.SSLError: HTTPSConnectionPool(host='esp32-chess-assistant.oss-cn-hangzhou.aliyuncs.com', port=443): Max retries exceeded with url: /devices%2Fesp32-C3F8D0%2Frequests%2Flatest.json (Caused by SSLError(SSLEOFError(8, 'EOF occurred in violation of protocol (_ssl.c:1002)')))

During handling of the above exception, another exception occurred:

Traceback (most recent call last):
  File "G:\1_Personal_File\chessAssistant\gitHub_Code\ChessAssistantCode\cloud\local_oss_ai_worker\worker.py", line 761, in main
    processed = process_one(bucket, args, state, device_id)
                ^^^^^^^^^^^^^^^^^^^^^^^^^^^^^^^^^^^^^^^^^^^
  File "G:\1_Personal_File\chessAssistant\gitHub_Code\ChessAssistantCode\cloud\local_oss_ai_worker\worker.py", line 644, in process_one
    manifest_key, manifest = read_manifest(bucket, device_id)
                             ^^^^^^^^^^^^^^^^^^^^^^^^^^^^^^^^
  File "G:\1_Personal_File\chessAssistant\gitHub_Code\ChessAssistantCode\cloud\local_oss_ai_worker\worker.py", line 597, in read_manifest
    body = bucket.get_object(manifest_key).read()
           ^^^^^^^^^^^^^^^^^^^^^^^^^^^^^^^
  File "G:\1_Personal_File\chessAssistant\gitHub_Code\ChessAssistantCode\cloud\local_oss_ai_worker\.venv\Lib\site-packages\oss2\api.py", line 1023, in get_object
    resp = self.__do_object('GET', key, headers=headers, params=params)
           ^^^^^^^^^^^^^^^^^^^^^^^^^^^^^^^^^^^^^^^^^^^^^^^^^^^^^^^^^^^^
  File "G:\1_Personal_File\chessAssistant\gitHub_Code\ChessAssistantCode\cloud\local_oss_ai_worker\.venv\Lib\site-packages\oss2\api.py", line 3392, in __do_object
    return self._do(method, self.bucket_name, key, **kwargs)
           ^^^^^^^^^^^^^^^^^^^^^^^^^^^^^^^^^^^^^^^^^^^^^^^^^
  File "G:\1_Personal_File\chessAssistant\gitHub_Code\ChessAssistantCode\cloud\local_oss_ai_worker\.venv\Lib\site-packages\oss2\api.py", line 237, in _do
    resp = self.session.do_request(req, timeout=self.timeout)
           ^^^^^^^^^^^^^^^^^^^^^^^^^^^^^^^^^^^^^^^^^^^^^^^^^^
  File "G:\1_Personal_File\chessAssistant\gitHub_Code\ChessAssistantCode\cloud\local_oss_ai_worker\.venv\Lib\site-packages\oss2\http.py", line 55, in do_request
    raise RequestError(e)
oss2.exceptions.RequestError: {'status': -2, 'x-oss-request-id': '', 'details': "RequestError: HTTPSConnectionPool(host='esp32-chess-assistant.oss-cn-hangzhou.aliyuncs.com', port=443): Max retries exceeded with url: /devices%2Fesp32-C3F8D0%2Frequests%2Flatest.json (Caused by SSLError(SSLEOFError(8, 'EOF occurred in violation of protocol (_ssl.c:1002)')))"}
2026-07-15 23:39:38,652 ERROR oss_ai_worker: Worker iteration failed for device_id=chess-441BF6C3F8D0
urllib3.exceptions.SSLError: EOF occurred in violation of protocol (_ssl.c:1002)

The above exception was the direct cause of the following exception:

Traceback (most recent call last):
  File "G:\1_Personal_File\chessAssistant\gitHub_Code\ChessAssistantCode\cloud\local_oss_ai_worker\.venv\Lib\site-packages\requests\adapters.py", line 696, in send
    resp = conn.urlopen(
           ^^^^^^^^^^^^^
  File "G:\1_Personal_File\chessAssistant\gitHub_Code\ChessAssistantCode\cloud\local_oss_ai_worker\.venv\Lib\site-packages\urllib3\connectionpool.py", line 842, in urlopen
    retries = retries.increment(
              ^^^^^^^^^^^^^^^^^^
  File "G:\1_Personal_File\chessAssistant\gitHub_Code\ChessAssistantCode\cloud\local_oss_ai_worker\.venv\Lib\site-packages\urllib3\util\retry.py", line 543, in increment
    raise MaxRetryError(_pool, url, reason) from reason  # type: ignore[arg-type]
    ^^^^^^^^^^^^^^^^^^^^^^^^^^^^^^^^^^^^^^^^^^^^^^^^^^^
urllib3.exceptions.MaxRetryError: HTTPSConnectionPool(host='esp32-chess-assistant.oss-cn-hangzhou.aliyuncs.com', port=443): Max retries exceeded with url: /devices%2Fchess-441BF6C3F8D0%2Frequests%2Flatest.json (Caused by SSLError(SSLEOFError(8, 'EOF occurred in violation of protocol (_ssl.c:1002)')))

During handling of the above exception, another exception occurred:

Traceback (most recent call last):
  File "G:\1_Personal_File\chessAssistant\gitHub_Code\ChessAssistantCode\cloud\local_oss_ai_worker\.venv\Lib\site-packages\oss2\http.py", line 47, in do_request
    return Response(self.session.request(req.method, req.url,
                    ^^^^^^^^^^^^^^^^^^^^^^^^^^^^^^^^^^^^^^^^^
  File "G:\1_Personal_File\chessAssistant\gitHub_Code\ChessAssistantCode\cloud\local_oss_ai_worker\.venv\Lib\site-packages\requests\sessions.py", line 651, in request
    resp = self.send(prep, **send_kwargs)
           ^^^^^^^^^^^^^^^^^^^^^^^^^^^^^^
  File "G:\1_Personal_File\chessAssistant\gitHub_Code\ChessAssistantCode\cloud\local_oss_ai_worker\.venv\Lib\site-packages\requests\sessions.py", line 784, in send
    r = adapter.send(request, **kwargs)
        ^^^^^^^^^^^^^^^^^^^^^^^^^^^^^^^
  File "G:\1_Personal_File\chessAssistant\gitHub_Code\ChessAssistantCode\cloud\local_oss_ai_worker\.venv\Lib\site-packages\requests\adapters.py", line 727, in send
    raise SSLError(e, request=request)
requests.exceptions.SSLError: HTTPSConnectionPool(host='esp32-chess-assistant.oss-cn-hangzhou.aliyuncs.com', port=443): Max retries exceeded with url: /devices%2Fchess-441BF6C3F8D0%2Frequests%2Flatest.json (Caused by SSLError(SSLEOFError(8, 'EOF occurred in violation of protocol (_ssl.c:1002)')))

During handling of the above exception, another exception occurred:

Traceback (most recent call last):
  File "G:\1_Personal_File\chessAssistant\gitHub_Code\ChessAssistantCode\cloud\local_oss_ai_worker\worker.py", line 761, in main
    processed = process_one(bucket, args, state, device_id)
                ^^^^^^^^^^^^^^^^^^^^^^^^^^^^^^^^^^^^^^^^^^^
  File "G:\1_Personal_File\chessAssistant\gitHub_Code\ChessAssistantCode\cloud\local_oss_ai_worker\worker.py", line 644, in process_one
    manifest_key, manifest = read_manifest(bucket, device_id)
                             ^^^^^^^^^^^^^^^^^^^^^^^^^^^^^^^^
  File "G:\1_Personal_File\chessAssistant\gitHub_Code\ChessAssistantCode\cloud\local_oss_ai_worker\worker.py", line 597, in read_manifest
    body = bucket.get_object(manifest_key).read()
           ^^^^^^^^^^^^^^^^^^^^^^^^^^^^^^^
  File "G:\1_Personal_File\chessAssistant\gitHub_Code\ChessAssistantCode\cloud\local_oss_ai_worker\.venv\Lib\site-packages\oss2\api.py", line 1023, in get_object
    resp = self.__do_object('GET', key, headers=headers, params=params)
           ^^^^^^^^^^^^^^^^^^^^^^^^^^^^^^^^^^^^^^^^^^^^^^^^^^^^^^^^^^^^
  File "G:\1_Personal_File\chessAssistant\gitHub_Code\ChessAssistantCode\cloud\local_oss_ai_worker\.venv\Lib\site-packages\oss2\api.py", line 3392, in __do_object
    return self._do(method, self.bucket_name, key, **kwargs)
           ^^^^^^^^^^^^^^^^^^^^^^^^^^^^^^^^^^^^^^^^^^^^^^^^^
  File "G:\1_Personal_File\chessAssistant\gitHub_Code\ChessAssistantCode\cloud\local_oss_ai_worker\.venv\Lib\site-packages\oss2\api.py", line 237, in _do
    resp = self.session.do_request(req, timeout=self.timeout)
           ^^^^^^^^^^^^^^^^^^^^^^^^^^^^^^^^^^^^^^^^^^^^^^^^^^
  File "G:\1_Personal_File\chessAssistant\gitHub_Code\ChessAssistantCode\cloud\local_oss_ai_worker\.venv\Lib\site-packages\oss2\http.py", line 55, in do_request
    raise RequestError(e)
oss2.exceptions.RequestError: {'status': -2, 'x-oss-request-id': '', 'details': "RequestError: HTTPSConnectionPool(host='esp32-chess-assistant.oss-cn-hangzhou.aliyuncs.com', port=443): Max retries exceeded with url: /devices%2Fchess-441BF6C3F8D0%2Frequests%2Flatest.json (Caused by SSLError(SSLEOFError(8, 'EOF occurred in violation of protocol (_ssl.c:1002)')))"}
2026-07-15 23:39:38,777 ERROR oss_ai_worker: Worker iteration failed for device_id=esp32-8B2D54
urllib3.exceptions.SSLError: EOF occurred in violation of protocol (_ssl.c:1002)

The above exception was the direct cause of the following exception:

Traceback (most recent call last):
  File "G:\1_Personal_File\chessAssistant\gitHub_Code\ChessAssistantCode\cloud\local_oss_ai_worker\.venv\Lib\site-packages\requests\adapters.py", line 696, in send
    resp = conn.urlopen(
           ^^^^^^^^^^^^^
  File "G:\1_Personal_File\chessAssistant\gitHub_Code\ChessAssistantCode\cloud\local_oss_ai_worker\.venv\Lib\site-packages\urllib3\connectionpool.py", line 842, in urlopen
    retries = retries.increment(
              ^^^^^^^^^^^^^^^^^^
  File "G:\1_Personal_File\chessAssistant\gitHub_Code\ChessAssistantCode\cloud\local_oss_ai_worker\.venv\Lib\site-packages\urllib3\util\retry.py", line 543, in increment
    raise MaxRetryError(_pool, url, reason) from reason  # type: ignore[arg-type]
    ^^^^^^^^^^^^^^^^^^^^^^^^^^^^^^^^^^^^^^^^^^^^^^^^^^^
urllib3.exceptions.MaxRetryError: HTTPSConnectionPool(host='esp32-chess-assistant.oss-cn-hangzhou.aliyuncs.com', port=443): Max retries exceeded with url: /devices%2Fesp32-8B2D54%2Frequests%2Flatest.json (Caused by SSLError(SSLEOFError(8, 'EOF occurred in violation of protocol (_ssl.c:1002)')))

During handling of the above exception, another exception occurred:

Traceback (most recent call last):
  File "G:\1_Personal_File\chessAssistant\gitHub_Code\ChessAssistantCode\cloud\local_oss_ai_worker\.venv\Lib\site-packages\oss2\http.py", line 47, in do_request
    return Response(self.session.request(req.method, req.url,
                    ^^^^^^^^^^^^^^^^^^^^^^^^^^^^^^^^^^^^^^^^^
  File "G:\1_Personal_File\chessAssistant\gitHub_Code\ChessAssistantCode\cloud\local_oss_ai_worker\.venv\Lib\site-packages\requests\sessions.py", line 651, in request
    resp = self.send(prep, **send_kwargs)
           ^^^^^^^^^^^^^^^^^^^^^^^^^^^^^^
  File "G:\1_Personal_File\chessAssistant\gitHub_Code\ChessAssistantCode\cloud\local_oss_ai_worker\.venv\Lib\site-packages\requests\sessions.py", line 784, in send
    r = adapter.send(request, **kwargs)
        ^^^^^^^^^^^^^^^^^^^^^^^^^^^^^^^
  File "G:\1_Personal_File\chessAssistant\gitHub_Code\ChessAssistantCode\cloud\local_oss_ai_worker\.venv\Lib\site-packages\requests\adapters.py", line 727, in send
    raise SSLError(e, request=request)
requests.exceptions.SSLError: HTTPSConnectionPool(host='esp32-chess-assistant.oss-cn-hangzhou.aliyuncs.com', port=443): Max retries exceeded with url: /devices%2Fesp32-8B2D54%2Frequests%2Flatest.json (Caused by SSLError(SSLEOFError(8, 'EOF occurred in violation of protocol (_ssl.c:1002)')))

During handling of the above exception, another exception occurred:

Traceback (most recent call last):
  File "G:\1_Personal_File\chessAssistant\gitHub_Code\ChessAssistantCode\cloud\local_oss_ai_worker\worker.py", line 761, in main
    processed = process_one(bucket, args, state, device_id)
                ^^^^^^^^^^^^^^^^^^^^^^^^^^^^^^^^^^^^^^^^^^^
  File "G:\1_Personal_File\chessAssistant\gitHub_Code\ChessAssistantCode\cloud\local_oss_ai_worker\worker.py", line 644, in process_one
    manifest_key, manifest = read_manifest(bucket, device_id)
                             ^^^^^^^^^^^^^^^^^^^^^^^^^^^^^^^^
  File "G:\1_Personal_File\chessAssistant\gitHub_Code\ChessAssistantCode\cloud\local_oss_ai_worker\worker.py", line 597, in read_manifest
    body = bucket.get_object(manifest_key).read()
           ^^^^^^^^^^^^^^^^^^^^^^^^^^^^^^^
  File "G:\1_Personal_File\chessAssistant\gitHub_Code\ChessAssistantCode\cloud\local_oss_ai_worker\.venv\Lib\site-packages\oss2\api.py", line 1023, in get_object
    resp = self.__do_object('GET', key, headers=headers, params=params)
           ^^^^^^^^^^^^^^^^^^^^^^^^^^^^^^^^^^^^^^^^^^^^^^^^^^^^^^^^^^^^
  File "G:\1_Personal_File\chessAssistant\gitHub_Code\ChessAssistantCode\cloud\local_oss_ai_worker\.venv\Lib\site-packages\oss2\api.py", line 3392, in __do_object
    return self._do(method, self.bucket_name, key, **kwargs)
           ^^^^^^^^^^^^^^^^^^^^^^^^^^^^^^^^^^^^^^^^^^^^^^^^^
  File "G:\1_Personal_File\chessAssistant\gitHub_Code\ChessAssistantCode\cloud\local_oss_ai_worker\.venv\Lib\site-packages\oss2\api.py", line 237, in _do
    resp = self.session.do_request(req, timeout=self.timeout)
           ^^^^^^^^^^^^^^^^^^^^^^^^^^^^^^^^^^^^^^^^^^^^^^^^^^
  File "G:\1_Personal_File\chessAssistant\gitHub_Code\ChessAssistantCode\cloud\local_oss_ai_worker\.venv\Lib\site-packages\oss2\http.py", line 55, in do_request
    raise RequestError(e)
oss2.exceptions.RequestError: {'status': -2, 'x-oss-request-id': '', 'details': "RequestError: HTTPSConnectionPool(host='esp32-chess-assistant.oss-cn-hangzhou.aliyuncs.com', port=443): Max retries exceeded with url: /devices%2Fesp32-8B2D54%2Frequests%2Flatest.json (Caused by SSLError(SSLEOFError(8, 'EOF occurred in violation of protocol (_ssl.c:1002)')))"}
2026-07-15 23:39:38,905 ERROR oss_ai_worker: Worker iteration failed for device_id=esp32-C3F8D0
urllib3.exceptions.SSLError: EOF occurred in violation of protocol (_ssl.c:1002)

The above exception was the direct cause of the following exception:

Traceback (most recent call last):
  File "G:\1_Personal_File\chessAssistant\gitHub_Code\ChessAssistantCode\cloud\local_oss_ai_worker\.venv\Lib\site-packages\requests\adapters.py", line 696, in send
    resp = conn.urlopen(
           ^^^^^^^^^^^^^
  File "G:\1_Personal_File\chessAssistant\gitHub_Code\ChessAssistantCode\cloud\local_oss_ai_worker\.venv\Lib\site-packages\urllib3\connectionpool.py", line 842, in urlopen
    retries = retries.increment(
              ^^^^^^^^^^^^^^^^^^
  File "G:\1_Personal_File\chessAssistant\gitHub_Code\ChessAssistantCode\cloud\local_oss_ai_worker\.venv\Lib\site-packages\urllib3\util\retry.py", line 543, in increment
    raise MaxRetryError(_pool, url, reason) from reason  # type: ignore[arg-type]
    ^^^^^^^^^^^^^^^^^^^^^^^^^^^^^^^^^^^^^^^^^^^^^^^^^^^
urllib3.exceptions.MaxRetryError: HTTPSConnectionPool(host='esp32-chess-assistant.oss-cn-hangzhou.aliyuncs.com', port=443): Max retries exceeded with url: /devices%2Fesp32-C3F8D0%2Frequests%2Flatest.json (Caused by SSLError(SSLEOFError(8, 'EOF occurred in violation of protocol (_ssl.c:1002)')))

During handling of the above exception, another exception occurred:

Traceback (most recent call last):
  File "G:\1_Personal_File\chessAssistant\gitHub_Code\ChessAssistantCode\cloud\local_oss_ai_worker\.venv\Lib\site-packages\oss2\http.py", line 47, in do_request
    return Response(self.session.request(req.method, req.url,
                    ^^^^^^^^^^^^^^^^^^^^^^^^^^^^^^^^^^^^^^^^^
  File "G:\1_Personal_File\chessAssistant\gitHub_Code\ChessAssistantCode\cloud\local_oss_ai_worker\.venv\Lib\site-packages\requests\sessions.py", line 651, in request
    resp = self.send(prep, **send_kwargs)
           ^^^^^^^^^^^^^^^^^^^^^^^^^^^^^^
  File "G:\1_Personal_File\chessAssistant\gitHub_Code\ChessAssistantCode\cloud\local_oss_ai_worker\.venv\Lib\site-packages\requests\sessions.py", line 784, in send
    r = adapter.send(request, **kwargs)
        ^^^^^^^^^^^^^^^^^^^^^^^^^^^^^^^
  File "G:\1_Personal_File\chessAssistant\gitHub_Code\ChessAssistantCode\cloud\local_oss_ai_worker\.venv\Lib\site-packages\requests\adapters.py", line 727, in send
    raise SSLError(e, request=request)
requests.exceptions.SSLError: HTTPSConnectionPool(host='esp32-chess-assistant.oss-cn-hangzhou.aliyuncs.com', port=443): Max retries exceeded with url: /devices%2Fesp32-C3F8D0%2Frequests%2Flatest.json (Caused by SSLError(SSLEOFError(8, 'EOF occurred in violation of protocol (_ssl.c:1002)')))

During handling of the above exception, another exception occurred:

Traceback (most recent call last):
  File "G:\1_Personal_File\chessAssistant\gitHub_Code\ChessAssistantCode\cloud\local_oss_ai_worker\worker.py", line 761, in main
    processed = process_one(bucket, args, state, device_id)
                ^^^^^^^^^^^^^^^^^^^^^^^^^^^^^^^^^^^^^^^^^^^
  File "G:\1_Personal_File\chessAssistant\gitHub_Code\ChessAssistantCode\cloud\local_oss_ai_worker\worker.py", line 644, in process_one
    manifest_key, manifest = read_manifest(bucket, device_id)
                             ^^^^^^^^^^^^^^^^^^^^^^^^^^^^^^^^
  File "G:\1_Personal_File\chessAssistant\gitHub_Code\ChessAssistantCode\cloud\local_oss_ai_worker\worker.py", line 597, in read_manifest
    body = bucket.get_object(manifest_key).read()
           ^^^^^^^^^^^^^^^^^^^^^^^^^^^^^^^
  File "G:\1_Personal_File\chessAssistant\gitHub_Code\ChessAssistantCode\cloud\local_oss_ai_worker\.venv\Lib\site-packages\oss2\api.py", line 1023, in get_object
    resp = self.__do_object('GET', key, headers=headers, params=params)
           ^^^^^^^^^^^^^^^^^^^^^^^^^^^^^^^^^^^^^^^^^^^^^^^^^^^^^^^^^^^^
  File "G:\1_Personal_File\chessAssistant\gitHub_Code\ChessAssistantCode\cloud\local_oss_ai_worker\.venv\Lib\site-packages\oss2\api.py", line 3392, in __do_object
    return self._do(method, self.bucket_name, key, **kwargs)
           ^^^^^^^^^^^^^^^^^^^^^^^^^^^^^^^^^^^^^^^^^^^^^^^^^
  File "G:\1_Personal_File\chessAssistant\gitHub_Code\ChessAssistantCode\cloud\local_oss_ai_worker\.venv\Lib\site-packages\oss2\api.py", line 237, in _do
    resp = self.session.do_request(req, timeout=self.timeout)
           ^^^^^^^^^^^^^^^^^^^^^^^^^^^^^^^^^^^^^^^^^^^^^^^^^^
  File "G:\1_Personal_File\chessAssistant\gitHub_Code\ChessAssistantCode\cloud\local_oss_ai_worker\.venv\Lib\site-packages\oss2\http.py", line 55, in do_request
    raise RequestError(e)
oss2.exceptions.RequestError: {'status': -2, 'x-oss-request-id': '', 'details': "RequestError: HTTPSConnectionPool(host='esp32-chess-assistant.oss-cn-hangzhou.aliyuncs.com', port=443): Max retries exceeded with url: /devices%2Fesp32-C3F8D0%2Frequests%2Flatest.json (Caused by SSLError(SSLEOFError(8, 'EOF occurred in violation of protocol (_ssl.c:1002)')))"}
2026-07-15 23:39:40,070 ERROR oss_ai_worker: Worker iteration failed for device_id=chess-441BF6C3F8D0
urllib3.exceptions.SSLError: EOF occurred in violation of protocol (_ssl.c:1002)

The above exception was the direct cause of the following exception:

Traceback (most recent call last):
  File "G:\1_Personal_File\chessAssistant\gitHub_Code\ChessAssistantCode\cloud\local_oss_ai_worker\.venv\Lib\site-packages\requests\adapters.py", line 696, in send
    resp = conn.urlopen(
           ^^^^^^^^^^^^^
  File "G:\1_Personal_File\chessAssistant\gitHub_Code\ChessAssistantCode\cloud\local_oss_ai_worker\.venv\Lib\site-packages\urllib3\connectionpool.py", line 842, in urlopen
    retries = retries.increment(
              ^^^^^^^^^^^^^^^^^^
  File "G:\1_Personal_File\chessAssistant\gitHub_Code\ChessAssistantCode\cloud\local_oss_ai_worker\.venv\Lib\site-packages\urllib3\util\retry.py", line 543, in increment
    raise MaxRetryError(_pool, url, reason) from reason  # type: ignore[arg-type]
    ^^^^^^^^^^^^^^^^^^^^^^^^^^^^^^^^^^^^^^^^^^^^^^^^^^^
urllib3.exceptions.MaxRetryError: HTTPSConnectionPool(host='esp32-chess-assistant.oss-cn-hangzhou.aliyuncs.com', port=443): Max retries exceeded with url: /devices%2Fchess-441BF6C3F8D0%2Frequests%2Flatest.json (Caused by SSLError(SSLEOFError(8, 'EOF occurred in violation of protocol (_ssl.c:1002)')))

During handling of the above exception, another exception occurred:

Traceback (most recent call last):
  File "G:\1_Personal_File\chessAssistant\gitHub_Code\ChessAssistantCode\cloud\local_oss_ai_worker\.venv\Lib\site-packages\oss2\http.py", line 47, in do_request
    return Response(self.session.request(req.method, req.url,
                    ^^^^^^^^^^^^^^^^^^^^^^^^^^^^^^^^^^^^^^^^^
  File "G:\1_Personal_File\chessAssistant\gitHub_Code\ChessAssistantCode\cloud\local_oss_ai_worker\.venv\Lib\site-packages\requests\sessions.py", line 651, in request
    resp = self.send(prep, **send_kwargs)
           ^^^^^^^^^^^^^^^^^^^^^^^^^^^^^^
  File "G:\1_Personal_File\chessAssistant\gitHub_Code\ChessAssistantCode\cloud\local_oss_ai_worker\.venv\Lib\site-packages\requests\sessions.py", line 784, in send
    r = adapter.send(request, **kwargs)
        ^^^^^^^^^^^^^^^^^^^^^^^^^^^^^^^
  File "G:\1_Personal_File\chessAssistant\gitHub_Code\ChessAssistantCode\cloud\local_oss_ai_worker\.venv\Lib\site-packages\requests\adapters.py", line 727, in send
    raise SSLError(e, request=request)
requests.exceptions.SSLError: HTTPSConnectionPool(host='esp32-chess-assistant.oss-cn-hangzhou.aliyuncs.com', port=443): Max retries exceeded with url: /devices%2Fchess-441BF6C3F8D0%2Frequests%2Flatest.json (Caused by SSLError(SSLEOFError(8, 'EOF occurred in violation of protocol (_ssl.c:1002)')))

During handling of the above exception, another exception occurred:

Traceback (most recent call last):
  File "G:\1_Personal_File\chessAssistant\gitHub_Code\ChessAssistantCode\cloud\local_oss_ai_worker\worker.py", line 761, in main
    processed = process_one(bucket, args, state, device_id)
                ^^^^^^^^^^^^^^^^^^^^^^^^^^^^^^^^^^^^^^^^^^^
  File "G:\1_Personal_File\chessAssistant\gitHub_Code\ChessAssistantCode\cloud\local_oss_ai_worker\worker.py", line 644, in process_one
    manifest_key, manifest = read_manifest(bucket, device_id)
                             ^^^^^^^^^^^^^^^^^^^^^^^^^^^^^^^^
  File "G:\1_Personal_File\chessAssistant\gitHub_Code\ChessAssistantCode\cloud\local_oss_ai_worker\worker.py", line 597, in read_manifest
    body = bucket.get_object(manifest_key).read()
           ^^^^^^^^^^^^^^^^^^^^^^^^^^^^^^^
  File "G:\1_Personal_File\chessAssistant\gitHub_Code\ChessAssistantCode\cloud\local_oss_ai_worker\.venv\Lib\site-packages\oss2\api.py", line 1023, in get_object
    resp = self.__do_object('GET', key, headers=headers, params=params)
           ^^^^^^^^^^^^^^^^^^^^^^^^^^^^^^^^^^^^^^^^^^^^^^^^^^^^^^^^^^^^
  File "G:\1_Personal_File\chessAssistant\gitHub_Code\ChessAssistantCode\cloud\local_oss_ai_worker\.venv\Lib\site-packages\oss2\api.py", line 3392, in __do_object
    return self._do(method, self.bucket_name, key, **kwargs)
           ^^^^^^^^^^^^^^^^^^^^^^^^^^^^^^^^^^^^^^^^^^^^^^^^^
  File "G:\1_Personal_File\chessAssistant\gitHub_Code\ChessAssistantCode\cloud\local_oss_ai_worker\.venv\Lib\site-packages\oss2\api.py", line 237, in _do
    resp = self.session.do_request(req, timeout=self.timeout)
           ^^^^^^^^^^^^^^^^^^^^^^^^^^^^^^^^^^^^^^^^^^^^^^^^^^
  File "G:\1_Personal_File\chessAssistant\gitHub_Code\ChessAssistantCode\cloud\local_oss_ai_worker\.venv\Lib\site-packages\oss2\http.py", line 55, in do_request
    raise RequestError(e)
oss2.exceptions.RequestError: {'status': -2, 'x-oss-request-id': '', 'details': "RequestError: HTTPSConnectionPool(host='esp32-chess-assistant.oss-cn-hangzhou.aliyuncs.com', port=443): Max retries exceeded with url: /devices%2Fchess-441BF6C3F8D0%2Frequests%2Flatest.json (Caused by SSLError(SSLEOFError(8, 'EOF occurred in violation of protocol (_ssl.c:1002)')))"}
2026-07-15 23:39:40,205 ERROR oss_ai_worker: Worker iteration failed for device_id=esp32-8B2D54
urllib3.exceptions.SSLError: EOF occurred in violation of protocol (_ssl.c:1002)

The above exception was the direct cause of the following exception:

Traceback (most recent call last):
  File "G:\1_Personal_File\chessAssistant\gitHub_Code\ChessAssistantCode\cloud\local_oss_ai_worker\.venv\Lib\site-packages\requests\adapters.py", line 696, in send
    resp = conn.urlopen(
           ^^^^^^^^^^^^^
  File "G:\1_Personal_File\chessAssistant\gitHub_Code\ChessAssistantCode\cloud\local_oss_ai_worker\.venv\Lib\site-packages\urllib3\connectionpool.py", line 842, in urlopen
    retries = retries.increment(
              ^^^^^^^^^^^^^^^^^^
  File "G:\1_Personal_File\chessAssistant\gitHub_Code\ChessAssistantCode\cloud\local_oss_ai_worker\.venv\Lib\site-packages\urllib3\util\retry.py", line 543, in increment
    raise MaxRetryError(_pool, url, reason) from reason  # type: ignore[arg-type]
    ^^^^^^^^^^^^^^^^^^^^^^^^^^^^^^^^^^^^^^^^^^^^^^^^^^^
urllib3.exceptions.MaxRetryError: HTTPSConnectionPool(host='esp32-chess-assistant.oss-cn-hangzhou.aliyuncs.com', port=443): Max retries exceeded with url: /devices%2Fesp32-8B2D54%2Frequests%2Flatest.json (Caused by SSLError(SSLEOFError(8, 'EOF occurred in violation of protocol (_ssl.c:1002)')))

During handling of the above exception, another exception occurred:

Traceback (most recent call last):
  File "G:\1_Personal_File\chessAssistant\gitHub_Code\ChessAssistantCode\cloud\local_oss_ai_worker\.venv\Lib\site-packages\oss2\http.py", line 47, in do_request
    return Response(self.session.request(req.method, req.url,
                    ^^^^^^^^^^^^^^^^^^^^^^^^^^^^^^^^^^^^^^^^^
  File "G:\1_Personal_File\chessAssistant\gitHub_Code\ChessAssistantCode\cloud\local_oss_ai_worker\.venv\Lib\site-packages\requests\sessions.py", line 651, in request
    resp = self.send(prep, **send_kwargs)
           ^^^^^^^^^^^^^^^^^^^^^^^^^^^^^^
  File "G:\1_Personal_File\chessAssistant\gitHub_Code\ChessAssistantCode\cloud\local_oss_ai_worker\.venv\Lib\site-packages\requests\sessions.py", line 784, in send
    r = adapter.send(request, **kwargs)
        ^^^^^^^^^^^^^^^^^^^^^^^^^^^^^^^
  File "G:\1_Personal_File\chessAssistant\gitHub_Code\ChessAssistantCode\cloud\local_oss_ai_worker\.venv\Lib\site-packages\requests\adapters.py", line 727, in send
    raise SSLError(e, request=request)
requests.exceptions.SSLError: HTTPSConnectionPool(host='esp32-chess-assistant.oss-cn-hangzhou.aliyuncs.com', port=443): Max retries exceeded with url: /devices%2Fesp32-8B2D54%2Frequests%2Flatest.json (Caused by SSLError(SSLEOFError(8, 'EOF occurred in violation of protocol (_ssl.c:1002)')))

During handling of the above exception, another exception occurred:

Traceback (most recent call last):
  File "G:\1_Personal_File\chessAssistant\gitHub_Code\ChessAssistantCode\cloud\local_oss_ai_worker\worker.py", line 761, in main
    processed = process_one(bucket, args, state, device_id)
                ^^^^^^^^^^^^^^^^^^^^^^^^^^^^^^^^^^^^^^^^^^^
  File "G:\1_Personal_File\chessAssistant\gitHub_Code\ChessAssistantCode\cloud\local_oss_ai_worker\worker.py", line 644, in process_one
    manifest_key, manifest = read_manifest(bucket, device_id)
                             ^^^^^^^^^^^^^^^^^^^^^^^^^^^^^^^^
  File "G:\1_Personal_File\chessAssistant\gitHub_Code\ChessAssistantCode\cloud\local_oss_ai_worker\worker.py", line 597, in read_manifest
    body = bucket.get_object(manifest_key).read()
           ^^^^^^^^^^^^^^^^^^^^^^^^^^^^^^^
  File "G:\1_Personal_File\chessAssistant\gitHub_Code\ChessAssistantCode\cloud\local_oss_ai_worker\.venv\Lib\site-packages\oss2\api.py", line 1023, in get_object
    resp = self.__do_object('GET', key, headers=headers, params=params)
           ^^^^^^^^^^^^^^^^^^^^^^^^^^^^^^^^^^^^^^^^^^^^^^^^^^^^^^^^^^^^
  File "G:\1_Personal_File\chessAssistant\gitHub_Code\ChessAssistantCode\cloud\local_oss_ai_worker\.venv\Lib\site-packages\oss2\api.py", line 3392, in __do_object
    return self._do(method, self.bucket_name, key, **kwargs)
           ^^^^^^^^^^^^^^^^^^^^^^^^^^^^^^^^^^^^^^^^^^^^^^^^^
  File "G:\1_Personal_File\chessAssistant\gitHub_Code\ChessAssistantCode\cloud\local_oss_ai_worker\.venv\Lib\site-packages\oss2\api.py", line 237, in _do
    resp = self.session.do_request(req, timeout=self.timeout)
           ^^^^^^^^^^^^^^^^^^^^^^^^^^^^^^^^^^^^^^^^^^^^^^^^^^
  File "G:\1_Personal_File\chessAssistant\gitHub_Code\ChessAssistantCode\cloud\local_oss_ai_worker\.venv\Lib\site-packages\oss2\http.py", line 55, in do_request
    raise RequestError(e)
oss2.exceptions.RequestError: {'status': -2, 'x-oss-request-id': '', 'details': "RequestError: HTTPSConnectionPool(host='esp32-chess-assistant.oss-cn-hangzhou.aliyuncs.com', port=443): Max retries exceeded with url: /devices%2Fesp32-8B2D54%2Frequests%2Flatest.json (Caused by SSLError(SSLEOFError(8, 'EOF occurred in violation of protocol (_ssl.c:1002)')))"}
2026-07-15 23:39:40,383 ERROR oss_ai_worker: Worker iteration failed for device_id=esp32-C3F8D0
urllib3.exceptions.SSLError: EOF occurred in violation of protocol (_ssl.c:1002)

The above exception was the direct cause of the following exception:

Traceback (most recent call last):
  File "G:\1_Personal_File\chessAssistant\gitHub_Code\ChessAssistantCode\cloud\local_oss_ai_worker\.venv\Lib\site-packages\requests\adapters.py", line 696, in send
    resp = conn.urlopen(
           ^^^^^^^^^^^^^
  File "G:\1_Personal_File\chessAssistant\gitHub_Code\ChessAssistantCode\cloud\local_oss_ai_worker\.venv\Lib\site-packages\urllib3\connectionpool.py", line 842, in urlopen
    retries = retries.increment(
              ^^^^^^^^^^^^^^^^^^
  File "G:\1_Personal_File\chessAssistant\gitHub_Code\ChessAssistantCode\cloud\local_oss_ai_worker\.venv\Lib\site-packages\urllib3\util\retry.py", line 543, in increment
    raise MaxRetryError(_pool, url, reason) from reason  # type: ignore[arg-type]
    ^^^^^^^^^^^^^^^^^^^^^^^^^^^^^^^^^^^^^^^^^^^^^^^^^^^
urllib3.exceptions.MaxRetryError: HTTPSConnectionPool(host='esp32-chess-assistant.oss-cn-hangzhou.aliyuncs.com', port=443): Max retries exceeded with url: /devices%2Fesp32-C3F8D0%2Frequests%2Flatest.json (Caused by SSLError(SSLEOFError(8, 'EOF occurred in violation of protocol (_ssl.c:1002)')))

During handling of the above exception, another exception occurred:

Traceback (most recent call last):
  File "G:\1_Personal_File\chessAssistant\gitHub_Code\ChessAssistantCode\cloud\local_oss_ai_worker\.venv\Lib\site-packages\oss2\http.py", line 47, in do_request
    return Response(self.session.request(req.method, req.url,
                    ^^^^^^^^^^^^^^^^^^^^^^^^^^^^^^^^^^^^^^^^^
  File "G:\1_Personal_File\chessAssistant\gitHub_Code\ChessAssistantCode\cloud\local_oss_ai_worker\.venv\Lib\site-packages\requests\sessions.py", line 651, in request
    resp = self.send(prep, **send_kwargs)
           ^^^^^^^^^^^^^^^^^^^^^^^^^^^^^^
  File "G:\1_Personal_File\chessAssistant\gitHub_Code\ChessAssistantCode\cloud\local_oss_ai_worker\.venv\Lib\site-packages\requests\sessions.py", line 784, in send
    r = adapter.send(request, **kwargs)
        ^^^^^^^^^^^^^^^^^^^^^^^^^^^^^^^
  File "G:\1_Personal_File\chessAssistant\gitHub_Code\ChessAssistantCode\cloud\local_oss_ai_worker\.venv\Lib\site-packages\requests\adapters.py", line 727, in send
    raise SSLError(e, request=request)
requests.exceptions.SSLError: HTTPSConnectionPool(host='esp32-chess-assistant.oss-cn-hangzhou.aliyuncs.com', port=443): Max retries exceeded with url: /devices%2Fesp32-C3F8D0%2Frequests%2Flatest.json (Caused by SSLError(SSLEOFError(8, 'EOF occurred in violation of protocol (_ssl.c:1002)')))

During handling of the above exception, another exception occurred:

Traceback (most recent call last):
  File "G:\1_Personal_File\chessAssistant\gitHub_Code\ChessAssistantCode\cloud\local_oss_ai_worker\worker.py", line 761, in main
    processed = process_one(bucket, args, state, device_id)
                ^^^^^^^^^^^^^^^^^^^^^^^^^^^^^^^^^^^^^^^^^^^
  File "G:\1_Personal_File\chessAssistant\gitHub_Code\ChessAssistantCode\cloud\local_oss_ai_worker\worker.py", line 644, in process_one
    manifest_key, manifest = read_manifest(bucket, device_id)
                             ^^^^^^^^^^^^^^^^^^^^^^^^^^^^^^^^
  File "G:\1_Personal_File\chessAssistant\gitHub_Code\ChessAssistantCode\cloud\local_oss_ai_worker\worker.py", line 597, in read_manifest
    body = bucket.get_object(manifest_key).read()
           ^^^^^^^^^^^^^^^^^^^^^^^^^^^^^^^
  File "G:\1_Personal_File\chessAssistant\gitHub_Code\ChessAssistantCode\cloud\local_oss_ai_worker\.venv\Lib\site-packages\oss2\api.py", line 1023, in get_object
    resp = self.__do_object('GET', key, headers=headers, params=params)
           ^^^^^^^^^^^^^^^^^^^^^^^^^^^^^^^^^^^^^^^^^^^^^^^^^^^^^^^^^^^^
  File "G:\1_Personal_File\chessAssistant\gitHub_Code\ChessAssistantCode\cloud\local_oss_ai_worker\.venv\Lib\site-packages\oss2\api.py", line 3392, in __do_object
    return self._do(method, self.bucket_name, key, **kwargs)
           ^^^^^^^^^^^^^^^^^^^^^^^^^^^^^^^^^^^^^^^^^^^^^^^^^
  File "G:\1_Personal_File\chessAssistant\gitHub_Code\ChessAssistantCode\cloud\local_oss_ai_worker\.venv\Lib\site-packages\oss2\api.py", line 237, in _do
    resp = self.session.do_request(req, timeout=self.timeout)
           ^^^^^^^^^^^^^^^^^^^^^^^^^^^^^^^^^^^^^^^^^^^^^^^^^^
  File "G:\1_Personal_File\chessAssistant\gitHub_Code\ChessAssistantCode\cloud\local_oss_ai_worker\.venv\Lib\site-packages\oss2\http.py", line 55, in do_request
    raise RequestError(e)
oss2.exceptions.RequestError: {'status': -2, 'x-oss-request-id': '', 'details': "RequestError: HTTPSConnectionPool(host='esp32-chess-assistant.oss-cn-hangzhou.aliyuncs.com', port=443): Max retries exceeded with url: /devices%2Fesp32-C3F8D0%2Frequests%2Flatest.json (Caused by SSLError(SSLEOFError(8, 'EOF occurred in violation of protocol (_ssl.c:1002)')))"}
2026-07-15 23:39:41,523 ERROR oss_ai_worker: Worker iteration failed for device_id=chess-441BF6C3F8D0
urllib3.exceptions.SSLError: EOF occurred in violation of protocol (_ssl.c:1002)

The above exception was the direct cause of the following exception:

Traceback (most recent call last):
  File "G:\1_Personal_File\chessAssistant\gitHub_Code\ChessAssistantCode\cloud\local_oss_ai_worker\.venv\Lib\site-packages\requests\adapters.py", line 696, in send
    resp = conn.urlopen(
           ^^^^^^^^^^^^^
  File "G:\1_Personal_File\chessAssistant\gitHub_Code\ChessAssistantCode\cloud\local_oss_ai_worker\.venv\Lib\site-packages\urllib3\connectionpool.py", line 842, in urlopen
    retries = retries.increment(
              ^^^^^^^^^^^^^^^^^^
  File "G:\1_Personal_File\chessAssistant\gitHub_Code\ChessAssistantCode\cloud\local_oss_ai_worker\.venv\Lib\site-packages\urllib3\util\retry.py", line 543, in increment
    raise MaxRetryError(_pool, url, reason) from reason  # type: ignore[arg-type]
    ^^^^^^^^^^^^^^^^^^^^^^^^^^^^^^^^^^^^^^^^^^^^^^^^^^^
urllib3.exceptions.MaxRetryError: HTTPSConnectionPool(host='esp32-chess-assistant.oss-cn-hangzhou.aliyuncs.com', port=443): Max retries exceeded with url: /devices%2Fchess-441BF6C3F8D0%2Frequests%2Flatest.json (Caused by SSLError(SSLEOFError(8, 'EOF occurred in violation of protocol (_ssl.c:1002)')))

During handling of the above exception, another exception occurred:

Traceback (most recent call last):
  File "G:\1_Personal_File\chessAssistant\gitHub_Code\ChessAssistantCode\cloud\local_oss_ai_worker\.venv\Lib\site-packages\oss2\http.py", line 47, in do_request
    return Response(self.session.request(req.method, req.url,
                    ^^^^^^^^^^^^^^^^^^^^^^^^^^^^^^^^^^^^^^^^^
  File "G:\1_Personal_File\chessAssistant\gitHub_Code\ChessAssistantCode\cloud\local_oss_ai_worker\.venv\Lib\site-packages\requests\sessions.py", line 651, in request
    resp = self.send(prep, **send_kwargs)
           ^^^^^^^^^^^^^^^^^^^^^^^^^^^^^^
  File "G:\1_Personal_File\chessAssistant\gitHub_Code\ChessAssistantCode\cloud\local_oss_ai_worker\.venv\Lib\site-packages\requests\sessions.py", line 784, in send
    r = adapter.send(request, **kwargs)
        ^^^^^^^^^^^^^^^^^^^^^^^^^^^^^^^
  File "G:\1_Personal_File\chessAssistant\gitHub_Code\ChessAssistantCode\cloud\local_oss_ai_worker\.venv\Lib\site-packages\requests\adapters.py", line 727, in send
    raise SSLError(e, request=request)
requests.exceptions.SSLError: HTTPSConnectionPool(host='esp32-chess-assistant.oss-cn-hangzhou.aliyuncs.com', port=443): Max retries exceeded with url: /devices%2Fchess-441BF6C3F8D0%2Frequests%2Flatest.json (Caused by SSLError(SSLEOFError(8, 'EOF occurred in violation of protocol (_ssl.c:1002)')))

During handling of the above exception, another exception occurred:

Traceback (most recent call last):
  File "G:\1_Personal_File\chessAssistant\gitHub_Code\ChessAssistantCode\cloud\local_oss_ai_worker\worker.py", line 761, in main
    processed = process_one(bucket, args, state, device_id)
                ^^^^^^^^^^^^^^^^^^^^^^^^^^^^^^^^^^^^^^^^^^^
  File "G:\1_Personal_File\chessAssistant\gitHub_Code\ChessAssistantCode\cloud\local_oss_ai_worker\worker.py", line 644, in process_one
    manifest_key, manifest = read_manifest(bucket, device_id)
                             ^^^^^^^^^^^^^^^^^^^^^^^^^^^^^^^^
  File "G:\1_Personal_File\chessAssistant\gitHub_Code\ChessAssistantCode\cloud\local_oss_ai_worker\worker.py", line 597, in read_manifest
    body = bucket.get_object(manifest_key).read()
           ^^^^^^^^^^^^^^^^^^^^^^^^^^^^^^^
  File "G:\1_Personal_File\chessAssistant\gitHub_Code\ChessAssistantCode\cloud\local_oss_ai_worker\.venv\Lib\site-packages\oss2\api.py", line 1023, in get_object
    resp = self.__do_object('GET', key, headers=headers, params=params)
           ^^^^^^^^^^^^^^^^^^^^^^^^^^^^^^^^^^^^^^^^^^^^^^^^^^^^^^^^^^^^
  File "G:\1_Personal_File\chessAssistant\gitHub_Code\ChessAssistantCode\cloud\local_oss_ai_worker\.venv\Lib\site-packages\oss2\api.py", line 3392, in __do_object
    return self._do(method, self.bucket_name, key, **kwargs)
           ^^^^^^^^^^^^^^^^^^^^^^^^^^^^^^^^^^^^^^^^^^^^^^^^^
  File "G:\1_Personal_File\chessAssistant\gitHub_Code\ChessAssistantCode\cloud\local_oss_ai_worker\.venv\Lib\site-packages\oss2\api.py", line 237, in _do
    resp = self.session.do_request(req, timeout=self.timeout)
           ^^^^^^^^^^^^^^^^^^^^^^^^^^^^^^^^^^^^^^^^^^^^^^^^^^
  File "G:\1_Personal_File\chessAssistant\gitHub_Code\ChessAssistantCode\cloud\local_oss_ai_worker\.venv\Lib\site-packages\oss2\http.py", line 55, in do_request
    raise RequestError(e)
oss2.exceptions.RequestError: {'status': -2, 'x-oss-request-id': '', 'details': "RequestError: HTTPSConnectionPool(host='esp32-chess-assistant.oss-cn-hangzhou.aliyuncs.com', port=443): Max retries exceeded with url: /devices%2Fchess-441BF6C3F8D0%2Frequests%2Flatest.json (Caused by SSLError(SSLEOFError(8, 'EOF occurred in violation of protocol (_ssl.c:1002)')))"}
2026-07-15 23:39:41,668 ERROR oss_ai_worker: Worker iteration failed for device_id=esp32-8B2D54
urllib3.exceptions.SSLError: EOF occurred in violation of protocol (_ssl.c:1002)

The above exception was the direct cause of the following exception:

Traceback (most recent call last):
  File "G:\1_Personal_File\chessAssistant\gitHub_Code\ChessAssistantCode\cloud\local_oss_ai_worker\.venv\Lib\site-packages\requests\adapters.py", line 696, in send
    resp = conn.urlopen(
           ^^^^^^^^^^^^^
  File "G:\1_Personal_File\chessAssistant\gitHub_Code\ChessAssistantCode\cloud\local_oss_ai_worker\.venv\Lib\site-packages\urllib3\connectionpool.py", line 842, in urlopen
    retries = retries.increment(
              ^^^^^^^^^^^^^^^^^^
  File "G:\1_Personal_File\chessAssistant\gitHub_Code\ChessAssistantCode\cloud\local_oss_ai_worker\.venv\Lib\site-packages\urllib3\util\retry.py", line 543, in increment
    raise MaxRetryError(_pool, url, reason) from reason  # type: ignore[arg-type]
    ^^^^^^^^^^^^^^^^^^^^^^^^^^^^^^^^^^^^^^^^^^^^^^^^^^^
urllib3.exceptions.MaxRetryError: HTTPSConnectionPool(host='esp32-chess-assistant.oss-cn-hangzhou.aliyuncs.com', port=443): Max retries exceeded with url: /devices%2Fesp32-8B2D54%2Frequests%2Flatest.json (Caused by SSLError(SSLEOFError(8, 'EOF occurred in violation of protocol (_ssl.c:1002)')))

During handling of the above exception, another exception occurred:

Traceback (most recent call last):
  File "G:\1_Personal_File\chessAssistant\gitHub_Code\ChessAssistantCode\cloud\local_oss_ai_worker\.venv\Lib\site-packages\oss2\http.py", line 47, in do_request
    return Response(self.session.request(req.method, req.url,
                    ^^^^^^^^^^^^^^^^^^^^^^^^^^^^^^^^^^^^^^^^^
  File "G:\1_Personal_File\chessAssistant\gitHub_Code\ChessAssistantCode\cloud\local_oss_ai_worker\.venv\Lib\site-packages\requests\sessions.py", line 651, in request
    resp = self.send(prep, **send_kwargs)
           ^^^^^^^^^^^^^^^^^^^^^^^^^^^^^^
  File "G:\1_Personal_File\chessAssistant\gitHub_Code\ChessAssistantCode\cloud\local_oss_ai_worker\.venv\Lib\site-packages\requests\sessions.py", line 784, in send
    r = adapter.send(request, **kwargs)
        ^^^^^^^^^^^^^^^^^^^^^^^^^^^^^^^
  File "G:\1_Personal_File\chessAssistant\gitHub_Code\ChessAssistantCode\cloud\local_oss_ai_worker\.venv\Lib\site-packages\requests\adapters.py", line 727, in send
    raise SSLError(e, request=request)
requests.exceptions.SSLError: HTTPSConnectionPool(host='esp32-chess-assistant.oss-cn-hangzhou.aliyuncs.com', port=443): Max retries exceeded with url: /devices%2Fesp32-8B2D54%2Frequests%2Flatest.json (Caused by SSLError(SSLEOFError(8, 'EOF occurred in violation of protocol (_ssl.c:1002)')))

During handling of the above exception, another exception occurred:

Traceback (most recent call last):
  File "G:\1_Personal_File\chessAssistant\gitHub_Code\ChessAssistantCode\cloud\local_oss_ai_worker\worker.py", line 761, in main
    processed = process_one(bucket, args, state, device_id)
                ^^^^^^^^^^^^^^^^^^^^^^^^^^^^^^^^^^^^^^^^^^^
  File "G:\1_Personal_File\chessAssistant\gitHub_Code\ChessAssistantCode\cloud\local_oss_ai_worker\worker.py", line 644, in process_one
    manifest_key, manifest = read_manifest(bucket, device_id)
                             ^^^^^^^^^^^^^^^^^^^^^^^^^^^^^^^^
  File "G:\1_Personal_File\chessAssistant\gitHub_Code\ChessAssistantCode\cloud\local_oss_ai_worker\worker.py", line 597, in read_manifest
    body = bucket.get_object(manifest_key).read()
           ^^^^^^^^^^^^^^^^^^^^^^^^^^^^^^^
  File "G:\1_Personal_File\chessAssistant\gitHub_Code\ChessAssistantCode\cloud\local_oss_ai_worker\.venv\Lib\site-packages\oss2\api.py", line 1023, in get_object
    resp = self.__do_object('GET', key, headers=headers, params=params)
           ^^^^^^^^^^^^^^^^^^^^^^^^^^^^^^^^^^^^^^^^^^^^^^^^^^^^^^^^^^^^
  File "G:\1_Personal_File\chessAssistant\gitHub_Code\ChessAssistantCode\cloud\local_oss_ai_worker\.venv\Lib\site-packages\oss2\api.py", line 3392, in __do_object
    return self._do(method, self.bucket_name, key, **kwargs)
           ^^^^^^^^^^^^^^^^^^^^^^^^^^^^^^^^^^^^^^^^^^^^^^^^^
  File "G:\1_Personal_File\chessAssistant\gitHub_Code\ChessAssistantCode\cloud\local_oss_ai_worker\.venv\Lib\site-packages\oss2\api.py", line 237, in _do
    resp = self.session.do_request(req, timeout=self.timeout)
           ^^^^^^^^^^^^^^^^^^^^^^^^^^^^^^^^^^^^^^^^^^^^^^^^^^
  File "G:\1_Personal_File\chessAssistant\gitHub_Code\ChessAssistantCode\cloud\local_oss_ai_worker\.venv\Lib\site-packages\oss2\http.py", line 55, in do_request
    raise RequestError(e)
oss2.exceptions.RequestError: {'status': -2, 'x-oss-request-id': '', 'details': "RequestError: HTTPSConnectionPool(host='esp32-chess-assistant.oss-cn-hangzhou.aliyuncs.com', port=443): Max retries exceeded with url: /devices%2Fesp32-8B2D54%2Frequests%2Flatest.json (Caused by SSLError(SSLEOFError(8, 'EOF occurred in violation of protocol (_ssl.c:1002)')))"}
2026-07-15 23:39:41,800 ERROR oss_ai_worker: Worker iteration failed for device_id=esp32-C3F8D0
urllib3.exceptions.SSLError: EOF occurred in violation of protocol (_ssl.c:1002)

The above exception was the direct cause of the following exception:

Traceback (most recent call last):
  File "G:\1_Personal_File\chessAssistant\gitHub_Code\ChessAssistantCode\cloud\local_oss_ai_worker\.venv\Lib\site-packages\requests\adapters.py", line 696, in send
    resp = conn.urlopen(
           ^^^^^^^^^^^^^
  File "G:\1_Personal_File\chessAssistant\gitHub_Code\ChessAssistantCode\cloud\local_oss_ai_worker\.venv\Lib\site-packages\urllib3\connectionpool.py", line 842, in urlopen
    retries = retries.increment(
              ^^^^^^^^^^^^^^^^^^
  File "G:\1_Personal_File\chessAssistant\gitHub_Code\ChessAssistantCode\cloud\local_oss_ai_worker\.venv\Lib\site-packages\urllib3\util\retry.py", line 543, in increment
    raise MaxRetryError(_pool, url, reason) from reason  # type: ignore[arg-type]
    ^^^^^^^^^^^^^^^^^^^^^^^^^^^^^^^^^^^^^^^^^^^^^^^^^^^
urllib3.exceptions.MaxRetryError: HTTPSConnectionPool(host='esp32-chess-assistant.oss-cn-hangzhou.aliyuncs.com', port=443): Max retries exceeded with url: /devices%2Fesp32-C3F8D0%2Frequests%2Flatest.json (Caused by SSLError(SSLEOFError(8, 'EOF occurred in violation of protocol (_ssl.c:1002)')))

During handling of the above exception, another exception occurred:

Traceback (most recent call last):
  File "G:\1_Personal_File\chessAssistant\gitHub_Code\ChessAssistantCode\cloud\local_oss_ai_worker\.venv\Lib\site-packages\oss2\http.py", line 47, in do_request
    return Response(self.session.request(req.method, req.url,
                    ^^^^^^^^^^^^^^^^^^^^^^^^^^^^^^^^^^^^^^^^^
  File "G:\1_Personal_File\chessAssistant\gitHub_Code\ChessAssistantCode\cloud\local_oss_ai_worker\.venv\Lib\site-packages\requests\sessions.py", line 651, in request
    resp = self.send(prep, **send_kwargs)
           ^^^^^^^^^^^^^^^^^^^^^^^^^^^^^^
  File "G:\1_Personal_File\chessAssistant\gitHub_Code\ChessAssistantCode\cloud\local_oss_ai_worker\.venv\Lib\site-packages\requests\sessions.py", line 784, in send
    r = adapter.send(request, **kwargs)
        ^^^^^^^^^^^^^^^^^^^^^^^^^^^^^^^
  File "G:\1_Personal_File\chessAssistant\gitHub_Code\ChessAssistantCode\cloud\local_oss_ai_worker\.venv\Lib\site-packages\requests\adapters.py", line 727, in send
    raise SSLError(e, request=request)
requests.exceptions.SSLError: HTTPSConnectionPool(host='esp32-chess-assistant.oss-cn-hangzhou.aliyuncs.com', port=443): Max retries exceeded with url: /devices%2Fesp32-C3F8D0%2Frequests%2Flatest.json (Caused by SSLError(SSLEOFError(8, 'EOF occurred in violation of protocol (_ssl.c:1002)')))

During handling of the above exception, another exception occurred:

Traceback (most recent call last):
  File "G:\1_Personal_File\chessAssistant\gitHub_Code\ChessAssistantCode\cloud\local_oss_ai_worker\worker.py", line 761, in main
    processed = process_one(bucket, args, state, device_id)
                ^^^^^^^^^^^^^^^^^^^^^^^^^^^^^^^^^^^^^^^^^^^
  File "G:\1_Personal_File\chessAssistant\gitHub_Code\ChessAssistantCode\cloud\local_oss_ai_worker\worker.py", line 644, in process_one
    manifest_key, manifest = read_manifest(bucket, device_id)
                             ^^^^^^^^^^^^^^^^^^^^^^^^^^^^^^^^
  File "G:\1_Personal_File\chessAssistant\gitHub_Code\ChessAssistantCode\cloud\local_oss_ai_worker\worker.py", line 597, in read_manifest
    body = bucket.get_object(manifest_key).read()
           ^^^^^^^^^^^^^^^^^^^^^^^^^^^^^^^
  File "G:\1_Personal_File\chessAssistant\gitHub_Code\ChessAssistantCode\cloud\local_oss_ai_worker\.venv\Lib\site-packages\oss2\api.py", line 1023, in get_object
    resp = self.__do_object('GET', key, headers=headers, params=params)
           ^^^^^^^^^^^^^^^^^^^^^^^^^^^^^^^^^^^^^^^^^^^^^^^^^^^^^^^^^^^^
  File "G:\1_Personal_File\chessAssistant\gitHub_Code\ChessAssistantCode\cloud\local_oss_ai_worker\.venv\Lib\site-packages\oss2\api.py", line 3392, in __do_object
    return self._do(method, self.bucket_name, key, **kwargs)
           ^^^^^^^^^^^^^^^^^^^^^^^^^^^^^^^^^^^^^^^^^^^^^^^^^
  File "G:\1_Personal_File\chessAssistant\gitHub_Code\ChessAssistantCode\cloud\local_oss_ai_worker\.venv\Lib\site-packages\oss2\api.py", line 237, in _do
    resp = self.session.do_request(req, timeout=self.timeout)
           ^^^^^^^^^^^^^^^^^^^^^^^^^^^^^^^^^^^^^^^^^^^^^^^^^^
  File "G:\1_Personal_File\chessAssistant\gitHub_Code\ChessAssistantCode\cloud\local_oss_ai_worker\.venv\Lib\site-packages\oss2\http.py", line 55, in do_request
    raise RequestError(e)
oss2.exceptions.RequestError: {'status': -2, 'x-oss-request-id': '', 'details': "RequestError: HTTPSConnectionPool(host='esp32-chess-assistant.oss-cn-hangzhou.aliyuncs.com', port=443): Max retries exceeded with url: /devices%2Fesp32-C3F8D0%2Frequests%2Flatest.json (Caused by SSLError(SSLEOFError(8, 'EOF occurred in violation of protocol (_ssl.c:1002)')))"}
2026-07-15 23:39:42,915 ERROR oss_ai_worker: Worker iteration failed for device_id=chess-441BF6C3F8D0
urllib3.exceptions.SSLError: EOF occurred in violation of protocol (_ssl.c:1002)

The above exception was the direct cause of the following exception:

Traceback (most recent call last):
  File "G:\1_Personal_File\chessAssistant\gitHub_Code\ChessAssistantCode\cloud\local_oss_ai_worker\.venv\Lib\site-packages\requests\adapters.py", line 696, in send
    resp = conn.urlopen(
           ^^^^^^^^^^^^^
  File "G:\1_Personal_File\chessAssistant\gitHub_Code\ChessAssistantCode\cloud\local_oss_ai_worker\.venv\Lib\site-packages\urllib3\connectionpool.py", line 842, in urlopen
    retries = retries.increment(
              ^^^^^^^^^^^^^^^^^^
  File "G:\1_Personal_File\chessAssistant\gitHub_Code\ChessAssistantCode\cloud\local_oss_ai_worker\.venv\Lib\site-packages\urllib3\util\retry.py", line 543, in increment
    raise MaxRetryError(_pool, url, reason) from reason  # type: ignore[arg-type]
    ^^^^^^^^^^^^^^^^^^^^^^^^^^^^^^^^^^^^^^^^^^^^^^^^^^^
urllib3.exceptions.MaxRetryError: HTTPSConnectionPool(host='esp32-chess-assistant.oss-cn-hangzhou.aliyuncs.com', port=443): Max retries exceeded with url: /devices%2Fchess-441BF6C3F8D0%2Frequests%2Flatest.json (Caused by SSLError(SSLEOFError(8, 'EOF occurred in violation of protocol (_ssl.c:1002)')))

During handling of the above exception, another exception occurred:

Traceback (most recent call last):
  File "G:\1_Personal_File\chessAssistant\gitHub_Code\ChessAssistantCode\cloud\local_oss_ai_worker\.venv\Lib\site-packages\oss2\http.py", line 47, in do_request
    return Response(self.session.request(req.method, req.url,
                    ^^^^^^^^^^^^^^^^^^^^^^^^^^^^^^^^^^^^^^^^^
  File "G:\1_Personal_File\chessAssistant\gitHub_Code\ChessAssistantCode\cloud\local_oss_ai_worker\.venv\Lib\site-packages\requests\sessions.py", line 651, in request
    resp = self.send(prep, **send_kwargs)
           ^^^^^^^^^^^^^^^^^^^^^^^^^^^^^^
  File "G:\1_Personal_File\chessAssistant\gitHub_Code\ChessAssistantCode\cloud\local_oss_ai_worker\.venv\Lib\site-packages\requests\sessions.py", line 784, in send
    r = adapter.send(request, **kwargs)
        ^^^^^^^^^^^^^^^^^^^^^^^^^^^^^^^
  File "G:\1_Personal_File\chessAssistant\gitHub_Code\ChessAssistantCode\cloud\local_oss_ai_worker\.venv\Lib\site-packages\requests\adapters.py", line 727, in send
    raise SSLError(e, request=request)
requests.exceptions.SSLError: HTTPSConnectionPool(host='esp32-chess-assistant.oss-cn-hangzhou.aliyuncs.com', port=443): Max retries exceeded with url: /devices%2Fchess-441BF6C3F8D0%2Frequests%2Flatest.json (Caused by SSLError(SSLEOFError(8, 'EOF occurred in violation of protocol (_ssl.c:1002)')))

During handling of the above exception, another exception occurred:

Traceback (most recent call last):
  File "G:\1_Personal_File\chessAssistant\gitHub_Code\ChessAssistantCode\cloud\local_oss_ai_worker\worker.py", line 761, in main
    processed = process_one(bucket, args, state, device_id)
                ^^^^^^^^^^^^^^^^^^^^^^^^^^^^^^^^^^^^^^^^^^^
  File "G:\1_Personal_File\chessAssistant\gitHub_Code\ChessAssistantCode\cloud\local_oss_ai_worker\worker.py", line 644, in process_one
    manifest_key, manifest = read_manifest(bucket, device_id)
                             ^^^^^^^^^^^^^^^^^^^^^^^^^^^^^^^^
  File "G:\1_Personal_File\chessAssistant\gitHub_Code\ChessAssistantCode\cloud\local_oss_ai_worker\worker.py", line 597, in read_manifest
    body = bucket.get_object(manifest_key).read()
           ^^^^^^^^^^^^^^^^^^^^^^^^^^^^^^^
  File "G:\1_Personal_File\chessAssistant\gitHub_Code\ChessAssistantCode\cloud\local_oss_ai_worker\.venv\Lib\site-packages\oss2\api.py", line 1023, in get_object
    resp = self.__do_object('GET', key, headers=headers, params=params)
           ^^^^^^^^^^^^^^^^^^^^^^^^^^^^^^^^^^^^^^^^^^^^^^^^^^^^^^^^^^^^
  File "G:\1_Personal_File\chessAssistant\gitHub_Code\ChessAssistantCode\cloud\local_oss_ai_worker\.venv\Lib\site-packages\oss2\api.py", line 3392, in __do_object
    return self._do(method, self.bucket_name, key, **kwargs)
           ^^^^^^^^^^^^^^^^^^^^^^^^^^^^^^^^^^^^^^^^^^^^^^^^^
  File "G:\1_Personal_File\chessAssistant\gitHub_Code\ChessAssistantCode\cloud\local_oss_ai_worker\.venv\Lib\site-packages\oss2\api.py", line 237, in _do
    resp = self.session.do_request(req, timeout=self.timeout)
           ^^^^^^^^^^^^^^^^^^^^^^^^^^^^^^^^^^^^^^^^^^^^^^^^^^
  File "G:\1_Personal_File\chessAssistant\gitHub_Code\ChessAssistantCode\cloud\local_oss_ai_worker\.venv\Lib\site-packages\oss2\http.py", line 55, in do_request
    raise RequestError(e)
oss2.exceptions.RequestError: {'status': -2, 'x-oss-request-id': '', 'details': "RequestError: HTTPSConnectionPool(host='esp32-chess-assistant.oss-cn-hangzhou.aliyuncs.com', port=443): Max retries exceeded with url: /devices%2Fchess-441BF6C3F8D0%2Frequests%2Flatest.json (Caused by SSLError(SSLEOFError(8, 'EOF occurred in violation of protocol (_ssl.c:1002)')))"}
2026-07-15 23:39:43,074 ERROR oss_ai_worker: Worker iteration failed for device_id=esp32-8B2D54
urllib3.exceptions.SSLError: EOF occurred in violation of protocol (_ssl.c:1002)

The above exception was the direct cause of the following exception:

Traceback (most recent call last):
  File "G:\1_Personal_File\chessAssistant\gitHub_Code\ChessAssistantCode\cloud\local_oss_ai_worker\.venv\Lib\site-packages\requests\adapters.py", line 696, in send
    resp = conn.urlopen(
           ^^^^^^^^^^^^^
  File "G:\1_Personal_File\chessAssistant\gitHub_Code\ChessAssistantCode\cloud\local_oss_ai_worker\.venv\Lib\site-packages\urllib3\connectionpool.py", line 842, in urlopen
    retries = retries.increment(
              ^^^^^^^^^^^^^^^^^^
  File "G:\1_Personal_File\chessAssistant\gitHub_Code\ChessAssistantCode\cloud\local_oss_ai_worker\.venv\Lib\site-packages\urllib3\util\retry.py", line 543, in increment
    raise MaxRetryError(_pool, url, reason) from reason  # type: ignore[arg-type]
    ^^^^^^^^^^^^^^^^^^^^^^^^^^^^^^^^^^^^^^^^^^^^^^^^^^^
urllib3.exceptions.MaxRetryError: HTTPSConnectionPool(host='esp32-chess-assistant.oss-cn-hangzhou.aliyuncs.com', port=443): Max retries exceeded with url: /devices%2Fesp32-8B2D54%2Frequests%2Flatest.json (Caused by SSLError(SSLEOFError(8, 'EOF occurred in violation of protocol (_ssl.c:1002)')))

During handling of the above exception, another exception occurred:

Traceback (most recent call last):
  File "G:\1_Personal_File\chessAssistant\gitHub_Code\ChessAssistantCode\cloud\local_oss_ai_worker\.venv\Lib\site-packages\oss2\http.py", line 47, in do_request
    return Response(self.session.request(req.method, req.url,
                    ^^^^^^^^^^^^^^^^^^^^^^^^^^^^^^^^^^^^^^^^^
  File "G:\1_Personal_File\chessAssistant\gitHub_Code\ChessAssistantCode\cloud\local_oss_ai_worker\.venv\Lib\site-packages\requests\sessions.py", line 651, in request
    resp = self.send(prep, **send_kwargs)
           ^^^^^^^^^^^^^^^^^^^^^^^^^^^^^^
  File "G:\1_Personal_File\chessAssistant\gitHub_Code\ChessAssistantCode\cloud\local_oss_ai_worker\.venv\Lib\site-packages\requests\sessions.py", line 784, in send
    r = adapter.send(request, **kwargs)
        ^^^^^^^^^^^^^^^^^^^^^^^^^^^^^^^
  File "G:\1_Personal_File\chessAssistant\gitHub_Code\ChessAssistantCode\cloud\local_oss_ai_worker\.venv\Lib\site-packages\requests\adapters.py", line 727, in send
    raise SSLError(e, request=request)
requests.exceptions.SSLError: HTTPSConnectionPool(host='esp32-chess-assistant.oss-cn-hangzhou.aliyuncs.com', port=443): Max retries exceeded with url: /devices%2Fesp32-8B2D54%2Frequests%2Flatest.json (Caused by SSLError(SSLEOFError(8, 'EOF occurred in violation of protocol (_ssl.c:1002)')))

During handling of the above exception, another exception occurred:

Traceback (most recent call last):
  File "G:\1_Personal_File\chessAssistant\gitHub_Code\ChessAssistantCode\cloud\local_oss_ai_worker\worker.py", line 761, in main
    processed = process_one(bucket, args, state, device_id)
                ^^^^^^^^^^^^^^^^^^^^^^^^^^^^^^^^^^^^^^^^^^^
  File "G:\1_Personal_File\chessAssistant\gitHub_Code\ChessAssistantCode\cloud\local_oss_ai_worker\worker.py", line 644, in process_one
    manifest_key, manifest = read_manifest(bucket, device_id)
                             ^^^^^^^^^^^^^^^^^^^^^^^^^^^^^^^^
  File "G:\1_Personal_File\chessAssistant\gitHub_Code\ChessAssistantCode\cloud\local_oss_ai_worker\worker.py", line 597, in read_manifest
    body = bucket.get_object(manifest_key).read()
           ^^^^^^^^^^^^^^^^^^^^^^^^^^^^^^^
  File "G:\1_Personal_File\chessAssistant\gitHub_Code\ChessAssistantCode\cloud\local_oss_ai_worker\.venv\Lib\site-packages\oss2\api.py", line 1023, in get_object
    resp = self.__do_object('GET', key, headers=headers, params=params)
           ^^^^^^^^^^^^^^^^^^^^^^^^^^^^^^^^^^^^^^^^^^^^^^^^^^^^^^^^^^^^
  File "G:\1_Personal_File\chessAssistant\gitHub_Code\ChessAssistantCode\cloud\local_oss_ai_worker\.venv\Lib\site-packages\oss2\api.py", line 3392, in __do_object
    return self._do(method, self.bucket_name, key, **kwargs)
           ^^^^^^^^^^^^^^^^^^^^^^^^^^^^^^^^^^^^^^^^^^^^^^^^^
  File "G:\1_Personal_File\chessAssistant\gitHub_Code\ChessAssistantCode\cloud\local_oss_ai_worker\.venv\Lib\site-packages\oss2\api.py", line 237, in _do
    resp = self.session.do_request(req, timeout=self.timeout)
           ^^^^^^^^^^^^^^^^^^^^^^^^^^^^^^^^^^^^^^^^^^^^^^^^^^
  File "G:\1_Personal_File\chessAssistant\gitHub_Code\ChessAssistantCode\cloud\local_oss_ai_worker\.venv\Lib\site-packages\oss2\http.py", line 55, in do_request
    raise RequestError(e)
oss2.exceptions.RequestError: {'status': -2, 'x-oss-request-id': '', 'details': "RequestError: HTTPSConnectionPool(host='esp32-chess-assistant.oss-cn-hangzhou.aliyuncs.com', port=443): Max retries exceeded with url: /devices%2Fesp32-8B2D54%2Frequests%2Flatest.json (Caused by SSLError(SSLEOFError(8, 'EOF occurred in violation of protocol (_ssl.c:1002)')))"}
2026-07-15 23:39:43,214 ERROR oss_ai_worker: Worker iteration failed for device_id=esp32-C3F8D0
urllib3.exceptions.SSLError: EOF occurred in violation of protocol (_ssl.c:1002)

The above exception was the direct cause of the following exception:

Traceback (most recent call last):
  File "G:\1_Personal_File\chessAssistant\gitHub_Code\ChessAssistantCode\cloud\local_oss_ai_worker\.venv\Lib\site-packages\requests\adapters.py", line 696, in send
    resp = conn.urlopen(
           ^^^^^^^^^^^^^
  File "G:\1_Personal_File\chessAssistant\gitHub_Code\ChessAssistantCode\cloud\local_oss_ai_worker\.venv\Lib\site-packages\urllib3\connectionpool.py", line 842, in urlopen
    retries = retries.increment(
              ^^^^^^^^^^^^^^^^^^
  File "G:\1_Personal_File\chessAssistant\gitHub_Code\ChessAssistantCode\cloud\local_oss_ai_worker\.venv\Lib\site-packages\urllib3\util\retry.py", line 543, in increment
    raise MaxRetryError(_pool, url, reason) from reason  # type: ignore[arg-type]
    ^^^^^^^^^^^^^^^^^^^^^^^^^^^^^^^^^^^^^^^^^^^^^^^^^^^
urllib3.exceptions.MaxRetryError: HTTPSConnectionPool(host='esp32-chess-assistant.oss-cn-hangzhou.aliyuncs.com', port=443): Max retries exceeded with url: /devices%2Fesp32-C3F8D0%2Frequests%2Flatest.json (Caused by SSLError(SSLEOFError(8, 'EOF occurred in violation of protocol (_ssl.c:1002)')))

During handling of the above exception, another exception occurred:

Traceback (most recent call last):
  File "G:\1_Personal_File\chessAssistant\gitHub_Code\ChessAssistantCode\cloud\local_oss_ai_worker\.venv\Lib\site-packages\oss2\http.py", line 47, in do_request
    return Response(self.session.request(req.method, req.url,
                    ^^^^^^^^^^^^^^^^^^^^^^^^^^^^^^^^^^^^^^^^^
  File "G:\1_Personal_File\chessAssistant\gitHub_Code\ChessAssistantCode\cloud\local_oss_ai_worker\.venv\Lib\site-packages\requests\sessions.py", line 651, in request
    resp = self.send(prep, **send_kwargs)
           ^^^^^^^^^^^^^^^^^^^^^^^^^^^^^^
  File "G:\1_Personal_File\chessAssistant\gitHub_Code\ChessAssistantCode\cloud\local_oss_ai_worker\.venv\Lib\site-packages\requests\sessions.py", line 784, in send
    r = adapter.send(request, **kwargs)
        ^^^^^^^^^^^^^^^^^^^^^^^^^^^^^^^
  File "G:\1_Personal_File\chessAssistant\gitHub_Code\ChessAssistantCode\cloud\local_oss_ai_worker\.venv\Lib\site-packages\requests\adapters.py", line 727, in send
    raise SSLError(e, request=request)
requests.exceptions.SSLError: HTTPSConnectionPool(host='esp32-chess-assistant.oss-cn-hangzhou.aliyuncs.com', port=443): Max retries exceeded with url: /devices%2Fesp32-C3F8D0%2Frequests%2Flatest.json (Caused by SSLError(SSLEOFError(8, 'EOF occurred in violation of protocol (_ssl.c:1002)')))

During handling of the above exception, another exception occurred:

Traceback (most recent call last):
  File "G:\1_Personal_File\chessAssistant\gitHub_Code\ChessAssistantCode\cloud\local_oss_ai_worker\worker.py", line 761, in main
    processed = process_one(bucket, args, state, device_id)
                ^^^^^^^^^^^^^^^^^^^^^^^^^^^^^^^^^^^^^^^^^^^
  File "G:\1_Personal_File\chessAssistant\gitHub_Code\ChessAssistantCode\cloud\local_oss_ai_worker\worker.py", line 644, in process_one
    manifest_key, manifest = read_manifest(bucket, device_id)
                             ^^^^^^^^^^^^^^^^^^^^^^^^^^^^^^^^
  File "G:\1_Personal_File\chessAssistant\gitHub_Code\ChessAssistantCode\cloud\local_oss_ai_worker\worker.py", line 597, in read_manifest
    body = bucket.get_object(manifest_key).read()
           ^^^^^^^^^^^^^^^^^^^^^^^^^^^^^^^
  File "G:\1_Personal_File\chessAssistant\gitHub_Code\ChessAssistantCode\cloud\local_oss_ai_worker\.venv\Lib\site-packages\oss2\api.py", line 1023, in get_object
    resp = self.__do_object('GET', key, headers=headers, params=params)
           ^^^^^^^^^^^^^^^^^^^^^^^^^^^^^^^^^^^^^^^^^^^^^^^^^^^^^^^^^^^^
  File "G:\1_Personal_File\chessAssistant\gitHub_Code\ChessAssistantCode\cloud\local_oss_ai_worker\.venv\Lib\site-packages\oss2\api.py", line 3392, in __do_object
    return self._do(method, self.bucket_name, key, **kwargs)
           ^^^^^^^^^^^^^^^^^^^^^^^^^^^^^^^^^^^^^^^^^^^^^^^^^
  File "G:\1_Personal_File\chessAssistant\gitHub_Code\ChessAssistantCode\cloud\local_oss_ai_worker\.venv\Lib\site-packages\oss2\api.py", line 237, in _do
    resp = self.session.do_request(req, timeout=self.timeout)
           ^^^^^^^^^^^^^^^^^^^^^^^^^^^^^^^^^^^^^^^^^^^^^^^^^^
  File "G:\1_Personal_File\chessAssistant\gitHub_Code\ChessAssistantCode\cloud\local_oss_ai_worker\.venv\Lib\site-packages\oss2\http.py", line 55, in do_request
    raise RequestError(e)
oss2.exceptions.RequestError: {'status': -2, 'x-oss-request-id': '', 'details': "RequestError: HTTPSConnectionPool(host='esp32-chess-assistant.oss-cn-hangzhou.aliyuncs.com', port=443): Max retries exceeded with url: /devices%2Fesp32-C3F8D0%2Frequests%2Flatest.json (Caused by SSLError(SSLEOFError(8, 'EOF occurred in violation of protocol (_ssl.c:1002)')))"}
2026-07-15 23:39:44,595 ERROR oss_ai_worker: Worker iteration failed for device_id=chess-441BF6C3F8D0
urllib3.exceptions.SSLError: EOF occurred in violation of protocol (_ssl.c:1002)

The above exception was the direct cause of the following exception:

Traceback (most recent call last):
  File "G:\1_Personal_File\chessAssistant\gitHub_Code\ChessAssistantCode\cloud\local_oss_ai_worker\.venv\Lib\site-packages\requests\adapters.py", line 696, in send
    resp = conn.urlopen(
           ^^^^^^^^^^^^^
  File "G:\1_Personal_File\chessAssistant\gitHub_Code\ChessAssistantCode\cloud\local_oss_ai_worker\.venv\Lib\site-packages\urllib3\connectionpool.py", line 842, in urlopen
    retries = retries.increment(
              ^^^^^^^^^^^^^^^^^^
  File "G:\1_Personal_File\chessAssistant\gitHub_Code\ChessAssistantCode\cloud\local_oss_ai_worker\.venv\Lib\site-packages\urllib3\util\retry.py", line 543, in increment
    raise MaxRetryError(_pool, url, reason) from reason  # type: ignore[arg-type]
    ^^^^^^^^^^^^^^^^^^^^^^^^^^^^^^^^^^^^^^^^^^^^^^^^^^^
urllib3.exceptions.MaxRetryError: HTTPSConnectionPool(host='esp32-chess-assistant.oss-cn-hangzhou.aliyuncs.com', port=443): Max retries exceeded with url: /devices%2Fchess-441BF6C3F8D0%2Frequests%2Flatest.json (Caused by SSLError(SSLEOFError(8, 'EOF occurred in violation of protocol (_ssl.c:1002)')))

During handling of the above exception, another exception occurred:

Traceback (most recent call last):
  File "G:\1_Personal_File\chessAssistant\gitHub_Code\ChessAssistantCode\cloud\local_oss_ai_worker\.venv\Lib\site-packages\oss2\http.py", line 47, in do_request
    return Response(self.session.request(req.method, req.url,
                    ^^^^^^^^^^^^^^^^^^^^^^^^^^^^^^^^^^^^^^^^^
  File "G:\1_Personal_File\chessAssistant\gitHub_Code\ChessAssistantCode\cloud\local_oss_ai_worker\.venv\Lib\site-packages\requests\sessions.py", line 651, in request
    resp = self.send(prep, **send_kwargs)
           ^^^^^^^^^^^^^^^^^^^^^^^^^^^^^^
  File "G:\1_Personal_File\chessAssistant\gitHub_Code\ChessAssistantCode\cloud\local_oss_ai_worker\.venv\Lib\site-packages\requests\sessions.py", line 784, in send
    r = adapter.send(request, **kwargs)
        ^^^^^^^^^^^^^^^^^^^^^^^^^^^^^^^
  File "G:\1_Personal_File\chessAssistant\gitHub_Code\ChessAssistantCode\cloud\local_oss_ai_worker\.venv\Lib\site-packages\requests\adapters.py", line 727, in send
    raise SSLError(e, request=request)
requests.exceptions.SSLError: HTTPSConnectionPool(host='esp32-chess-assistant.oss-cn-hangzhou.aliyuncs.com', port=443): Max retries exceeded with url: /devices%2Fchess-441BF6C3F8D0%2Frequests%2Flatest.json (Caused by SSLError(SSLEOFError(8, 'EOF occurred in violation of protocol (_ssl.c:1002)')))

During handling of the above exception, another exception occurred:

Traceback (most recent call last):
  File "G:\1_Personal_File\chessAssistant\gitHub_Code\ChessAssistantCode\cloud\local_oss_ai_worker\worker.py", line 761, in main
    processed = process_one(bucket, args, state, device_id)
                ^^^^^^^^^^^^^^^^^^^^^^^^^^^^^^^^^^^^^^^^^^^
  File "G:\1_Personal_File\chessAssistant\gitHub_Code\ChessAssistantCode\cloud\local_oss_ai_worker\worker.py", line 644, in process_one
    manifest_key, manifest = read_manifest(bucket, device_id)
                             ^^^^^^^^^^^^^^^^^^^^^^^^^^^^^^^^
  File "G:\1_Personal_File\chessAssistant\gitHub_Code\ChessAssistantCode\cloud\local_oss_ai_worker\worker.py", line 597, in read_manifest
    body = bucket.get_object(manifest_key).read()
           ^^^^^^^^^^^^^^^^^^^^^^^^^^^^^^^
  File "G:\1_Personal_File\chessAssistant\gitHub_Code\ChessAssistantCode\cloud\local_oss_ai_worker\.venv\Lib\site-packages\oss2\api.py", line 1023, in get_object
    resp = self.__do_object('GET', key, headers=headers, params=params)
           ^^^^^^^^^^^^^^^^^^^^^^^^^^^^^^^^^^^^^^^^^^^^^^^^^^^^^^^^^^^^
  File "G:\1_Personal_File\chessAssistant\gitHub_Code\ChessAssistantCode\cloud\local_oss_ai_worker\.venv\Lib\site-packages\oss2\api.py", line 3392, in __do_object
    return self._do(method, self.bucket_name, key, **kwargs)
           ^^^^^^^^^^^^^^^^^^^^^^^^^^^^^^^^^^^^^^^^^^^^^^^^^
  File "G:\1_Personal_File\chessAssistant\gitHub_Code\ChessAssistantCode\cloud\local_oss_ai_worker\.venv\Lib\site-packages\oss2\api.py", line 237, in _do
    resp = self.session.do_request(req, timeout=self.timeout)
           ^^^^^^^^^^^^^^^^^^^^^^^^^^^^^^^^^^^^^^^^^^^^^^^^^^
  File "G:\1_Personal_File\chessAssistant\gitHub_Code\ChessAssistantCode\cloud\local_oss_ai_worker\.venv\Lib\site-packages\oss2\http.py", line 55, in do_request
    raise RequestError(e)
oss2.exceptions.RequestError: {'status': -2, 'x-oss-request-id': '', 'details': "RequestError: HTTPSConnectionPool(host='esp32-chess-assistant.oss-cn-hangzhou.aliyuncs.com', port=443): Max retries exceeded with url: /devices%2Fchess-441BF6C3F8D0%2Frequests%2Flatest.json (Caused by SSLError(SSLEOFError(8, 'EOF occurred in violation of protocol (_ssl.c:1002)')))"}
2026-07-15 23:39:44,747 ERROR oss_ai_worker: Worker iteration failed for device_id=esp32-8B2D54
urllib3.exceptions.SSLError: EOF occurred in violation of protocol (_ssl.c:1002)

The above exception was the direct cause of the following exception:

Traceback (most recent call last):
  File "G:\1_Personal_File\chessAssistant\gitHub_Code\ChessAssistantCode\cloud\local_oss_ai_worker\.venv\Lib\site-packages\requests\adapters.py", line 696, in send
    resp = conn.urlopen(
           ^^^^^^^^^^^^^
  File "G:\1_Personal_File\chessAssistant\gitHub_Code\ChessAssistantCode\cloud\local_oss_ai_worker\.venv\Lib\site-packages\urllib3\connectionpool.py", line 842, in urlopen
    retries = retries.increment(
              ^^^^^^^^^^^^^^^^^^
  File "G:\1_Personal_File\chessAssistant\gitHub_Code\ChessAssistantCode\cloud\local_oss_ai_worker\.venv\Lib\site-packages\urllib3\util\retry.py", line 543, in increment
    raise MaxRetryError(_pool, url, reason) from reason  # type: ignore[arg-type]
    ^^^^^^^^^^^^^^^^^^^^^^^^^^^^^^^^^^^^^^^^^^^^^^^^^^^
urllib3.exceptions.MaxRetryError: HTTPSConnectionPool(host='esp32-chess-assistant.oss-cn-hangzhou.aliyuncs.com', port=443): Max retries exceeded with url: /devices%2Fesp32-8B2D54%2Frequests%2Flatest.json (Caused by SSLError(SSLEOFError(8, 'EOF occurred in violation of protocol (_ssl.c:1002)')))

During handling of the above exception, another exception occurred:

Traceback (most recent call last):
  File "G:\1_Personal_File\chessAssistant\gitHub_Code\ChessAssistantCode\cloud\local_oss_ai_worker\.venv\Lib\site-packages\oss2\http.py", line 47, in do_request
    return Response(self.session.request(req.method, req.url,
                    ^^^^^^^^^^^^^^^^^^^^^^^^^^^^^^^^^^^^^^^^^
  File "G:\1_Personal_File\chessAssistant\gitHub_Code\ChessAssistantCode\cloud\local_oss_ai_worker\.venv\Lib\site-packages\requests\sessions.py", line 651, in request
    resp = self.send(prep, **send_kwargs)
           ^^^^^^^^^^^^^^^^^^^^^^^^^^^^^^
  File "G:\1_Personal_File\chessAssistant\gitHub_Code\ChessAssistantCode\cloud\local_oss_ai_worker\.venv\Lib\site-packages\requests\sessions.py", line 784, in send
    r = adapter.send(request, **kwargs)
        ^^^^^^^^^^^^^^^^^^^^^^^^^^^^^^^
  File "G:\1_Personal_File\chessAssistant\gitHub_Code\ChessAssistantCode\cloud\local_oss_ai_worker\.venv\Lib\site-packages\requests\adapters.py", line 727, in send
    raise SSLError(e, request=request)
requests.exceptions.SSLError: HTTPSConnectionPool(host='esp32-chess-assistant.oss-cn-hangzhou.aliyuncs.com', port=443): Max retries exceeded with url: /devices%2Fesp32-8B2D54%2Frequests%2Flatest.json (Caused by SSLError(SSLEOFError(8, 'EOF occurred in violation of protocol (_ssl.c:1002)')))

During handling of the above exception, another exception occurred:

Traceback (most recent call last):
  File "G:\1_Personal_File\chessAssistant\gitHub_Code\ChessAssistantCode\cloud\local_oss_ai_worker\worker.py", line 761, in main
    processed = process_one(bucket, args, state, device_id)
                ^^^^^^^^^^^^^^^^^^^^^^^^^^^^^^^^^^^^^^^^^^^
  File "G:\1_Personal_File\chessAssistant\gitHub_Code\ChessAssistantCode\cloud\local_oss_ai_worker\worker.py", line 644, in process_one
    manifest_key, manifest = read_manifest(bucket, device_id)
                             ^^^^^^^^^^^^^^^^^^^^^^^^^^^^^^^^
  File "G:\1_Personal_File\chessAssistant\gitHub_Code\ChessAssistantCode\cloud\local_oss_ai_worker\worker.py", line 597, in read_manifest
    body = bucket.get_object(manifest_key).read()
           ^^^^^^^^^^^^^^^^^^^^^^^^^^^^^^^
  File "G:\1_Personal_File\chessAssistant\gitHub_Code\ChessAssistantCode\cloud\local_oss_ai_worker\.venv\Lib\site-packages\oss2\api.py", line 1023, in get_object
    resp = self.__do_object('GET', key, headers=headers, params=params)
           ^^^^^^^^^^^^^^^^^^^^^^^^^^^^^^^^^^^^^^^^^^^^^^^^^^^^^^^^^^^^
  File "G:\1_Personal_File\chessAssistant\gitHub_Code\ChessAssistantCode\cloud\local_oss_ai_worker\.venv\Lib\site-packages\oss2\api.py", line 3392, in __do_object
    return self._do(method, self.bucket_name, key, **kwargs)
           ^^^^^^^^^^^^^^^^^^^^^^^^^^^^^^^^^^^^^^^^^^^^^^^^^
  File "G:\1_Personal_File\chessAssistant\gitHub_Code\ChessAssistantCode\cloud\local_oss_ai_worker\.venv\Lib\site-packages\oss2\api.py", line 237, in _do
    resp = self.session.do_request(req, timeout=self.timeout)
           ^^^^^^^^^^^^^^^^^^^^^^^^^^^^^^^^^^^^^^^^^^^^^^^^^^
  File "G:\1_Personal_File\chessAssistant\gitHub_Code\ChessAssistantCode\cloud\local_oss_ai_worker\.venv\Lib\site-packages\oss2\http.py", line 55, in do_request
    raise RequestError(e)
oss2.exceptions.RequestError: {'status': -2, 'x-oss-request-id': '', 'details': "RequestError: HTTPSConnectionPool(host='esp32-chess-assistant.oss-cn-hangzhou.aliyuncs.com', port=443): Max retries exceeded with url: /devices%2Fesp32-8B2D54%2Frequests%2Flatest.json (Caused by SSLError(SSLEOFError(8, 'EOF occurred in violation of protocol (_ssl.c:1002)')))"}
2026-07-15 23:39:45,155 ERROR oss_ai_worker: Worker iteration failed for device_id=esp32-C3F8D0
urllib3.exceptions.SSLError: EOF occurred in violation of protocol (_ssl.c:1002)

The above exception was the direct cause of the following exception:

Traceback (most recent call last):
  File "G:\1_Personal_File\chessAssistant\gitHub_Code\ChessAssistantCode\cloud\local_oss_ai_worker\.venv\Lib\site-packages\requests\adapters.py", line 696, in send
    resp = conn.urlopen(
           ^^^^^^^^^^^^^
  File "G:\1_Personal_File\chessAssistant\gitHub_Code\ChessAssistantCode\cloud\local_oss_ai_worker\.venv\Lib\site-packages\urllib3\connectionpool.py", line 842, in urlopen
    retries = retries.increment(
              ^^^^^^^^^^^^^^^^^^
  File "G:\1_Personal_File\chessAssistant\gitHub_Code\ChessAssistantCode\cloud\local_oss_ai_worker\.venv\Lib\site-packages\urllib3\util\retry.py", line 543, in increment
    raise MaxRetryError(_pool, url, reason) from reason  # type: ignore[arg-type]
    ^^^^^^^^^^^^^^^^^^^^^^^^^^^^^^^^^^^^^^^^^^^^^^^^^^^
urllib3.exceptions.MaxRetryError: HTTPSConnectionPool(host='esp32-chess-assistant.oss-cn-hangzhou.aliyuncs.com', port=443): Max retries exceeded with url: /devices%2Fesp32-C3F8D0%2Frequests%2Flatest.json (Caused by SSLError(SSLEOFError(8, 'EOF occurred in violation of protocol (_ssl.c:1002)')))

During handling of the above exception, another exception occurred:

Traceback (most recent call last):
  File "G:\1_Personal_File\chessAssistant\gitHub_Code\ChessAssistantCode\cloud\local_oss_ai_worker\.venv\Lib\site-packages\oss2\http.py", line 47, in do_request
    return Response(self.session.request(req.method, req.url,
                    ^^^^^^^^^^^^^^^^^^^^^^^^^^^^^^^^^^^^^^^^^
  File "G:\1_Personal_File\chessAssistant\gitHub_Code\ChessAssistantCode\cloud\local_oss_ai_worker\.venv\Lib\site-packages\requests\sessions.py", line 651, in request
    resp = self.send(prep, **send_kwargs)
           ^^^^^^^^^^^^^^^^^^^^^^^^^^^^^^
  File "G:\1_Personal_File\chessAssistant\gitHub_Code\ChessAssistantCode\cloud\local_oss_ai_worker\.venv\Lib\site-packages\requests\sessions.py", line 784, in send
    r = adapter.send(request, **kwargs)
        ^^^^^^^^^^^^^^^^^^^^^^^^^^^^^^^
  File "G:\1_Personal_File\chessAssistant\gitHub_Code\ChessAssistantCode\cloud\local_oss_ai_worker\.venv\Lib\site-packages\requests\adapters.py", line 727, in send
    raise SSLError(e, request=request)
requests.exceptions.SSLError: HTTPSConnectionPool(host='esp32-chess-assistant.oss-cn-hangzhou.aliyuncs.com', port=443): Max retries exceeded with url: /devices%2Fesp32-C3F8D0%2Frequests%2Flatest.json (Caused by SSLError(SSLEOFError(8, 'EOF occurred in violation of protocol (_ssl.c:1002)')))

During handling of the above exception, another exception occurred:

Traceback (most recent call last):
  File "G:\1_Personal_File\chessAssistant\gitHub_Code\ChessAssistantCode\cloud\local_oss_ai_worker\worker.py", line 761, in main
    processed = process_one(bucket, args, state, device_id)
                ^^^^^^^^^^^^^^^^^^^^^^^^^^^^^^^^^^^^^^^^^^^
  File "G:\1_Personal_File\chessAssistant\gitHub_Code\ChessAssistantCode\cloud\local_oss_ai_worker\worker.py", line 644, in process_one
    manifest_key, manifest = read_manifest(bucket, device_id)
                             ^^^^^^^^^^^^^^^^^^^^^^^^^^^^^^^^
  File "G:\1_Personal_File\chessAssistant\gitHub_Code\ChessAssistantCode\cloud\local_oss_ai_worker\worker.py", line 597, in read_manifest
    body = bucket.get_object(manifest_key).read()
           ^^^^^^^^^^^^^^^^^^^^^^^^^^^^^^^
  File "G:\1_Personal_File\chessAssistant\gitHub_Code\ChessAssistantCode\cloud\local_oss_ai_worker\.venv\Lib\site-packages\oss2\api.py", line 1023, in get_object
    resp = self.__do_object('GET', key, headers=headers, params=params)
           ^^^^^^^^^^^^^^^^^^^^^^^^^^^^^^^^^^^^^^^^^^^^^^^^^^^^^^^^^^^^
  File "G:\1_Personal_File\chessAssistant\gitHub_Code\ChessAssistantCode\cloud\local_oss_ai_worker\.venv\Lib\site-packages\oss2\api.py", line 3392, in __do_object
    return self._do(method, self.bucket_name, key, **kwargs)
           ^^^^^^^^^^^^^^^^^^^^^^^^^^^^^^^^^^^^^^^^^^^^^^^^^
  File "G:\1_Personal_File\chessAssistant\gitHub_Code\ChessAssistantCode\cloud\local_oss_ai_worker\.venv\Lib\site-packages\oss2\api.py", line 237, in _do
    resp = self.session.do_request(req, timeout=self.timeout)
           ^^^^^^^^^^^^^^^^^^^^^^^^^^^^^^^^^^^^^^^^^^^^^^^^^^
  File "G:\1_Personal_File\chessAssistant\gitHub_Code\ChessAssistantCode\cloud\local_oss_ai_worker\.venv\Lib\site-packages\oss2\http.py", line 55, in do_request
    raise RequestError(e)
oss2.exceptions.RequestError: {'status': -2, 'x-oss-request-id': '', 'details': "RequestError: HTTPSConnectionPool(host='esp32-chess-assistant.oss-cn-hangzhou.aliyuncs.com', port=443): Max retries exceeded with url: /devices%2Fesp32-C3F8D0%2Frequests%2Flatest.json (Caused by SSLError(SSLEOFError(8, 'EOF occurred in violation of protocol (_ssl.c:1002)')))"}
2026-07-15 23:39:46,358 ERROR oss_ai_worker: Worker iteration failed for device_id=chess-441BF6C3F8D0
urllib3.exceptions.SSLError: EOF occurred in violation of protocol (_ssl.c:1002)

The above exception was the direct cause of the following exception:

Traceback (most recent call last):
  File "G:\1_Personal_File\chessAssistant\gitHub_Code\ChessAssistantCode\cloud\local_oss_ai_worker\.venv\Lib\site-packages\requests\adapters.py", line 696, in send
    resp = conn.urlopen(
           ^^^^^^^^^^^^^
  File "G:\1_Personal_File\chessAssistant\gitHub_Code\ChessAssistantCode\cloud\local_oss_ai_worker\.venv\Lib\site-packages\urllib3\connectionpool.py", line 842, in urlopen
    retries = retries.increment(
              ^^^^^^^^^^^^^^^^^^
  File "G:\1_Personal_File\chessAssistant\gitHub_Code\ChessAssistantCode\cloud\local_oss_ai_worker\.venv\Lib\site-packages\urllib3\util\retry.py", line 543, in increment
    raise MaxRetryError(_pool, url, reason) from reason  # type: ignore[arg-type]
    ^^^^^^^^^^^^^^^^^^^^^^^^^^^^^^^^^^^^^^^^^^^^^^^^^^^
urllib3.exceptions.MaxRetryError: HTTPSConnectionPool(host='esp32-chess-assistant.oss-cn-hangzhou.aliyuncs.com', port=443): Max retries exceeded with url: /devices%2Fchess-441BF6C3F8D0%2Frequests%2Flatest.json (Caused by SSLError(SSLEOFError(8, 'EOF occurred in violation of protocol (_ssl.c:1002)')))

During handling of the above exception, another exception occurred:

Traceback (most recent call last):
  File "G:\1_Personal_File\chessAssistant\gitHub_Code\ChessAssistantCode\cloud\local_oss_ai_worker\.venv\Lib\site-packages\oss2\http.py", line 47, in do_request
    return Response(self.session.request(req.method, req.url,
                    ^^^^^^^^^^^^^^^^^^^^^^^^^^^^^^^^^^^^^^^^^
  File "G:\1_Personal_File\chessAssistant\gitHub_Code\ChessAssistantCode\cloud\local_oss_ai_worker\.venv\Lib\site-packages\requests\sessions.py", line 651, in request
    resp = self.send(prep, **send_kwargs)
           ^^^^^^^^^^^^^^^^^^^^^^^^^^^^^^
  File "G:\1_Personal_File\chessAssistant\gitHub_Code\ChessAssistantCode\cloud\local_oss_ai_worker\.venv\Lib\site-packages\requests\sessions.py", line 784, in send
    r = adapter.send(request, **kwargs)
        ^^^^^^^^^^^^^^^^^^^^^^^^^^^^^^^
  File "G:\1_Personal_File\chessAssistant\gitHub_Code\ChessAssistantCode\cloud\local_oss_ai_worker\.venv\Lib\site-packages\requests\adapters.py", line 727, in send
    raise SSLError(e, request=request)
requests.exceptions.SSLError: HTTPSConnectionPool(host='esp32-chess-assistant.oss-cn-hangzhou.aliyuncs.com', port=443): Max retries exceeded with url: /devices%2Fchess-441BF6C3F8D0%2Frequests%2Flatest.json (Caused by SSLError(SSLEOFError(8, 'EOF occurred in violation of protocol (_ssl.c:1002)')))

During handling of the above exception, another exception occurred:

Traceback (most recent call last):
  File "G:\1_Personal_File\chessAssistant\gitHub_Code\ChessAssistantCode\cloud\local_oss_ai_worker\worker.py", line 761, in main
    processed = process_one(bucket, args, state, device_id)
                ^^^^^^^^^^^^^^^^^^^^^^^^^^^^^^^^^^^^^^^^^^^
  File "G:\1_Personal_File\chessAssistant\gitHub_Code\ChessAssistantCode\cloud\local_oss_ai_worker\worker.py", line 644, in process_one
    manifest_key, manifest = read_manifest(bucket, device_id)
                             ^^^^^^^^^^^^^^^^^^^^^^^^^^^^^^^^
  File "G:\1_Personal_File\chessAssistant\gitHub_Code\ChessAssistantCode\cloud\local_oss_ai_worker\worker.py", line 597, in read_manifest
    body = bucket.get_object(manifest_key).read()
           ^^^^^^^^^^^^^^^^^^^^^^^^^^^^^^^
  File "G:\1_Personal_File\chessAssistant\gitHub_Code\ChessAssistantCode\cloud\local_oss_ai_worker\.venv\Lib\site-packages\oss2\api.py", line 1023, in get_object
    resp = self.__do_object('GET', key, headers=headers, params=params)
           ^^^^^^^^^^^^^^^^^^^^^^^^^^^^^^^^^^^^^^^^^^^^^^^^^^^^^^^^^^^^
  File "G:\1_Personal_File\chessAssistant\gitHub_Code\ChessAssistantCode\cloud\local_oss_ai_worker\.venv\Lib\site-packages\oss2\api.py", line 3392, in __do_object
    return self._do(method, self.bucket_name, key, **kwargs)
           ^^^^^^^^^^^^^^^^^^^^^^^^^^^^^^^^^^^^^^^^^^^^^^^^^
  File "G:\1_Personal_File\chessAssistant\gitHub_Code\ChessAssistantCode\cloud\local_oss_ai_worker\.venv\Lib\site-packages\oss2\api.py", line 237, in _do
    resp = self.session.do_request(req, timeout=self.timeout)
           ^^^^^^^^^^^^^^^^^^^^^^^^^^^^^^^^^^^^^^^^^^^^^^^^^^
  File "G:\1_Personal_File\chessAssistant\gitHub_Code\ChessAssistantCode\cloud\local_oss_ai_worker\.venv\Lib\site-packages\oss2\http.py", line 55, in do_request
    raise RequestError(e)
oss2.exceptions.RequestError: {'status': -2, 'x-oss-request-id': '', 'details': "RequestError: HTTPSConnectionPool(host='esp32-chess-assistant.oss-cn-hangzhou.aliyuncs.com', port=443): Max retries exceeded with url: /devices%2Fchess-441BF6C3F8D0%2Frequests%2Flatest.json (Caused by SSLError(SSLEOFError(8, 'EOF occurred in violation of protocol (_ssl.c:1002)')))"}
2026-07-15 23:39:46,481 ERROR oss_ai_worker: Worker iteration failed for device_id=esp32-8B2D54
urllib3.exceptions.SSLError: EOF occurred in violation of protocol (_ssl.c:1002)

The above exception was the direct cause of the following exception:

Traceback (most recent call last):
  File "G:\1_Personal_File\chessAssistant\gitHub_Code\ChessAssistantCode\cloud\local_oss_ai_worker\.venv\Lib\site-packages\requests\adapters.py", line 696, in send
    resp = conn.urlopen(
           ^^^^^^^^^^^^^
  File "G:\1_Personal_File\chessAssistant\gitHub_Code\ChessAssistantCode\cloud\local_oss_ai_worker\.venv\Lib\site-packages\urllib3\connectionpool.py", line 842, in urlopen
    retries = retries.increment(
              ^^^^^^^^^^^^^^^^^^
  File "G:\1_Personal_File\chessAssistant\gitHub_Code\ChessAssistantCode\cloud\local_oss_ai_worker\.venv\Lib\site-packages\urllib3\util\retry.py", line 543, in increment
    raise MaxRetryError(_pool, url, reason) from reason  # type: ignore[arg-type]
    ^^^^^^^^^^^^^^^^^^^^^^^^^^^^^^^^^^^^^^^^^^^^^^^^^^^
urllib3.exceptions.MaxRetryError: HTTPSConnectionPool(host='esp32-chess-assistant.oss-cn-hangzhou.aliyuncs.com', port=443): Max retries exceeded with url: /devices%2Fesp32-8B2D54%2Frequests%2Flatest.json (Caused by SSLError(SSLEOFError(8, 'EOF occurred in violation of protocol (_ssl.c:1002)')))

During handling of the above exception, another exception occurred:

Traceback (most recent call last):
  File "G:\1_Personal_File\chessAssistant\gitHub_Code\ChessAssistantCode\cloud\local_oss_ai_worker\.venv\Lib\site-packages\oss2\http.py", line 47, in do_request
    return Response(self.session.request(req.method, req.url,
                    ^^^^^^^^^^^^^^^^^^^^^^^^^^^^^^^^^^^^^^^^^
  File "G:\1_Personal_File\chessAssistant\gitHub_Code\ChessAssistantCode\cloud\local_oss_ai_worker\.venv\Lib\site-packages\requests\sessions.py", line 651, in request
    resp = self.send(prep, **send_kwargs)
           ^^^^^^^^^^^^^^^^^^^^^^^^^^^^^^
  File "G:\1_Personal_File\chessAssistant\gitHub_Code\ChessAssistantCode\cloud\local_oss_ai_worker\.venv\Lib\site-packages\requests\sessions.py", line 784, in send
    r = adapter.send(request, **kwargs)
        ^^^^^^^^^^^^^^^^^^^^^^^^^^^^^^^
  File "G:\1_Personal_File\chessAssistant\gitHub_Code\ChessAssistantCode\cloud\local_oss_ai_worker\.venv\Lib\site-packages\requests\adapters.py", line 727, in send
    raise SSLError(e, request=request)
requests.exceptions.SSLError: HTTPSConnectionPool(host='esp32-chess-assistant.oss-cn-hangzhou.aliyuncs.com', port=443): Max retries exceeded with url: /devices%2Fesp32-8B2D54%2Frequests%2Flatest.json (Caused by SSLError(SSLEOFError(8, 'EOF occurred in violation of protocol (_ssl.c:1002)')))

During handling of the above exception, another exception occurred:

Traceback (most recent call last):
  File "G:\1_Personal_File\chessAssistant\gitHub_Code\ChessAssistantCode\cloud\local_oss_ai_worker\worker.py", line 761, in main
    processed = process_one(bucket, args, state, device_id)
                ^^^^^^^^^^^^^^^^^^^^^^^^^^^^^^^^^^^^^^^^^^^
  File "G:\1_Personal_File\chessAssistant\gitHub_Code\ChessAssistantCode\cloud\local_oss_ai_worker\worker.py", line 644, in process_one
    manifest_key, manifest = read_manifest(bucket, device_id)
                             ^^^^^^^^^^^^^^^^^^^^^^^^^^^^^^^^
  File "G:\1_Personal_File\chessAssistant\gitHub_Code\ChessAssistantCode\cloud\local_oss_ai_worker\worker.py", line 597, in read_manifest
    body = bucket.get_object(manifest_key).read()
           ^^^^^^^^^^^^^^^^^^^^^^^^^^^^^^^
  File "G:\1_Personal_File\chessAssistant\gitHub_Code\ChessAssistantCode\cloud\local_oss_ai_worker\.venv\Lib\site-packages\oss2\api.py", line 1023, in get_object
    resp = self.__do_object('GET', key, headers=headers, params=params)
           ^^^^^^^^^^^^^^^^^^^^^^^^^^^^^^^^^^^^^^^^^^^^^^^^^^^^^^^^^^^^
  File "G:\1_Personal_File\chessAssistant\gitHub_Code\ChessAssistantCode\cloud\local_oss_ai_worker\.venv\Lib\site-packages\oss2\api.py", line 3392, in __do_object
    return self._do(method, self.bucket_name, key, **kwargs)
           ^^^^^^^^^^^^^^^^^^^^^^^^^^^^^^^^^^^^^^^^^^^^^^^^^
  File "G:\1_Personal_File\chessAssistant\gitHub_Code\ChessAssistantCode\cloud\local_oss_ai_worker\.venv\Lib\site-packages\oss2\api.py", line 237, in _do
    resp = self.session.do_request(req, timeout=self.timeout)
           ^^^^^^^^^^^^^^^^^^^^^^^^^^^^^^^^^^^^^^^^^^^^^^^^^^
  File "G:\1_Personal_File\chessAssistant\gitHub_Code\ChessAssistantCode\cloud\local_oss_ai_worker\.venv\Lib\site-packages\oss2\http.py", line 55, in do_request
    raise RequestError(e)
oss2.exceptions.RequestError: {'status': -2, 'x-oss-request-id': '', 'details': "RequestError: HTTPSConnectionPool(host='esp32-chess-assistant.oss-cn-hangzhou.aliyuncs.com', port=443): Max retries exceeded with url: /devices%2Fesp32-8B2D54%2Frequests%2Flatest.json (Caused by SSLError(SSLEOFError(8, 'EOF occurred in violation of protocol (_ssl.c:1002)')))"}
2026-07-15 23:39:46,844 ERROR oss_ai_worker: Worker iteration failed for device_id=esp32-C3F8D0
urllib3.exceptions.SSLError: EOF occurred in violation of protocol (_ssl.c:1002)

The above exception was the direct cause of the following exception:

Traceback (most recent call last):
  File "G:\1_Personal_File\chessAssistant\gitHub_Code\ChessAssistantCode\cloud\local_oss_ai_worker\.venv\Lib\site-packages\requests\adapters.py", line 696, in send
    resp = conn.urlopen(
           ^^^^^^^^^^^^^
  File "G:\1_Personal_File\chessAssistant\gitHub_Code\ChessAssistantCode\cloud\local_oss_ai_worker\.venv\Lib\site-packages\urllib3\connectionpool.py", line 842, in urlopen
    retries = retries.increment(
              ^^^^^^^^^^^^^^^^^^
  File "G:\1_Personal_File\chessAssistant\gitHub_Code\ChessAssistantCode\cloud\local_oss_ai_worker\.venv\Lib\site-packages\urllib3\util\retry.py", line 543, in increment
    raise MaxRetryError(_pool, url, reason) from reason  # type: ignore[arg-type]
    ^^^^^^^^^^^^^^^^^^^^^^^^^^^^^^^^^^^^^^^^^^^^^^^^^^^
urllib3.exceptions.MaxRetryError: HTTPSConnectionPool(host='esp32-chess-assistant.oss-cn-hangzhou.aliyuncs.com', port=443): Max retries exceeded with url: /devices%2Fesp32-C3F8D0%2Frequests%2Flatest.json (Caused by SSLError(SSLEOFError(8, 'EOF occurred in violation of protocol (_ssl.c:1002)')))

During handling of the above exception, another exception occurred:

Traceback (most recent call last):
  File "G:\1_Personal_File\chessAssistant\gitHub_Code\ChessAssistantCode\cloud\local_oss_ai_worker\.venv\Lib\site-packages\oss2\http.py", line 47, in do_request
    return Response(self.session.request(req.method, req.url,
                    ^^^^^^^^^^^^^^^^^^^^^^^^^^^^^^^^^^^^^^^^^
  File "G:\1_Personal_File\chessAssistant\gitHub_Code\ChessAssistantCode\cloud\local_oss_ai_worker\.venv\Lib\site-packages\requests\sessions.py", line 651, in request
    resp = self.send(prep, **send_kwargs)
           ^^^^^^^^^^^^^^^^^^^^^^^^^^^^^^
  File "G:\1_Personal_File\chessAssistant\gitHub_Code\ChessAssistantCode\cloud\local_oss_ai_worker\.venv\Lib\site-packages\requests\sessions.py", line 784, in send
    r = adapter.send(request, **kwargs)
        ^^^^^^^^^^^^^^^^^^^^^^^^^^^^^^^
  File "G:\1_Personal_File\chessAssistant\gitHub_Code\ChessAssistantCode\cloud\local_oss_ai_worker\.venv\Lib\site-packages\requests\adapters.py", line 727, in send
    raise SSLError(e, request=request)
requests.exceptions.SSLError: HTTPSConnectionPool(host='esp32-chess-assistant.oss-cn-hangzhou.aliyuncs.com', port=443): Max retries exceeded with url: /devices%2Fesp32-C3F8D0%2Frequests%2Flatest.json (Caused by SSLError(SSLEOFError(8, 'EOF occurred in violation of protocol (_ssl.c:1002)')))

During handling of the above exception, another exception occurred:

Traceback (most recent call last):
  File "G:\1_Personal_File\chessAssistant\gitHub_Code\ChessAssistantCode\cloud\local_oss_ai_worker\worker.py", line 761, in main
    processed = process_one(bucket, args, state, device_id)
                ^^^^^^^^^^^^^^^^^^^^^^^^^^^^^^^^^^^^^^^^^^^
  File "G:\1_Personal_File\chessAssistant\gitHub_Code\ChessAssistantCode\cloud\local_oss_ai_worker\worker.py", line 644, in process_one
    manifest_key, manifest = read_manifest(bucket, device_id)
                             ^^^^^^^^^^^^^^^^^^^^^^^^^^^^^^^^
  File "G:\1_Personal_File\chessAssistant\gitHub_Code\ChessAssistantCode\cloud\local_oss_ai_worker\worker.py", line 597, in read_manifest
    body = bucket.get_object(manifest_key).read()
           ^^^^^^^^^^^^^^^^^^^^^^^^^^^^^^^
  File "G:\1_Personal_File\chessAssistant\gitHub_Code\ChessAssistantCode\cloud\local_oss_ai_worker\.venv\Lib\site-packages\oss2\api.py", line 1023, in get_object
    resp = self.__do_object('GET', key, headers=headers, params=params)
           ^^^^^^^^^^^^^^^^^^^^^^^^^^^^^^^^^^^^^^^^^^^^^^^^^^^^^^^^^^^^
  File "G:\1_Personal_File\chessAssistant\gitHub_Code\ChessAssistantCode\cloud\local_oss_ai_worker\.venv\Lib\site-packages\oss2\api.py", line 3392, in __do_object
    return self._do(method, self.bucket_name, key, **kwargs)
           ^^^^^^^^^^^^^^^^^^^^^^^^^^^^^^^^^^^^^^^^^^^^^^^^^
  File "G:\1_Personal_File\chessAssistant\gitHub_Code\ChessAssistantCode\cloud\local_oss_ai_worker\.venv\Lib\site-packages\oss2\api.py", line 237, in _do
    resp = self.session.do_request(req, timeout=self.timeout)
           ^^^^^^^^^^^^^^^^^^^^^^^^^^^^^^^^^^^^^^^^^^^^^^^^^^
  File "G:\1_Personal_File\chessAssistant\gitHub_Code\ChessAssistantCode\cloud\local_oss_ai_worker\.venv\Lib\site-packages\oss2\http.py", line 55, in do_request
    raise RequestError(e)
oss2.exceptions.RequestError: {'status': -2, 'x-oss-request-id': '', 'details': "RequestError: HTTPSConnectionPool(host='esp32-chess-assistant.oss-cn-hangzhou.aliyuncs.com', port=443): Max retries exceeded with url: /devices%2Fesp32-C3F8D0%2Frequests%2Flatest.json (Caused by SSLError(SSLEOFError(8, 'EOF occurred in violation of protocol (_ssl.c:1002)')))"}
